tipo,precio,area,habitaciones,baños,parqueaderos,nombre,latitud,longitud,espacios,axe,ppmc,pppz,axh,axa,new_index,garaje_bin,parq2
apartamento,2800000,69.0,2,2,1,la loma de los bernal,6.21942,-75.60111,5,13.8,40721.08579809159,584155.2990556138,34.5,4761.0,69.61370005095546,1,1
apartamento,3900000,100.0,3,2,2,asomadera no.1,6.2269646657,-75.5637089589,7,14.285714285714286,48571.57944764218,665557.1635311143,33.333333333333336,10000.0,83.03431247964855,1,4
apartamento,5500000,100.0,2,2,1,lalinde,6.212134,-75.56751,5,20.0,53427.21397778484,890320.987654321,50.0,10000.0,91.33513941276176,1,1
apartamento,6500000,129.0,3,4,0,santa maria de los angeles,6.18897,-75.57952,7,18.428571428571427,47391.397443391514,760224.6376811594,43.0,16641.0,81.01676224887126,0,0
apartamento,3200000,135.0,3,3,1,el velodromo,6.25555,-75.595,7,19.285714285714285,33048.78048780488,624423.9631336406,45.0,18225.0,56.497704981033166,1,1
apartamento,1800000,50.0,3,2,0,san javier no.2,6.2594,-75.61573,5,10.0,28571.428571428572,400000.0,16.666666666666668,2500.0,48.84356150178935,0,0
apartamento,3000000,88.0,4,2,0,los colores,6.26511,-75.58861,6,14.666666666666666,34639.764996907856,599064.1711229946,22.0,7744.0,59.21753222118996,0,0
apartamento,1300000,45.0,2,1,0,los angeles,6.25331,-75.55757,3,15.0,22614.840989399294,556521.7391304348,22.5,2025.0,38.66062818516189,0,0
apartamento,3300000,147.0,4,4,0,calasanz parte alta,6.26684,-75.6003,8,18.375,33556.33802816901,458173.07692307694,36.75,21609.0,57.36538710887971,0,0
apartamento,3500000,50.0,2,2,1,castropol,6.21776,-75.56897,5,10.0,48917.86962109346,739745.95924104,25.0,2500.0,83.62630406810368,1,1
apartamento,2350000,116.0,3,2,0,la floresta,6.25712,-75.60341,5,23.2,27946.058091286308,552049.1803278689,38.666666666666664,13456.0,47.77447524900123,0,0
apartamento,3300000,85.0,2,2,1,el velodromo,6.25684,-75.5976,5,17.0,33048.78048780488,624423.9631336406,42.5,7225.0,56.497704981033166,1,1
apartamento,3300000,90.0,3,2,1,la gloria,6.220761299133301,-75.60140991210938,6,15.0,34291.07710077967,552325.5813953489,30.0,8100.0,58.62144166670863,1,1
casa,8150000,185.0,4,4,2,la aguacatala,6.198534965515137,-75.57560729980469,10,18.5,51442.75043487159,795490.506329114,46.25,34225.0,87.9426500640398,1,4
apartamento,8500000,170.0,4,5,2,los naranjos,6.19687568,-75.5581997,11,15.454545454545455,49565.6761295771,827000.8873114464,42.5,28900.0,84.733745264447,1,4
apartamento,6000000,84.0,2,2,2,villa carlota,6.22194557,-75.57394646,6,14.0,54977.83356366141,748492.5201380898,42.0,7056.0,93.98596182156422,1,4
apartamento,6500000,89.0,3,2,1,asomadera no.1,6.22575066,-75.56116009,6,14.833333333333334,48571.57944764218,665557.1635311143,29.666666666666668,7921.0,83.03431247964855,1,1
apartamento,7500000,117.0,3,3,2,san lucas,6.1867867476,-75.5675993672,8,14.625,47354.22828936933,904097.3871733967,39.0,13689.0,80.95322066375543,1,4
apartamento,4000000,90.0,2,2,1,los naranjos,6.195285797119141,-75.56262969970703,5,18.0,49565.6761295771,827000.8873114464,45.0,8100.0,84.733745264447,1,1
apartamento,6000000,112.0,2,2,2,laureles,6.24325537868836,-75.59557005463272,6,18.666666666666668,37952.470484611345,680619.6840826245,56.0,12544.0,64.88068391909857,1,4
apartamento,7250000,140.0,2,3,2,los balsos no.1,6.188672065734863,-75.5626449584961,7,20.0,48115.75526148983,871145.722446916,70.0,19600.0,82.2550697961868,1,4
apartamento,4950000,90.0,3,2,2,la aguacatala,6.196782112121582,-75.5768814086914,7,12.857142857142858,51442.75043487159,795490.506329114,30.0,8100.0,87.9426500640398,1,4
apartamento,7700000,154.0,2,3,2,el tesoro,6.200811386108398,-75.55965423583984,7,22.0,46307.752975324685,855149.2240350179,77.0,23716.0,79.1642453160979,1,4
apartamento,7300000,180.0,3,4,2,los balsos no.1,6.1900913167,-75.5670476021,9,20.0,48115.75526148983,871145.722446916,60.0,32400.0,82.2550697961868,1,4
apartamento,3600000,65.0,3,2,1,san diego,6.233273029327393,-75.5691146850586,6,10.833333333333334,47227.322103995706,654899.8185117968,21.666666666666668,4225.0,80.73627141129654,1,1
apartamento,6000000,105.0,2,3,2,asomadera no.3,6.21844179,-75.55540098,7,15.0,56742.24343675418,834210.5263157894,52.5,11025.0,97.0022639968412,1,4
apartamento,8000000,198.0,3,5,2,las lomas no.2,6.2077795,-75.5569774,10,19.8,41861.648016276704,816005.6657223796,66.0,39204.0,71.56351928072442,1,4
casa,4000000,60.0,2,2,0,lorena,6.2479699,-75.600142,4,15.0,35721.295387634935,652329.7491039427,30.0,3600.0,61.06643508663359,0,0
apartamento,2500000,85.0,3,2,1,santa teresita,6.2441861,-75.6141263,6,14.166666666666666,26323.37946103423,520028.77697841724,28.333333333333332,7225.0,45.00046612739874,1,1
apartamento,8000000,160.0,4,5,2,san lucas,6.1791914,-75.5614717,11,14.545454545454545,47354.22828936933,904097.3871733967,40.0,25600.0,80.95322066375543,1,4
apartamento,9950000,210.0,3,4,2,la florida,6.20371128,-75.56726948,9,23.333333333333332,45025.656955191065,832086.513994911,70.0,44100.0,76.97247056272704,1,4
apartamento,4500000,128.0,3,3,2,san lucas,6.1833708,-75.56984891,8,16.0,47354.22828936933,904097.3871733967,42.666666666666664,16384.0,80.95322066375543,1,4
apartamento,7700000,80.0,2,2,1,altos del poblado,6.216394424438477,-75.55690002441406,5,16.0,58495.7928802589,930019.3704600484,40.0,6400.0,100.0,1,1
apartamento,3600000,87.0,3,2,1,asomadera no.1,6.228396415710449,-75.5654525756836,6,14.5,48571.57944764218,665557.1635311143,29.0,7569.0,83.03431247964855,1,1
apartamento,7800000,160.0,3,5,2,villa carlota,6.21765,-75.57078,10,16.0,54977.83356366141,748492.5201380898,53.333333333333336,25600.0,93.98596182156422,1,4
apartamento,8500000,130.0,1,2,2,la florida,6.202945,-75.562531,5,26.0,45025.656955191065,832086.513994911,130.0,16900.0,76.97247056272704,1,4
casa,7000000,165.0,3,3,2,los balsos no.2,6.19868,-75.57262,8,20.625,47300.9517913736,836162.823200559,55.0,27225.0,80.86214317702954,1,4
apartamento,4200000,85.0,2,3,1,villa carlota,6.220049,-75.573364,6,14.166666666666666,54977.83356366141,748492.5201380898,42.5,7225.0,93.98596182156422,1,1
apartamento,4500000,146.0,4,3,1,cuarta brigada,6.2595,-75.58789,8,18.25,37951.80722891566,504000.0,36.5,21316.0,64.87955006713585,1,1
apartamento,4700000,97.0,3,2,1,asomadera no.1,6.225626,-75.561005,6,16.166666666666668,48571.57944764218,665557.1635311143,32.333333333333336,9409.0,83.03431247964855,1,1
apartamento,2600000,70.0,2,2,0,astorga,6.21,-75.5756,4,17.5,38915.5662264906,771825.3968253968,35.0,4900.0,66.52711983261925,0,0
apartamento,1800000,69.0,4,1,0,altamira,6.27755,-75.58069,5,13.8,26086.956521739132,360000.0,17.25,4761.0,44.59629528424245,0,0
apartamento,2400000,65.0,2,2,1,asomadera no.1,6.22765354,-75.56449404,5,13.0,48571.57944764218,665557.1635311143,32.5,4225.0,83.03431247964855,1,1
apartamento,2840000,40.0,1,1,0,las acacias,6.240583,-75.6018,2,20.0,34935.06493506493,672500.0,40.0,1600.0,59.7223547453697,0,0
apartamento,5700000,110.0,3,3,2,laureles,6.242131233215332,-75.59481811523438,8,13.75,37952.470484611345,680619.6840826245,36.666666666666664,12100.0,64.88068391909857,1,4
apartamento,5000000,110.0,3,2,1,los balsos no.2,6.1949017884,-75.5698657036,6,18.333333333333332,47300.9517913736,836162.823200559,36.666666666666664,12100.0,80.86214317702954,1,1
apartamento,8500000,160.0,3,4,2,los balsos no.1,6.188079833984375,-75.55982208251953,9,17.77777777777778,48115.75526148983,871145.722446916,53.333333333333336,25600.0,82.2550697961868,1,4
apartamento,5400000,58.0,1,2,1,los balsos no.1,6.1908302,-75.5631712,4,14.5,48115.75526148983,871145.722446916,58.0,3364.0,82.2550697961868,1,1
apartamento,4000000,127.0,3,3,1,el nogal-los almendros,6.23671559,-75.59878407,7,18.142857142857142,31931.988041853514,623722.6277372263,42.333333333333336,16129.0,54.5885207628836,1,1
apartamento,5100000,87.0,3,2,1,villa carlota,6.2224297523498535,-75.57136535644531,6,14.5,54977.83356366141,748492.5201380898,29.0,7569.0,93.98596182156422,1,1
apartamento,6500000,87.97,2,2,1,los naranjos,6.19761757,-75.55709591,5,17.594,49565.6761295771,827000.8873114464,43.985,7738.720899999999,84.733745264447,1,1
apartamento,7000000,133.0,2,2,2,san lucas,6.1833205511,-75.5647286809,6,22.166666666666668,47354.22828936933,904097.3871733967,66.5,17689.0,80.95322066375543,1,4
apartamento,5000000,91.0,2,2,2,los balsos no.1,6.186819076538086,-75.5599136352539,6,15.166666666666666,48115.75526148983,871145.722446916,45.5,8281.0,82.2550697961868,1,4
apartamento,6000000,54.0,1,2,1,el tesoro,6.2029128,-75.5562535,4,13.5,46307.752975324685,855149.2240350179,54.0,2916.0,79.1642453160979,1,1
apartamento,3000000,96.0,3,2,2,castropol,6.216306209564209,-75.56597900390625,7,13.714285714285714,48917.86962109346,739745.95924104,32.0,9216.0,83.62630406810368,1,4
apartamento,4999000,119.0,4,4,2,los balsos no.2,6.1958554732,-75.5693934536,10,11.9,47300.9517913736,836162.823200559,29.75,14161.0,80.86214317702954,1,4
apartamento,5500000,87.0,2,2,1,asomadera no.1,6.22616893,-75.56294676,5,17.4,48571.57944764218,665557.1635311143,43.5,7569.0,83.03431247964855,1,1
apartamento,7200000,110.0,2,3,1,castropol,6.219935894012451,-75.56746673583984,6,18.333333333333332,48917.86962109346,739745.95924104,55.0,12100.0,83.62630406810368,1,1
apartamento,3200000,85.0,3,2,0,los pinos,6.2535459,-75.5973513,5,17.0,28607.27728983689,814285.7142857143,28.333333333333332,7225.0,48.90484576967115,0,0
apartamento,6750000,178.0,4,4,2,castropol,6.2161565,-75.5686,10,17.8,48917.86962109346,739745.95924104,44.5,31684.0,83.62630406810368,1,4
apartamento,6500000,120.0,4,5,2,santa maria de los angeles,6.18879,-75.5795,11,10.909090909090908,47391.397443391514,760224.6376811594,30.0,14400.0,81.01676224887126,1,4
apartamento,7000000,180.0,3,3,2,los balsos no.1,6.18919,-75.56649,8,22.5,48115.75526148983,871145.722446916,60.0,32400.0,82.2550697961868,1,4
apartamento,6700000,107.0,2,3,2,altos del poblado,6.2166084615,-75.5559408077,7,15.285714285714286,58495.7928802589,930019.3704600484,53.5,11449.0,100.0,1,4
apartamento,3900000,80.0,3,2,1,la castellana,6.23865961,-75.60982476,6,13.333333333333334,32305.993690851734,627000.0,26.666666666666668,6400.0,55.22789264004374,1,1
apartamento,7500000,100.0,2,2,2,san diego,6.225966930389404,-75.56793975830078,6,16.666666666666668,47227.322103995706,654899.8185117968,50.0,10000.0,80.73627141129654,1,4
apartamento,3800000,70.0,2,2,1,santa maria de los angeles,6.19254,-75.57792,5,14.0,47391.397443391514,760224.6376811594,35.0,4900.0,81.01676224887126,1,1
casa,8500000,230.0,3,4,2,el poblado,6.20848,-75.56567,9,25.555555555555557,51331.92389006342,930592.3344947735,76.66666666666667,52900.0,87.7531893535319,1,4
apartamento,7000000,245.0,5,5,2,el diamante no.2,6.18216,-75.57359,12,20.416666666666668,43639.65496971377,774744.3419949707,49.0,60025.0,74.60306600005285,1,4
apartamento,9500000,108.0,3,3,2,altos del poblado,6.21704,-75.55602,8,13.5,58495.7928802589,930019.3704600484,36.0,11664.0,100.0,1,4
apartamento,8000000,280.0,4,3,2,la florida,6.2011,-75.56585,9,31.11111111111111,45025.656955191065,832086.513994911,70.0,78400.0,76.97247056272704,1,4
apartamento,4500000,78.0,2,2,1,alejandria,6.1964064,-75.565926,5,15.6,48842.610337435945,852482.6560951438,39.0,6084.0,83.49764646735697,1,1
apartamento,5200000,75.5,2,2,1,asomadera no.1,6.226169,-75.56295,5,15.1,48571.57944764218,665557.1635311143,37.75,5700.25,83.03431247964855,1,1
apartamento,3800000,74.0,1,2,1,villa carlota,6.2246003,-75.57425,4,18.5,54977.83356366141,748492.5201380898,74.0,5476.0,93.98596182156422,1,1
apartamento,2800000,75.0,2,2,1,los conquistadores,6.2415104,-75.57978,5,15.0,30995.98034836981,625225.2252252252,37.5,5625.0,52.98839253588492,1,1
apartamento,8500000,123.0,3,3,2,altos del poblado,6.217272,-75.555998,8,15.375,58495.7928802589,930019.3704600484,41.0,15129.0,100.0,1,4
apartamento,7000000,70.0,1,2,1,san cristobal,6.2697324,-75.6025597,4,17.5,38232.46878001921,545205.4794520548,70.0,4900.0,65.35934790777384,1,1
apartamento,5500000,85.0,3,2,2,el castillo,6.191093,-75.572578,7,12.142857142857142,56343.83279364145,907109.0047393364,28.333333333333332,7225.0,96.32117118059666,1,4
apartamento,4500000,155.0,3,4,2,laureles,6.241642,-75.598269,9,17.22222222222222,37952.470484611345,680619.6840826245,51.666666666666664,24025.0,64.88068391909857,1,4
apartamento,8000000,114.0,2,3,2,patio bonito,6.205502986907959,-75.5741195678711,7,16.285714285714285,43819.79935642627,741195.3041622199,57.0,12996.0,74.91102727015866,1,4
apartamento,4000000,75.0,3,2,1,los naranjos,6.199831,-75.562704,6,12.5,49565.6761295771,827000.8873114464,25.0,5625.0,84.733745264447,1,1
apartamento,2600000,45.0,1,1,1,los naranjos,6.196825,-75.563817,3,15.0,49565.6761295771,827000.8873114464,45.0,2025.0,84.733745264447,1,1
apartamento,6500000,143.0,3,4,4,los balsos no.2,6.19241,-75.567181,11,13.0,47300.9517913736,836162.823200559,47.666666666666664,20449.0,80.86214317702954,1,16
apartamento,5700000,64.0,2,2,1,alejandria,6.199296951293945,-75.56919860839844,5,12.8,48842.610337435945,852482.6560951438,32.0,4096.0,83.49764646735697,1,1
apartamento,3500000,75.0,3,2,1,villa carlota,6.222079,-75.573501,6,12.5,54977.83356366141,748492.5201380898,25.0,5625.0,93.98596182156422,1,1
apartamento,4000000,138.0,3,2,1,laureles,6.242758750915527,-75.59607696533203,6,23.0,37952.470484611345,680619.6840826245,46.0,19044.0,64.88068391909857,1,1
apartamento,1800000,55.0,2,1,0,santa monica,6.2466912269592285,-75.6121826171875,3,18.333333333333332,33578.94736842105,543750.0,27.5,3025.0,57.40403833341875,0,0
apartamento,4500000,87.0,3,3,2,el tesoro,6.20237,-75.55874,8,10.875,46307.752975324685,855149.2240350179,29.0,7569.0,79.1642453160979,1,4
casa,1600000,104.0,4,2,0,altavista,6.22358,-75.6106,6,17.333333333333332,27468.581687612208,463636.36363636365,26.0,10816.0,46.958217565903404,0,0
casa,5500000,110.0,5,2,0,simon bolivar,6.24597,-75.60278,7,15.714285714285714,28965.474716228782,659298.245614035,22.0,12100.0,49.51719310057257,0,0
casa,9500000,170.0,4,4,2,san lucas,6.18249,-75.56292,10,17.0,47354.22828936933,904097.3871733967,42.5,28900.0,80.95322066375543,1,4
apartamento,6000000,104.0,3,3,2,san lucas,6.1824538847,-75.5684463452,8,13.0,47354.22828936933,904097.3871733967,34.666666666666664,10816.0,80.95322066375543,1,4
apartamento,6500000,134.0,3,3,1,los balsos no.2,6.19484356,-75.5662215,7,19.142857142857142,47300.9517913736,836162.823200559,44.666666666666664,17956.0,80.86214317702954,1,1
apartamento,5800000,68.0,3,2,1,santa fe,6.22285632,-75.58131547,6,11.333333333333334,48109.58350181965,701917.4041297935,22.666666666666668,4624.0,82.24451902088094,1,1
apartamento,3800000,76.0,2,2,2,castropol,6.21541,-75.56822,6,12.666666666666666,48917.86962109346,739745.95924104,38.0,5776.0,83.62630406810368,1,4
apartamento,4500000,105.0,3,3,1,laureles,6.2434,-75.5946,7,15.0,37952.470484611345,680619.6840826245,35.0,11025.0,64.88068391909857,1,1
apartamento,3100000,82.0,3,2,1,los colores,6.26483,-75.58994,6,13.666666666666666,34639.764996907856,599064.1711229946,27.333333333333332,6724.0,59.21753222118996,1,1
casa,8000000,300.0,4,3,2,los colores,6.26906,-75.59443,9,33.333333333333336,34639.764996907856,599064.1711229946,75.0,90000.0,59.21753222118996,1,4
apartamento,2900000,85.0,3,2,1,robledo,6.27582,-75.59794,6,14.166666666666666,31382.113821138213,371153.8461538461,28.333333333333332,7225.0,53.648497226762125,1,1
apartamento,7500000,110.0,3,2,1,la colina,6.197794,-75.59485,6,18.333333333333332,42341.269841269845,569066.6666666666,36.666666666666664,12100.0,72.38344461445728,1,1
apartamento,6500000,72.0,2,3,1,los balsos no.1,6.1933928,-75.56223,6,12.0,48115.75526148983,871145.722446916,36.0,5184.0,82.2550697961868,1,1
apartamento,2100000,40.0,2,1,1,florida nueva,6.2505283,-75.58955,4,10.0,34915.907498248074,668791.9463087248,20.0,1600.0,59.68960463485137,1,1
apartamento,7200000,175.0,3,4,2,el tesoro,6.2066450119018555,-75.55757904052734,9,19.444444444444443,46307.752975324685,855149.2240350179,58.333333333333336,30625.0,79.1642453160979,1,4
apartamento,7200000,128.0,3,3,2,el diamante no.2,6.185731410980225,-75.5705795288086,8,16.0,43639.65496971377,774744.3419949707,42.666666666666664,16384.0,74.60306600005285,1,4
apartamento,5700000,124.0,3,3,1,castropol,6.216140270233154,-75.56697082519531,7,17.714285714285715,48917.86962109346,739745.95924104,41.333333333333336,15376.0,83.62630406810368,1,1
apartamento,6350000,128.0,3,3,2,el diamante no.2,6.185731410980225,-75.5705795288086,8,16.0,43639.65496971377,774744.3419949707,42.666666666666664,16384.0,74.60306600005285,1,4
apartamento,7250000,135.0,3,3,2,santa maria de los angeles,6.191286087036133,-75.57928466796875,8,16.875,47391.397443391514,760224.6376811594,45.0,18225.0,81.01676224887126,1,4
apartamento,3250000,60.0,2,2,1,santa maria de los angeles,6.190206050872803,-75.57931518554688,5,12.0,47391.397443391514,760224.6376811594,30.0,3600.0,81.01676224887126,1,1
casa,9000000,420.0,5,5,3,el tesoro,6.2006774794,-75.5627896846,13,32.30769230769231,46307.752975324685,855149.2240350179,84.0,176400.0,79.1642453160979,1,9
apartamento,8700000,127.0,2,2,2,el tesoro,6.204288482666016,-75.56065368652344,6,21.166666666666668,46307.752975324685,855149.2240350179,63.5,16129.0,79.1642453160979,1,4
apartamento,7650000,163.0,3,3,2,lalinde,6.213119029998779,-75.56747436523438,8,20.375,53427.21397778484,890320.987654321,54.333333333333336,26569.0,91.33513941276176,1,4
apartamento,4600000,127.0,3,2,2,el tesoro,6.202389240264893,-75.55673217773438,7,18.142857142857142,46307.752975324685,855149.2240350179,42.333333333333336,16129.0,79.1642453160979,1,4
apartamento,4900000,97.0,2,2,1,las lomas no.1,6.21211,-75.5636,5,19.4,42753.43481316735,816268.3823529412,48.5,9409.0,73.08805079483885,1,1
apartamento,5500000,187.0,4,3,2,laureles,6.241023,-75.597643,9,20.77777777777778,37952.470484611345,680619.6840826245,46.75,34969.0,64.88068391909857,1,4
apartamento,3100000,120.0,3,2,1,nueva villa de la iguana,6.26042,-75.58246,6,20.0,25833.333333333332,516666.6666666667,40.0,14400.0,44.1627201912012,1,1
apartamento,3700000,100.0,2,3,0,lalinde,6.2143541,-75.5658103,5,20.0,53427.21397778484,890320.987654321,50.0,10000.0,91.33513941276176,0,0
apartamento,1800000,55.0,2,2,1,calasanz,6.264062404632568,-75.5985336303711,5,11.0,32548.10882548109,537043.795620438,27.5,3025.0,55.64179443145114,1,1
apartamento,5000000,150.0,3,3,1,la florida,6.2066159,-75.5682144,7,21.428571428571427,45025.656955191065,832086.513994911,50.0,22500.0,76.97247056272704,1,1
apartamento,5900000,138.0,2,2,1,el diamante no.2,6.18143,-75.575,5,27.6,43639.65496971377,774744.3419949707,69.0,19044.0,74.60306600005285,1,1
apartamento,3500000,73.0,3,2,1,las mercedes,6.23450636,-75.60827092,6,12.166666666666666,27118.64406779661,448000.0,24.333333333333332,5329.0,46.35999057796955,1,1
apartamento,3900000,105.0,3,2,1,patio bonito,6.20400954,-75.57805845,6,17.5,43819.79935642627,741195.3041622199,35.0,11025.0,74.91102727015866,1,1
apartamento,4800000,67.0,1,2,1,los balsos no.1,6.190938472747803,-75.56342315673828,4,16.75,48115.75526148983,871145.722446916,67.0,4489.0,82.2550697961868,1,1
apartamento,3800000,76.0,2,2,1,la aguacatala,6.19775861,-75.57623798,5,15.2,51442.75043487159,795490.506329114,38.0,5776.0,87.9426500640398,1,1
apartamento,5000000,110.0,3,2,1,villa carlota,6.220547972,-75.5746542283,6,18.333333333333332,54977.83356366141,748492.5201380898,36.666666666666664,12100.0,93.98596182156422,1,1
casa,8700000,341.25,4,4,1,belen,6.232968,-75.594006,9,37.916666666666664,34214.434214434215,771428.5714285715,85.3125,116451.5625,58.49041876305752,1,1
apartamento,6500000,82.0,3,2,1,santa fe,6.22037487,-75.57788253,6,13.666666666666666,48109.58350181965,701917.4041297935,27.333333333333332,6724.0,82.24451902088094,1,1
apartamento,3650000,144.0,3,3,1,los colores,6.26704,-75.59167,7,20.571428571428573,34639.764996907856,599064.1711229946,48.0,20736.0,59.21753222118996,1,1
apartamento,5800000,157.0,3,3,2,el castillo,6.19124,-75.57521,8,19.625,56343.83279364145,907109.0047393364,52.333333333333336,24649.0,96.32117118059666,1,4
apartamento,5300000,110.0,3,3,2,villa carlota,6.22102,-75.57384,8,13.75,54977.83356366141,748492.5201380898,36.666666666666664,12100.0,93.98596182156422,1,4
apartamento,5200000,130.0,3,3,2,lalinde,6.2144923,-75.5656,8,16.25,53427.21397778484,890320.987654321,43.333333333333336,16900.0,91.33513941276176,1,4
apartamento,1600000,35.0,1,1,0,el tesoro,6.203045,-75.56041,2,17.5,46307.752975324685,855149.2240350179,35.0,1225.0,79.1642453160979,0,0
apartamento,6300000,129.0,3,3,2,alejandria,6.199472904205322,-75.5699234008789,8,16.125,48842.610337435945,852482.6560951438,43.0,16641.0,83.49764646735697,1,4
apartamento,9500000,105.0,2,2,2,el poblado,6.2090645,-75.5676977,6,17.5,51331.92389006342,930592.3344947735,52.5,11025.0,87.7531893535319,1,4
apartamento,3650000,79.0,3,2,1,la florida,6.201699256896973,-75.5627212524414,6,13.166666666666666,45025.656955191065,832086.513994911,26.333333333333332,6241.0,76.97247056272704,1,1
apartamento,7700000,180.0,3,4,3,el tesoro,6.204034328460693,-75.55548858642578,10,18.0,46307.752975324685,855149.2240350179,60.0,32400.0,79.1642453160979,1,9
casa,8000000,190.0,4,4,0,el velodromo,6.25217,-75.59339,8,23.75,33048.78048780488,624423.9631336406,47.5,36100.0,56.497704981033166,0,0
apartamento,3950000,85.0,3,2,1,santa fe,6.221135139465332,-75.5813980102539,6,14.166666666666666,48109.58350181965,701917.4041297935,28.333333333333332,7225.0,82.24451902088094,1,1
apartamento,3100000,56.0,2,2,1,san lucas,6.179944038391113,-75.56436157226562,5,11.2,47354.22828936933,904097.3871733967,28.0,3136.0,80.95322066375543,1,1
apartamento,9000000,75.0,1,2,1,el castillo,6.18721252,-75.57404007,4,18.75,56343.83279364145,907109.0047393364,75.0,5625.0,96.32117118059666,1,1
apartamento,6200000,300.0,4,3,2,los conquistadores,6.2418622970581055,-75.58100891113281,9,33.333333333333336,30995.98034836981,625225.2252252252,75.0,90000.0,52.98839253588492,1,4
apartamento,8800000,200.0,3,3,2,la florida,6.206620216369629,-75.56524658203125,8,25.0,45025.656955191065,832086.513994911,66.66666666666667,40000.0,76.97247056272704,1,4
apartamento,3200000,175.0,3,3,2,lalinde,6.2122697830200195,-75.56800842285156,8,21.875,53427.21397778484,890320.987654321,58.333333333333336,30625.0,91.33513941276176,1,4
apartamento,9600000,153.0,4,3,2,los balsos no.1,6.19107,-75.56424,9,17.0,48115.75526148983,871145.722446916,38.25,23409.0,82.2550697961868,1,4
apartamento,6350000,200.0,3,3,3,los balsos no.2,6.195040225982666,-75.57089233398438,9,22.22222222222222,47300.9517913736,836162.823200559,66.66666666666667,40000.0,80.86214317702954,1,9
apartamento,6700000,104.0,2,3,1,altos del poblado,6.214964389801025,-75.55577087402344,6,17.333333333333332,58495.7928802589,930019.3704600484,52.0,10816.0,100.0,1,1
apartamento,8100000,112.0,3,3,2,castropol,6.216162204742432,-75.56681823730469,8,14.0,48917.86962109346,739745.95924104,37.333333333333336,12544.0,83.62630406810368,1,4
apartamento,3800000,119.0,3,4,2,lalinde,6.214183807373047,-75.56401824951172,9,13.222222222222221,53427.21397778484,890320.987654321,39.666666666666664,14161.0,91.33513941276176,1,4
casa,6500000,250.0,5,4,4,la palma,6.22857,-75.60044,13,19.23076923076923,30263.43970871707,611688.3116883116,50.0,62500.0,51.73609625339456,1,16
apartamento,5800000,119.0,3,3,2,los balsos no.2,6.1963,-75.57069,8,14.875,47300.9517913736,836162.823200559,39.666666666666664,14161.0,80.86214317702954,1,4
apartamento,2600000,77.0,2,2,1,los alcazares,6.262013912200928,-75.60127258300781,5,15.4,33766.23376623377,520000.0,38.5,5929.0,57.72420904756923,1,1
apartamento,5400000,90.0,3,2,1,castropol,6.2235351,-75.5658111,6,15.0,48917.86962109346,739745.95924104,30.0,8100.0,83.62630406810368,1,1
apartamento,3500000,144.0,3,2,1,los colores,6.26617842,-75.59513872,6,24.0,34639.764996907856,599064.1711229946,48.0,20736.0,59.21753222118996,1,1
apartamento,2800000,66.0,2,2,1,cuarta brigada,6.26111,-75.58641,5,13.2,37951.80722891566,504000.0,33.0,4356.0,64.87955006713585,1,1
apartamento,4000000,98.0,3,2,1,el diamante no.2,6.1860236,-75.5744724,6,16.333333333333332,43639.65496971377,774744.3419949707,32.666666666666664,9604.0,74.60306600005285,1,1
apartamento,4000000,80.0,2,3,1,los balsos no.1,6.18835329,-75.56278908,6,13.333333333333334,48115.75526148983,871145.722446916,40.0,6400.0,82.2550697961868,1,1
apartamento,5300000,102.0,4,2,1,castropol,6.214444,-75.5679074,7,14.571428571428571,48917.86962109346,739745.95924104,25.5,10404.0,83.62630406810368,1,1
apartamento,6500000,150.0,3,4,2,la florida,6.201035976409912,-75.56251525878906,9,16.666666666666668,45025.656955191065,832086.513994911,50.0,22500.0,76.97247056272704,1,4
apartamento,8000000,260.0,4,4,3,la florida,6.20487654,-75.56886569,11,23.636363636363637,45025.656955191065,832086.513994911,65.0,67600.0,76.97247056272704,1,9
apartamento,4000000,87.0,3,2,1,asomadera no.1,6.22616893,-75.56294676,6,14.5,48571.57944764218,665557.1635311143,29.0,7569.0,83.03431247964855,1,1
apartamento,7500000,200.0,2,4,2,la florida,6.20335,-75.57028,8,25.0,45025.656955191065,832086.513994911,100.0,40000.0,76.97247056272704,1,4
apartamento,5000000,175.0,4,4,3,las acacias,6.24241,-75.59895,11,15.909090909090908,34935.06493506493,672500.0,43.75,30625.0,59.7223547453697,1,9
apartamento,2900000,71.0,3,2,1,san diego,6.224659,-75.56622,6,11.833333333333334,47227.322103995706,654899.8185117968,23.666666666666668,5041.0,80.73627141129654,1,1
apartamento,4800000,78.0,3,2,1,asomadera no.1,6.226169,-75.56295,6,13.0,48571.57944764218,665557.1635311143,26.0,6084.0,83.03431247964855,1,1
apartamento,8000000,180.0,3,4,3,el tesoro,6.202259,-75.558784,10,18.0,46307.752975324685,855149.2240350179,60.0,32400.0,79.1642453160979,1,9
apartamento,1900000,55.0,2,1,0,nueva villa del aburra,6.235844,-75.60191,3,18.333333333333332,27963.362068965518,576666.6666666666,27.5,3025.0,47.804056825431225,0,0
apartamento,3200000,105.0,3,3,1,la palma,6.229386806488037,-75.60262298583984,7,15.0,30263.43970871707,611688.3116883116,35.0,11025.0,51.73609625339456,1,1
apartamento,9000000,151.0,3,3,1,el tesoro,6.204051494598389,-75.55583953857422,7,21.571428571428573,46307.752975324685,855149.2240350179,50.333333333333336,22801.0,79.1642453160979,1,1
apartamento,7200000,180.0,4,4,2,la florida,6.207300186157227,-75.56077575683594,10,18.0,45025.656955191065,832086.513994911,45.0,32400.0,76.97247056272704,1,4
apartamento,3500000,90.0,3,2,1,laureles,6.240671634674072,-75.59349822998047,6,15.0,37952.470484611345,680619.6840826245,30.0,8100.0,64.88068391909857,1,1
apartamento,3850000,51.0,1,2,1,los naranjos,6.19387674331665,-75.56238555908203,4,12.75,49565.6761295771,827000.8873114464,51.0,2601.0,84.733745264447,1,1
apartamento,5000000,110.0,2,3,2,el tesoro,6.204051494598389,-75.55583953857422,7,15.714285714285714,46307.752975324685,855149.2240350179,55.0,12100.0,79.1642453160979,1,4
apartamento,8700000,168.0,3,4,2,el tesoro,6.204051494598389,-75.55583953857422,9,18.666666666666668,46307.752975324685,855149.2240350179,56.0,28224.0,79.1642453160979,1,4
apartamento,3250000,115.0,3,2,1,los conquistadores,6.241286277770996,-75.5816879272461,6,19.166666666666668,30995.98034836981,625225.2252252252,38.333333333333336,13225.0,52.98839253588492,1,1
casa,7800000,240.0,3,4,4,los balsos no.1,6.186807155609131,-75.55979919433594,11,21.818181818181817,48115.75526148983,871145.722446916,80.0,57600.0,82.2550697961868,1,16
apartamento,5450000,260.0,4,4,3,alejandria,6.201523780822754,-75.57217407226562,11,23.636363636363637,48842.610337435945,852482.6560951438,65.0,67600.0,83.49764646735697,1,9
casa,7800000,430.0,5,5,4,alejandria,6.197526931762695,-75.56974792480469,14,30.714285714285715,48842.610337435945,852482.6560951438,86.0,184900.0,83.49764646735697,1,16
apartamento,9200000,175.0,3,3,2,los balsos no.2,6.196533679962158,-75.5698471069336,8,21.875,47300.9517913736,836162.823200559,58.333333333333336,30625.0,80.86214317702954,1,4
apartamento,2100000,50.0,1,2,0,rosales,6.235293388366699,-75.59172058105469,3,16.666666666666668,31678.50652568974,626633.9869281045,50.0,2500.0,54.15518786203267,0,0
apartamento,4000000,148.0,4,3,1,patio bonito,6.204614162445068,-75.57588195800781,8,18.5,43819.79935642627,741195.3041622199,37.0,21904.0,74.91102727015866,1,1
apartamento,3900000,70.0,2,2,1,asomadera no.1,6.228976726531982,-75.5632553100586,5,14.0,48571.57944764218,665557.1635311143,35.0,4900.0,83.03431247964855,1,1
apartamento,4500000,100.0,4,2,2,ferrini,6.268336296081543,-75.59774780273438,8,12.5,34752.10477081384,530714.2857142857,25.0,10000.0,59.40957983414555,1,4
apartamento,6500000,131.0,2,2,1,patio bonito,6.2036743,-75.5737197,5,26.2,43819.79935642627,741195.3041622199,65.5,17161.0,74.91102727015866,1,1
apartamento,3600000,70.0,3,2,1,lalinde,6.21172115,-75.56576508,6,11.666666666666666,53427.21397778484,890320.987654321,23.333333333333332,4900.0,91.33513941276176,1,1
apartamento,6500000,169.0,3,3,2,alejandria,6.20029,-75.5709,8,21.125,48842.610337435945,852482.6560951438,56.333333333333336,28561.0,83.49764646735697,1,4
apartamento,3200000,74.0,3,2,1,villa carlota,6.21827686,-75.57088704,6,12.333333333333334,54977.83356366141,748492.5201380898,24.666666666666668,5476.0,93.98596182156422,1,1
apartamento,5000000,94.33,2,2,2,los balsos no.1,6.1927152157,-75.561132431,6,15.721666666666666,48115.75526148983,871145.722446916,47.165,8898.1489,82.2550697961868,1,4
casa,4300000,130.0,4,3,1,el velodromo,6.25498,-75.59816,8,16.25,33048.78048780488,624423.9631336406,32.5,16900.0,56.497704981033166,1,1
apartamento,5500000,160.0,4,4,2,las acacias,6.23919,-75.6017,10,16.0,34935.06493506493,672500.0,40.0,25600.0,59.7223547453697,1,4
apartamento,7800000,157.0,4,3,2,el castillo,6.1880043107,-75.5703501576,9,17.444444444444443,56343.83279364145,907109.0047393364,39.25,24649.0,96.32117118059666,1,4
apartamento,4500000,134.0,3,3,1,santa maria de los angeles,6.18572,-75.57971,7,19.142857142857142,47391.397443391514,760224.6376811594,44.666666666666664,17956.0,81.01676224887126,1,1
apartamento,5200000,90.0,2,3,2,lalinde,6.213009834289551,-75.56817626953125,7,12.857142857142858,53427.21397778484,890320.987654321,45.0,8100.0,91.33513941276176,1,4
apartamento,6200000,170.0,3,4,2,los balsos no.2,6.19722,-75.57247,9,18.88888888888889,47300.9517913736,836162.823200559,56.666666666666664,28900.0,80.86214317702954,1,4
apartamento,4500000,87.0,2,2,2,villa carlota,6.2243943,-75.57479,6,14.5,54977.83356366141,748492.5201380898,43.5,7569.0,93.98596182156422,1,4
apartamento,2000000,70.0,3,2,1,rosales,6.234623,-75.58995,6,11.666666666666666,31678.50652568974,626633.9869281045,23.333333333333332,4900.0,54.15518786203267,1,1
apartamento,2100000,80.0,3,2,1,perpetuo socorro,6.2361917,-75.572815,6,13.333333333333334,50836.120401337794,608000.0,26.666666666666668,6400.0,86.90560106672888,1,1
apartamento,2800000,74.0,2,2,0,la palma,6.2301344871521,-75.5999984741211,4,18.5,30263.43970871707,611688.3116883116,37.0,5476.0,51.73609625339456,0,0
apartamento,9100000,200.0,3,4,2,el tesoro,6.20509672164917,-75.55884552001953,9,22.22222222222222,46307.752975324685,855149.2240350179,66.66666666666667,40000.0,79.1642453160979,1,4
apartamento,4350000,160.0,3,2,2,laureles,6.242308139801025,-75.59518432617188,7,22.857142857142858,37952.470484611345,680619.6840826245,53.333333333333336,25600.0,64.88068391909857,1,4
apartamento,8300000,280.0,4,5,2,san lucas,6.186242580413818,-75.56769561767578,11,25.454545454545453,47354.22828936933,904097.3871733967,70.0,78400.0,80.95322066375543,1,4
apartamento,3350000,80.0,3,2,1,santa teresita,6.244316101074219,-75.61271667480469,6,13.333333333333334,26323.37946103423,520028.77697841724,26.666666666666668,6400.0,45.00046612739874,1,1
apartamento,8900000,120.0,3,3,2,el tesoro,6.203347682952881,-75.55573272705078,8,15.0,46307.752975324685,855149.2240350179,40.0,14400.0,79.1642453160979,1,4
apartamento,5800000,162.0,3,3,2,el diamante no.2,6.18104,-75.57334,8,20.25,43639.65496971377,774744.3419949707,54.0,26244.0,74.60306600005285,1,4
apartamento,7400000,122.0,3,4,2,villa carlota,6.220837593078613,-75.57351684570312,9,13.555555555555555,54977.83356366141,748492.5201380898,40.666666666666664,14884.0,93.98596182156422,1,4
apartamento,6700000,120.0,3,3,2,el tesoro,6.203347682952881,-75.55573272705078,8,15.0,46307.752975324685,855149.2240350179,40.0,14400.0,79.1642453160979,1,4
apartamento,5400000,112.0,3,2,2,el tesoro,6.204051494598389,-75.55583953857422,7,16.0,46307.752975324685,855149.2240350179,37.333333333333336,12544.0,79.1642453160979,1,4
apartamento,8000000,95.0,2,3,2,los balsos no.1,6.190019130706787,-75.5635757446289,7,13.571428571428571,48115.75526148983,871145.722446916,47.5,9025.0,82.2550697961868,1,4
apartamento,3900000,165.0,3,2,1,carlos e. restrepo,6.25749397277832,-75.58284759521484,6,27.5,32596.68508287293,561904.7619047619,55.0,27225.0,55.72483674099171,1,1
casa,4700000,370.0,4,4,2,la florida,6.203592300415039,-75.56204223632812,10,37.0,45025.656955191065,832086.513994911,92.5,136900.0,76.97247056272704,1,4
apartamento,4500000,95.0,3,2,2,laureles,6.2465,-75.59713,7,13.571428571428571,37952.470484611345,680619.6840826245,31.666666666666668,9025.0,64.88068391909857,1,4
apartamento,8600000,80.0,2,3,1,los balsos no.1,6.19343,-75.56219,6,13.333333333333334,48115.75526148983,871145.722446916,40.0,6400.0,82.2550697961868,1,1
apartamento,6350000,126.0,3,4,1,castropol,6.216140270233154,-75.56697082519531,8,15.75,48917.86962109346,739745.95924104,42.0,15876.0,83.62630406810368,1,1
apartamento,3400000,75.7,2,2,1,san diego,6.227134704589844,-75.56640625,5,15.14,47227.322103995706,654899.8185117968,37.85,5730.490000000001,80.73627141129654,1,1
apartamento,3200000,58.0,2,2,1,san diego,6.2271159,-75.5663257,5,11.6,47227.322103995706,654899.8185117968,29.0,3364.0,80.73627141129654,1,1
apartamento,5250000,83.0,1,2,1,las lomas no.1,6.2109946,-75.5612349,4,20.75,42753.43481316735,816268.3823529412,83.0,6889.0,73.08805079483885,1,1
apartamento,3100000,88.0,3,2,1,san cristobal,6.271492958068848,-75.6041030883789,6,14.666666666666666,38232.46878001921,545205.4794520548,29.333333333333332,7744.0,65.35934790777384,1,1
casa,6000000,105.0,5,5,2,los conquistadores,6.242240905761719,-75.58607482910156,12,8.75,30995.98034836981,625225.2252252252,21.0,11025.0,52.98839253588492,1,4
apartamento,3100000,75.0,2,2,0,rosales,6.232361316680908,-75.59268188476562,4,18.75,31678.50652568974,626633.9869281045,37.5,5625.0,54.15518786203267,0,0
apartamento,6000000,150.0,4,3,1,las palmas,6.238662,-75.564787,8,18.75,44135.83717530642,781094.527363184,37.5,22500.0,75.45130171267638,1,1
apartamento,5800000,112.6,3,4,1,castropol,6.21611,-75.56551,8,14.075,48917.86962109346,739745.95924104,37.53333333333333,12678.759999999998,83.62630406810368,1,1
apartamento,3350000,50.0,2,2,1,castropol,6.217175,-75.5683,5,10.0,48917.86962109346,739745.95924104,25.0,2500.0,83.62630406810368,1,1
apartamento,3400000,82.0,2,2,1,san diego,6.22716,-75.56601,5,16.4,47227.322103995706,654899.8185117968,41.0,6724.0,80.73627141129654,1,1
apartamento,6000000,100.0,5,4,2,castropol,6.21469,-75.56988,11,9.090909090909092,48917.86962109346,739745.95924104,20.0,10000.0,83.62630406810368,1,4
apartamento,5500000,135.0,4,4,1,el poblado,6.2091,-75.56765,9,15.0,51331.92389006342,930592.3344947735,33.75,18225.0,87.7531893535319,1,1
apartamento,2800000,80.0,3,2,1,la loma de los bernal,6.21941,-75.60724,6,13.333333333333334,40721.08579809159,584155.2990556138,26.666666666666668,6400.0,69.61370005095546,1,1
apartamento,3000000,49.0,1,2,1,astorga,6.21019,-75.57554,4,12.25,38915.5662264906,771825.3968253968,49.0,2401.0,66.52711983261925,1,1
apartamento,4000000,65.0,1,2,2,la florida,6.2030387,-75.566635,5,13.0,45025.656955191065,832086.513994911,65.0,4225.0,76.97247056272704,1,4
apartamento,3000000,60.0,1,2,1,santa maria de los angeles,6.189116,-75.57994,4,15.0,47391.397443391514,760224.6376811594,60.0,3600.0,81.01676224887126,1,1
casa,6300000,176.0,3,4,2,asomadera no.2,6.2245793,-75.5616,9,19.555555555555557,51821.74887892377,772562.6740947075,58.666666666666664,30976.0,88.59055724742987,1,4
apartamento,2900000,80.0,3,2,2,belen,6.233758,-75.59564,7,11.428571428571429,34214.434214434215,771428.5714285715,26.666666666666668,6400.0,58.49041876305752,1,4
apartamento,6000000,87.0,2,3,2,castropol,6.2163331413,-75.5672942696,7,12.428571428571429,48917.86962109346,739745.95924104,43.5,7569.0,83.62630406810368,1,4
apartamento,3800000,70.0,1,2,1,el tesoro,6.204051494598389,-75.55583953857422,4,17.5,46307.752975324685,855149.2240350179,70.0,4900.0,79.1642453160979,1,1
apartamento,9180000,175.0,4,5,2,alejandria,6.20176,-75.57058,11,15.909090909090908,48842.610337435945,852482.6560951438,43.75,30625.0,83.49764646735697,1,4
apartamento,3800000,65.0,2,2,1,asomadera no.2,6.224160194396973,-75.56193542480469,5,13.0,51821.74887892377,772562.6740947075,32.5,4225.0,88.59055724742987,1,1
apartamento,3700000,90.0,3,2,1,los naranjos,6.193404674530029,-75.55858612060547,6,15.0,49565.6761295771,827000.8873114464,30.0,8100.0,84.733745264447,1,1
apartamento,4650000,118.0,3,3,1,la aguacatala,6.195997714996338,-75.57679748535156,7,16.857142857142858,51442.75043487159,795490.506329114,39.333333333333336,13924.0,87.9426500640398,1,1
apartamento,5500000,95.0,2,3,2,los balsos no.1,6.190019130706787,-75.5635757446289,7,13.571428571428571,48115.75526148983,871145.722446916,47.5,9025.0,82.2550697961868,1,4
apartamento,3650000,90.0,3,2,1,la aguacatala,6.199697971343994,-75.57489776611328,6,15.0,51442.75043487159,795490.506329114,30.0,8100.0,87.9426500640398,1,1
apartamento,8200000,155.0,3,4,2,las palmas,6.1967549324035645,-75.55122375488281,9,17.22222222222222,44135.83717530642,781094.527363184,51.666666666666664,24025.0,75.45130171267638,1,4
apartamento,3900000,128.0,3,3,2,castropol,6.215154647827148,-75.56591796875,8,16.0,48917.86962109346,739745.95924104,42.666666666666664,16384.0,83.62630406810368,1,4
apartamento,6650000,90.0,3,2,1,la aguacatala,6.198837757110596,-75.57787322998047,6,15.0,51442.75043487159,795490.506329114,30.0,8100.0,87.9426500640398,1,1
apartamento,4000000,98.0,3,2,1,los naranjos,6.195285797119141,-75.56262969970703,6,16.333333333333332,49565.6761295771,827000.8873114464,32.666666666666664,9604.0,84.733745264447,1,1
apartamento,7100000,168.0,3,3,2,los balsos no.2,6.1969895362854,-75.56990051269531,8,21.0,47300.9517913736,836162.823200559,56.0,28224.0,80.86214317702954,1,4
apartamento,3500000,68.0,3,2,1,santa fe,6.2226615,-75.5774838,6,11.333333333333334,48109.58350181965,701917.4041297935,22.666666666666668,4624.0,82.24451902088094,1,1
apartamento,3000000,11.0,3,2,0,miravalle,6.23595,-75.60004,5,2.2,42041.52249134948,650892.8571428572,3.6666666666666665,121.0,71.87101913022809,0,0
apartamento,7500000,145.0,4,4,1,el tesoro,6.20391285,-75.56019372,9,16.11111111111111,46307.752975324685,855149.2240350179,36.25,21025.0,79.1642453160979,1,1
apartamento,2750000,88.0,3,2,0,calasanz,6.26253,-75.59921,5,17.6,32548.10882548109,537043.795620438,29.333333333333332,7744.0,55.64179443145114,0,0
apartamento,5500000,160.0,3,3,2,la castellana,6.24099293,-75.60513431,8,20.0,32305.993690851734,627000.0,53.333333333333336,25600.0,55.22789264004374,1,4
apartamento,3000000,70.0,2,2,1,alejandria,6.2006693437,-75.5653897827,5,14.0,48842.610337435945,852482.6560951438,35.0,4900.0,83.49764646735697,1,1
apartamento,6000000,90.0,2,2,1,castropol,6.2159,-75.56777,5,18.0,48917.86962109346,739745.95924104,45.0,8100.0,83.62630406810368,1,1
apartamento,5000000,140.0,3,2,2,el tesoro,6.19851,-75.55646,7,20.0,46307.752975324685,855149.2240350179,46.666666666666664,19600.0,79.1642453160979,1,4
casa,9950000,320.0,5,3,3,simon bolivar,6.24725604,-75.60568003,11,29.09090909090909,28965.474716228782,659298.245614035,64.0,102400.0,49.51719310057257,1,9
apartamento,4500000,72.0,2,2,2,alejandria,6.20033,-75.57133,6,12.0,48842.610337435945,852482.6560951438,36.0,5184.0,83.49764646735697,1,4
apartamento,3300000,82.0,3,2,1,villa carlota,6.22137,-75.57453,6,13.666666666666666,54977.83356366141,748492.5201380898,27.333333333333332,6724.0,93.98596182156422,1,1
apartamento,1950000,70.0,3,2,0,boston,6.24935706,-75.56020603,5,14.0,28429.680759275238,599090.9090909091,23.333333333333332,4900.0,48.60124012246641,0,0
apartamento,4200000,120.0,3,4,1,los conquistadores,6.24106,-75.5833,8,15.0,30995.98034836981,625225.2252252252,40.0,14400.0,52.98839253588492,1,1
apartamento,2300000,80.0,3,2,1,la hondonada,6.20084,-75.60158,6,13.333333333333334,35058.243727598565,399234.693877551,26.666666666666668,6400.0,59.93293192787884,1,1
apartamento,3900000,107.0,3,2,1,los conquistadores,6.2445464,-75.58021,6,17.833333333333332,30995.98034836981,625225.2252252252,35.666666666666664,11449.0,52.98839253588492,1,1
apartamento,2400000,62.0,2,2,1,asomadera no.2,6.220134,-75.56024,5,12.4,51821.74887892377,772562.6740947075,31.0,3844.0,88.59055724742987,1,1
apartamento,7800000,195.0,3,4,2,la florida,6.205347537994385,-75.56471252441406,9,21.666666666666668,45025.656955191065,832086.513994911,65.0,38025.0,76.97247056272704,1,4
apartamento,7800000,308.0,4,4,2,el tesoro,6.199919700622559,-75.55387115478516,10,30.8,46307.752975324685,855149.2240350179,77.0,94864.0,79.1642453160979,1,4
apartamento,4600000,172.0,4,3,2,laureles,6.242362976074219,-75.5958480834961,9,19.11111111111111,37952.470484611345,680619.6840826245,43.0,29584.0,64.88068391909857,1,4
apartamento,3900000,125.0,3,3,2,alejandria,6.201523780822754,-75.57217407226562,8,15.625,48842.610337435945,852482.6560951438,41.666666666666664,15625.0,83.49764646735697,1,4
apartamento,5800000,113.0,3,3,2,castropol,6.216543197631836,-75.56681060791016,8,14.125,48917.86962109346,739745.95924104,37.666666666666664,12769.0,83.62630406810368,1,4
apartamento,7000000,167.0,3,3,2,san lucas,6.184934616088867,-75.56820678710938,8,20.875,47354.22828936933,904097.3871733967,55.666666666666664,27889.0,80.95322066375543,1,4
casa,3100000,150.0,3,4,2,castropol,6.2165913581848145,-75.56981658935547,9,16.666666666666668,48917.86962109346,739745.95924104,50.0,22500.0,83.62630406810368,1,4
apartamento,5200000,115.0,2,2,2,laureles,6.242131233215332,-75.59481811523438,6,19.166666666666668,37952.470484611345,680619.6840826245,57.5,13225.0,64.88068391909857,1,4
apartamento,3350000,80.0,3,2,1,la loma de los bernal,6.217579364776611,-75.60416412353516,6,13.333333333333334,40721.08579809159,584155.2990556138,26.666666666666668,6400.0,69.61370005095546,1,1
apartamento,9000000,157.0,3,4,3,la florida,6.20292376,-75.56907541,10,15.7,45025.656955191065,832086.513994911,52.333333333333336,24649.0,76.97247056272704,1,9
apartamento,8150000,140.0,3,3,2,los naranjos,6.199004173278809,-75.55937194824219,8,17.5,49565.6761295771,827000.8873114464,46.666666666666664,19600.0,84.733745264447,1,4
casa,4500000,240.0,5,4,1,rosales,6.238000869750977,-75.58894348144531,10,24.0,31678.50652568974,626633.9869281045,48.0,57600.0,54.15518786203267,1,1
apartamento,6200000,115.0,2,2,2,laureles,6.242308139801025,-75.59518432617188,6,19.166666666666668,37952.470484611345,680619.6840826245,57.5,13225.0,64.88068391909857,1,4
apartamento,7800000,214.0,3,4,2,patio bonito,6.206817626953125,-75.5752944946289,9,23.77777777777778,43819.79935642627,741195.3041622199,71.33333333333333,45796.0,74.91102727015866,1,4
apartamento,4750000,130.0,3,2,2,las lomas no.2,6.208196640014648,-75.5588607788086,7,18.571428571428573,41861.648016276704,816005.6657223796,43.333333333333336,16900.0,71.56351928072442,1,4
apartamento,7650000,242.0,4,5,3,la castellana,6.240710735321045,-75.60774993896484,12,20.166666666666668,32305.993690851734,627000.0,60.5,58564.0,55.22789264004374,1,9
apartamento,3900000,79.0,3,2,1,la loma de los bernal,6.21934,-75.60588,6,13.166666666666666,40721.08579809159,584155.2990556138,26.333333333333332,6241.0,69.61370005095546,1,1
apartamento,3526239,100.0,3,3,2,los balsos no.1,6.1872601,-75.5619233,8,12.5,48115.75526148983,871145.722446916,33.333333333333336,10000.0,82.2550697961868,1,4
apartamento,7500000,163.0,3,3,2,lalinde,6.21161,-75.56708,8,20.375,53427.21397778484,890320.987654321,54.333333333333336,26569.0,91.33513941276176,1,4
apartamento,3500000,51.0,1,2,1,asomadera no.2,6.2237316999,-75.5617976189,4,12.75,51821.74887892377,772562.6740947075,51.0,2601.0,88.59055724742987,1,1
apartamento,3700000,92.0,3,2,0,villa carlota,6.222085,-75.5740749,5,18.4,54977.83356366141,748492.5201380898,30.666666666666668,8464.0,93.98596182156422,0,0
apartamento,7000000,170.0,4,4,2,las lomas no.1,6.2127,-75.55953,10,17.0,42753.43481316735,816268.3823529412,42.5,28900.0,73.08805079483885,1,4
apartamento,5600000,100.0,2,3,2,lalinde,6.21301,-75.56818,7,14.285714285714286,53427.21397778484,890320.987654321,50.0,10000.0,91.33513941276176,1,4
apartamento,3000000,85.0,3,5,0,ferrini,6.2688386,-75.5974197,8,10.625,34752.10477081384,530714.2857142857,28.333333333333332,7225.0,59.40957983414555,0,0
apartamento,5000000,150.0,4,3,2,castropol,6.21551,-75.56723,9,16.666666666666668,48917.86962109346,739745.95924104,37.5,22500.0,83.62630406810368,1,4
casa,3500000,200.0,4,3,1,la mota,6.21356,-75.59758,8,25.0,31054.252952250557,508263.3053221289,50.0,40000.0,53.08801098878807,1,1
casa,3500000,160.0,4,2,1,santa monica,6.24913777,-75.61509509,7,22.857142857142858,33578.94736842105,543750.0,40.0,25600.0,57.40403833341875,1,1
apartamento,3000000,94.0,3,2,1,la colina,6.20004,-75.59718,6,15.666666666666666,42341.269841269845,569066.6666666666,31.333333333333332,8836.0,72.38344461445728,1,1
apartamento,8300000,146.0,3,4,2,la florida,6.2051,-75.56201,9,16.22222222222222,45025.656955191065,832086.513994911,48.666666666666664,21316.0,76.97247056272704,1,4
apartamento,2600000,100.0,2,2,2,el poblado,6.208914,-75.56823,6,16.666666666666668,51331.92389006342,930592.3344947735,50.0,10000.0,87.7531893535319,1,4
apartamento,5800000,56.0,1,2,1,los balsos no.1,6.1915827,-75.56339,4,14.0,48115.75526148983,871145.722446916,56.0,3136.0,82.2550697961868,1,1
apartamento,2200000,90.0,3,2,1,villa carlota,6.224143,-75.57449,6,15.0,54977.83356366141,748492.5201380898,30.0,8100.0,93.98596182156422,1,1
apartamento,3750000,75.0,3,2,1,villa carlota,6.217198848724365,-75.57398223876953,6,12.5,54977.83356366141,748492.5201380898,25.0,5625.0,93.98596182156422,1,1
apartamento,5650000,132.0,3,2,2,los balsos no.2,6.197428226470947,-75.57089233398438,7,18.857142857142858,47300.9517913736,836162.823200559,44.0,17424.0,80.86214317702954,1,4
apartamento,7000000,167.0,2,4,2,el tesoro,6.206271648406982,-75.55966186523438,8,20.875,46307.752975324685,855149.2240350179,83.5,27889.0,79.1642453160979,1,4
apartamento,4700000,120.0,3,3,2,la loma de los bernal,6.2169694900512695,-75.60404968261719,8,15.0,40721.08579809159,584155.2990556138,40.0,14400.0,69.61370005095546,1,4
apartamento,3250000,77.0,3,2,1,villa carlota,6.22194557,-75.57394646,6,12.833333333333334,54977.83356366141,748492.5201380898,25.666666666666668,5929.0,93.98596182156422,1,1
apartamento,3800000,169.0,4,3,1,laureles,6.242885112762451,-75.5961685180664,8,21.125,37952.470484611345,680619.6840826245,42.25,28561.0,64.88068391909857,1,1
apartamento,7700000,118.0,2,2,2,los balsos no.1,6.191478252410889,-75.55966186523438,6,19.666666666666668,48115.75526148983,871145.722446916,59.0,13924.0,82.2550697961868,1,4
apartamento,5650000,200.0,3,3,2,santa maria de los angeles,6.188948631286621,-75.57931518554688,8,25.0,47391.397443391514,760224.6376811594,66.66666666666667,40000.0,81.01676224887126,1,4
apartamento,7900000,185.0,3,3,2,san lucas,6.182498455047607,-75.56712341308594,8,23.125,47354.22828936933,904097.3871733967,61.666666666666664,34225.0,80.95322066375543,1,4
apartamento,9000000,123.0,2,2,2,la florida,6.20439557,-75.57128814,6,20.5,45025.656955191065,832086.513994911,61.5,15129.0,76.97247056272704,1,4
apartamento,4650000,130.0,3,2,2,las acacias,6.2410054206848145,-75.60015869140625,7,18.571428571428573,34935.06493506493,672500.0,43.333333333333336,16900.0,59.7223547453697,1,4
apartamento,6800000,124.0,3,3,2,castropol,6.216109752655029,-75.56694793701172,8,15.5,48917.86962109346,739745.95924104,41.333333333333336,15376.0,83.62630406810368,1,4
apartamento,2600000,103.0,3,4,1,laureles,6.247066497802734,-75.59459686279297,8,12.875,37952.470484611345,680619.6840826245,34.333333333333336,10609.0,64.88068391909857,1,1
apartamento,3500000,85.0,2,2,1,los conquistadores,6.241431713104248,-75.57923889160156,5,17.0,30995.98034836981,625225.2252252252,42.5,7225.0,52.98839253588492,1,1
apartamento,8000000,164.0,3,3,2,los balsos no.1,6.189914703369141,-75.5639419555664,8,20.5,48115.75526148983,871145.722446916,54.666666666666664,26896.0,82.2550697961868,1,4
casa,2000000,100.0,3,2,0,prado,6.257996082305908,-75.56002807617188,5,20.0,28816.08339538347,604687.5,33.333333333333336,10000.0,49.261804954708616,0,0
apartamento,8500000,235.0,3,4,1,castropol,6.2233338,-75.5678761,8,29.375,48917.86962109346,739745.95924104,78.33333333333333,55225.0,83.62630406810368,1,1
apartamento,3000000,120.0,3,2,0,la castellana,6.23867988,-75.60613243,5,24.0,32305.993690851734,627000.0,40.0,14400.0,55.22789264004374,0,0
apartamento,3400000,73.0,3,2,1,la castellana,6.240499973297119,-75.60771179199219,6,12.166666666666666,32305.993690851734,627000.0,24.333333333333332,5329.0,55.22789264004374,1,1
apartamento,820000,40.0,1,1,0,manrique oriental,6.2634864,-75.5523038,2,20.0,20500.0,410000.0,40.0,1600.0,35.045255377533856,0,0
apartamento,5700000,112.0,3,2,2,santa maria de los angeles,6.18862963,-75.580276255,7,16.0,47391.397443391514,760224.6376811594,37.333333333333336,12544.0,81.01676224887126,1,4
apartamento,3000000,85.5,3,3,1,campo amor,6.2120137,-75.5798736,7,12.214285714285714,41497.65990639626,782352.9411764706,28.5,7310.25,70.94127263364413,1,1
apartamento,3550000,65.0,2,5,0,asomadera no.2,6.2230946,-75.5614066,7,9.285714285714286,51821.74887892377,772562.6740947075,32.5,4225.0,88.59055724742987,0,0
apartamento,5500000,79.0,3,5,0,belen rincon,6.2153147,-75.6078283,8,9.875,42767.5585284281,568333.3333333334,26.333333333333332,6241.0,73.11219563426286,0,0
apartamento,3800000,77.0,3,5,0,asomadera no.2,6.2230946,-75.5614066,8,9.625,51821.74887892377,772562.6740947075,25.666666666666668,5929.0,88.59055724742987,0,0
apartamento,5700000,110.0,3,3,2,villa carlota,6.22057,-75.57459,8,13.75,54977.83356366141,748492.5201380898,36.666666666666664,12100.0,93.98596182156422,1,4
apartamento,9000000,175.0,3,3,2,alejandria,6.20176,-75.57058,8,21.875,48842.610337435945,852482.6560951438,58.333333333333336,30625.0,83.49764646735697,1,4
apartamento,3200000,83.0,3,2,1,san jose del manzanillo,6.21118,-75.61023,6,13.833333333333334,47112.462006079026,534482.7586206896,27.666666666666668,6889.0,80.53991524231222,1,1
apartamento,8300000,236.0,4,4,2,alejandria,6.19809,-75.56925,10,23.6,48842.610337435945,852482.6560951438,59.0,55696.0,83.49764646735697,1,4
apartamento,4500000,115.0,3,3,2,la pilarica,6.27446,-75.58399,8,14.375,30057.95574288725,528240.7407407408,38.333333333333336,13225.0,51.38481634810215,1,4
apartamento,6800000,109.0,2,3,2,el tesoro,6.2049777,-75.5509809,7,15.571428571428571,46307.752975324685,855149.2240350179,54.5,11881.0,79.1642453160979,1,4
apartamento,1800000,40.0,2,1,0,asomadera no.1,6.2289767,-75.563255,3,13.333333333333334,48571.57944764218,665557.1635311143,20.0,1600.0,83.03431247964855,0,0
apartamento,2900000,92.0,2,3,2,san diego,6.2277822,-75.56868,7,13.142857142857142,47227.322103995706,654899.8185117968,46.0,8464.0,80.73627141129654,1,4
apartamento,2100000,110.0,4,2,2,bolivariana,6.2481303,-75.59164,8,13.75,37400.24554941682,658648.6486486486,27.5,12100.0,63.936641778623724,1,4
apartamento,2600000,89.0,3,2,2,castropol,6.2176514,-75.56446,7,12.714285714285714,48917.86962109346,739745.95924104,29.666666666666668,7921.0,83.62630406810368,1,4
apartamento,9200000,174.0,2,3,2,los balsos no.1,6.193385601043701,-75.56217193603516,7,24.857142857142858,48115.75526148983,871145.722446916,87.0,30276.0,82.2550697961868,1,4
apartamento,8200000,267.0,4,3,3,la florida,6.205480098724365,-75.56455993652344,10,26.7,45025.656955191065,832086.513994911,66.75,71289.0,76.97247056272704,1,9
apartamento,5200000,171.0,3,3,2,san lucas,6.179965019226074,-75.5640640258789,8,21.375,47354.22828936933,904097.3871733967,57.0,29241.0,80.95322066375543,1,4
apartamento,3600000,84.0,3,2,1,altos del poblado,6.215419769287109,-75.55437469482422,6,14.0,58495.7928802589,930019.3704600484,28.0,7056.0,100.0,1,1
apartamento,8500000,278.0,4,3,2,laureles,6.242131233215332,-75.59481811523438,9,30.88888888888889,37952.470484611345,680619.6840826245,69.5,77284.0,64.88068391909857,1,4
apartamento,3650000,70.0,2,2,1,laureles,6.24623441696167,-75.59576416015625,5,14.0,37952.470484611345,680619.6840826245,35.0,4900.0,64.88068391909857,1,1
apartamento,5200000,175.0,3,3,2,san lucas,6.179681301116943,-75.56349182128906,8,21.875,47354.22828936933,904097.3871733967,58.333333333333336,30625.0,80.95322066375543,1,4
apartamento,2750000,80.0,3,2,1,la loma de los bernal,6.218761444091797,-75.60413360595703,6,13.333333333333334,40721.08579809159,584155.2990556138,26.666666666666668,6400.0,69.61370005095546,1,1
apartamento,3400000,42.0,3,2,1,patio bonito,6.205713748931885,-75.57459259033203,6,7.0,43819.79935642627,741195.3041622199,14.0,1764.0,74.91102727015866,1,1
apartamento,5800000,100.0,2,3,2,el tesoro,6.206051349639893,-75.55272674560547,7,14.285714285714286,46307.752975324685,855149.2240350179,50.0,10000.0,79.1642453160979,1,4
apartamento,6500000,140.0,3,4,2,castropol,6.216158866882324,-75.56645202636719,9,15.555555555555555,48917.86962109346,739745.95924104,46.666666666666664,19600.0,83.62630406810368,1,4
apartamento,8500000,257.0,4,4,2,san lucas,6.179832458496094,-75.56441497802734,10,25.7,47354.22828936933,904097.3871733967,64.25,66049.0,80.95322066375543,1,4
apartamento,6650000,122.0,2,3,2,los balsos no.2,6.19558048248291,-75.56987762451172,7,17.428571428571427,47300.9517913736,836162.823200559,61.0,14884.0,80.86214317702954,1,4
apartamento,9850000,125.0,2,3,1,asomadera no.1,6.225461483001709,-75.56105041503906,6,20.833333333333332,48571.57944764218,665557.1635311143,62.5,15625.0,83.03431247964855,1,1
apartamento,9200000,134.0,3,3,2,los balsos no.2,6.192737102508545,-75.56841278076172,8,16.75,47300.9517913736,836162.823200559,44.666666666666664,17956.0,80.86214317702954,1,4
apartamento,2850000,110.0,3,2,1,los colores,6.265888690948486,-75.59309387207031,6,18.333333333333332,34639.764996907856,599064.1711229946,36.666666666666664,12100.0,59.21753222118996,1,1
apartamento,6650000,150.0,4,4,2,el diamante no.2,6.182950973510742,-75.57328796386719,10,15.0,43639.65496971377,774744.3419949707,37.5,22500.0,74.60306600005285,1,4
apartamento,1700000,50.0,2,1,0,el rincon,6.211750507354736,-75.60246276855469,3,16.666666666666668,35361.216730038024,498214.28571428574,25.0,2500.0,60.45087174461001,0,0
apartamento,7500000,95.0,2,2,2,lalinde,6.2127355,-75.5678018,6,15.833333333333334,53427.21397778484,890320.987654321,47.5,9025.0,91.33513941276176,1,4
apartamento,950000,70.0,2,1,0,asomadera no.1,6.228593349456787,-75.56089782714844,3,23.333333333333332,48571.57944764218,665557.1635311143,35.0,4900.0,83.03431247964855,0,0
casa,6300000,300.0,5,5,2,granada,6.231513500213623,-75.5914077758789,12,25.0,26254.6468401487,553921.568627451,60.0,90000.0,44.88296601755968,1,4
apartamento,5250000,128.0,3,4,2,la florida,6.2023155,-75.5677015,9,14.222222222222221,45025.656955191065,832086.513994911,42.666666666666664,16384.0,76.97247056272704,1,4
apartamento,6000000,156.0,3,3,2,san lucas,6.17994,-75.56406,8,19.5,47354.22828936933,904097.3871733967,52.0,24336.0,80.95322066375543,1,4
apartamento,6500000,120.0,3,5,0,santa maria de los angeles,6.1908384,-75.5781239,8,15.0,47391.397443391514,760224.6376811594,40.0,14400.0,81.01676224887126,0,0
apartamento,8200000,130.0,3,5,1,el tesoro,6.20472,-75.55494,9,14.444444444444445,46307.752975324685,855149.2240350179,43.333333333333336,16900.0,79.1642453160979,1,1
apartamento,3900000,71.0,3,5,0,la loma de los bernal,6.2175274,-75.6025313,8,8.875,40721.08579809159,584155.2990556138,23.666666666666668,5041.0,69.61370005095546,0,0
apartamento,3300000,80.0,3,2,1,san diego,6.23039,-75.56769,6,13.333333333333334,47227.322103995706,654899.8185117968,26.666666666666668,6400.0,80.73627141129654,1,1
apartamento,8000000,260.0,5,5,3,la florida,6.20468,-75.56883,13,20.0,45025.656955191065,832086.513994911,52.0,67600.0,76.97247056272704,1,9
apartamento,3400000,85.0,3,2,1,el poblado,6.21087,-75.56791,6,14.166666666666666,51331.92389006342,930592.3344947735,28.333333333333332,7225.0,87.7531893535319,1,1
casa,5800000,340.0,5,5,2,san joaquin,6.24608253,-75.58705839,12,28.333333333333332,32753.58855757907,569436.2017804154,68.0,115600.0,55.9930670990746,1,4
apartamento,7000000,135.0,3,5,2,castropol,6.21597,-75.56555,10,13.5,48917.86962109346,739745.95924104,45.0,18225.0,83.62630406810368,1,4
casa,8000000,400.0,5,4,2,simon bolivar,6.24432,-75.60473,11,36.36363636363637,28965.474716228782,659298.245614035,80.0,160000.0,49.51719310057257,1,4
apartamento,3600000,70.0,3,2,1,lalinde,6.2115853,-75.5654047,6,11.666666666666666,53427.21397778484,890320.987654321,23.333333333333332,4900.0,91.33513941276176,1,1
casa,8000000,150.0,3,3,1,laureles,6.2434,-75.5946,7,21.428571428571427,37952.470484611345,680619.6840826245,50.0,22500.0,64.88068391909857,1,1
apartamento,2300000,78.0,3,2,0,las playas,6.218729,-75.59829,5,15.6,29487.17948717949,460000.0,26.0,6084.0,50.40906026787234,0,0
apartamento,1700000,52.0,3,2,0,belen rincon,6.210984,-75.60516,5,10.4,42767.5585284281,568333.3333333334,17.333333333333332,2704.0,73.11219563426286,0,0
apartamento,2800000,86.0,2,2,1,la floresta,6.255391,-75.602066,5,17.2,27946.058091286308,552049.1803278689,43.0,7396.0,47.77447524900123,1,1
casa,3500000,144.0,4,4,2,asomadera no.2,6.223169326782227,-75.56027221679688,10,14.4,51821.74887892377,772562.6740947075,36.0,20736.0,88.59055724742987,1,4
apartamento,3300000,80.0,3,2,1,los conquistadores,6.2418622970581055,-75.58100891113281,6,13.333333333333334,30995.98034836981,625225.2252252252,26.666666666666668,6400.0,52.98839253588492,1,1
apartamento,4700000,135.0,3,2,2,castropol,6.216109752655029,-75.56694793701172,7,19.285714285714285,48917.86962109346,739745.95924104,45.0,18225.0,83.62630406810368,1,4
apartamento,5200000,147.0,3,2,2,patio bonito,6.2033491134643555,-75.573974609375,7,21.0,43819.79935642627,741195.3041622199,49.0,21609.0,74.91102727015866,1,4
casa,7600000,215.0,3,4,2,castropol,6.216109752655029,-75.56694793701172,9,23.88888888888889,48917.86962109346,739745.95924104,71.66666666666667,46225.0,83.62630406810368,1,4
apartamento,7100000,125.0,3,4,2,asomadera no.2,6.215826034545898,-75.5623779296875,9,13.88888888888889,51821.74887892377,772562.6740947075,41.666666666666664,15625.0,88.59055724742987,1,4
apartamento,3950000,92.0,3,2,1,patio bonito,6.204817295074463,-75.57514190673828,6,15.333333333333334,43819.79935642627,741195.3041622199,30.666666666666668,8464.0,74.91102727015866,1,1
apartamento,5950000,120.0,3,3,2,san lucas,6.181161403656006,-75.56539916992188,8,15.0,47354.22828936933,904097.3871733967,40.0,14400.0,80.95322066375543,1,4
apartamento,4700000,152.0,3,3,2,laureles,6.242758750915527,-75.59607696533203,8,19.0,37952.470484611345,680619.6840826245,50.666666666666664,23104.0,64.88068391909857,1,4
apartamento,4650000,131.0,3,2,1,la aguacatala,6.197568416595459,-75.57805633544922,6,21.833333333333332,51442.75043487159,795490.506329114,43.666666666666664,17161.0,87.9426500640398,1,1
apartamento,3200000,89.0,3,2,1,los colores,6.265470027923584,-75.59248352050781,6,14.833333333333334,34639.764996907856,599064.1711229946,29.666666666666668,7921.0,59.21753222118996,1,1
apartamento,6150000,156.0,3,3,2,los naranjos,6.195285797119141,-75.56262969970703,8,19.5,49565.6761295771,827000.8873114464,52.0,24336.0,84.733745264447,1,4
apartamento,8700000,122.0,2,3,2,altos del poblado,6.214715480804443,-75.55484008789062,7,17.428571428571427,58495.7928802589,930019.3704600484,61.0,14884.0,100.0,1,4
apartamento,4500000,120.0,3,2,1,laureles,6.242363929748535,-75.5956039428711,6,20.0,37952.470484611345,680619.6840826245,40.0,14400.0,64.88068391909857,1,1
apartamento,3000000,88.0,3,3,0,santa fe,6.22316,-75.58635,6,14.666666666666666,48109.58350181965,701917.4041297935,29.333333333333332,7744.0,82.24451902088094,0,0
apartamento,4800000,68.0,1,1,1,san diego,6.2271348,-75.5664047,3,22.666666666666668,47227.322103995706,654899.8185117968,68.0,4624.0,80.73627141129654,1,1
apartamento,4000000,120.0,4,2,1,el velodromo,6.2518541,-75.5932499,7,17.142857142857142,33048.78048780488,624423.9631336406,30.0,14400.0,56.497704981033166,1,1
apartamento,9000000,120.0,3,2,0,laureles,6.2447,-75.59899,5,24.0,37952.470484611345,680619.6840826245,40.0,14400.0,64.88068391909857,0,0
apartamento,4900000,61.0,1,2,1,los balsos no.1,6.1931636,-75.5623986,4,15.25,48115.75526148983,871145.722446916,61.0,3721.0,82.2550697961868,1,1
apartamento,3600000,77.0,3,5,0,asomadera no.2,6.2230946,-75.5614066,8,9.625,51821.74887892377,772562.6740947075,25.666666666666668,5929.0,88.59055724742987,0,0
apartamento,6000000,75.0,2,2,1,el diamante no.2,6.18925,-75.5764,5,15.0,43639.65496971377,774744.3419949707,37.5,5625.0,74.60306600005285,1,1
apartamento,3300000,90.0,3,2,1,villa carlota,6.21636,-75.57101,6,15.0,54977.83356366141,748492.5201380898,30.0,8100.0,93.98596182156422,1,1
apartamento,8000000,130.0,3,5,1,el tesoro,6.20472,-75.55494,9,14.444444444444445,46307.752975324685,855149.2240350179,43.333333333333336,16900.0,79.1642453160979,1,1
apartamento,4600000,86.0,3,2,1,castropol,6.21765,-75.56635,6,14.333333333333334,48917.86962109346,739745.95924104,28.666666666666668,7396.0,83.62630406810368,1,1
apartamento,5100000,73.0,3,2,0,asomadera no.1,6.22700787,-75.5639868,5,14.6,48571.57944764218,665557.1635311143,24.333333333333332,5329.0,83.03431247964855,0,0
apartamento,6800000,144.0,3,3,2,san lucas,6.17994,-75.56406,8,18.0,47354.22828936933,904097.3871733967,48.0,20736.0,80.95322066375543,1,4
apartamento,6500000,180.0,3,4,2,asomadera no.2,6.21655,-75.56135,9,20.0,51821.74887892377,772562.6740947075,60.0,32400.0,88.59055724742987,1,4
apartamento,7500000,168.0,3,3,2,la florida,6.20747,-75.56015,8,21.0,45025.656955191065,832086.513994911,56.0,28224.0,76.97247056272704,1,4
apartamento,5500000,90.0,1,2,1,san lucas,6.18066,-75.56244,4,22.5,47354.22828936933,904097.3871733967,90.0,8100.0,80.95322066375543,1,1
apartamento,5200000,80.0,2,2,2,las lomas no.2,6.20853,-75.55545,6,13.333333333333334,41861.648016276704,816005.6657223796,40.0,6400.0,71.56351928072442,1,4
apartamento,3000000,90.0,3,2,2,la gloria,6.2209477,-75.60398,7,12.857142857142858,34291.07710077967,552325.5813953489,30.0,8100.0,58.62144166670863,1,4
apartamento,3700000,114.0,4,2,1,florida nueva,6.2514606,-75.59279,7,16.285714285714285,34915.907498248074,668791.9463087248,28.5,12996.0,59.68960463485137,1,1
apartamento,2200000,70.0,3,2,1,san javier no.1,6.255924,-75.6148,6,11.666666666666666,26785.714285714286,375000.0,23.333333333333332,4900.0,45.790838907927515,1,1
apartamento,3800000,90.0,3,2,1,castropol,6.225630283355713,-75.56774139404297,6,15.0,48917.86962109346,739745.95924104,30.0,8100.0,83.62630406810368,1,1
apartamento,3700000,75.0,3,2,1,calasanz,6.260915756225586,-75.59898376464844,6,12.5,32548.10882548109,537043.795620438,25.0,5625.0,55.64179443145114,1,1
apartamento,4200000,86.0,2,2,1,alejandria,6.196831226348877,-75.56705474853516,5,17.2,48842.610337435945,852482.6560951438,43.0,7396.0,83.49764646735697,1,1
apartamento,3150000,118.0,3,2,1,santa maria de los angeles,6.188607692718506,-75.58257293701172,6,19.666666666666668,47391.397443391514,760224.6376811594,39.333333333333336,13924.0,81.01676224887126,1,1
apartamento,7700000,130.0,2,3,2,el tesoro,6.198575496673584,-75.55679321289062,7,18.571428571428573,46307.752975324685,855149.2240350179,65.0,16900.0,79.1642453160979,1,4
apartamento,4900000,142.0,3,3,2,los balsos no.1,6.186973571777344,-75.56109619140625,8,17.75,48115.75526148983,871145.722446916,47.333333333333336,20164.0,82.2550697961868,1,4
apartamento,4300000,185.0,5,4,2,laureles,6.242351055145264,-75.59495544433594,11,16.818181818181817,37952.470484611345,680619.6840826245,37.0,34225.0,64.88068391909857,1,4
apartamento,4600000,95.0,2,2,1,los balsos no.1,6.185676097869873,-75.55796813964844,5,19.0,48115.75526148983,871145.722446916,47.5,9025.0,82.2550697961868,1,1
apartamento,3900000,70.0,3,2,1,la loma de los bernal,6.2175274,-75.6025313,6,11.666666666666666,40721.08579809159,584155.2990556138,23.333333333333332,4900.0,69.61370005095546,1,1
apartamento,4450000,90.0,3,2,2,la aguacatala,6.199697971343994,-75.57489776611328,7,12.857142857142858,51442.75043487159,795490.506329114,30.0,8100.0,87.9426500640398,1,4
apartamento,6300000,145.0,3,3,2,alejandria,6.199336051940918,-75.57052612304688,8,18.125,48842.610337435945,852482.6560951438,48.333333333333336,21025.0,83.49764646735697,1,4
apartamento,4200000,264.0,3,4,2,la florida,6.203514099121094,-75.56880187988281,9,29.333333333333332,45025.656955191065,832086.513994911,88.0,69696.0,76.97247056272704,1,4
apartamento,5200000,140.0,3,3,2,san joaquin,6.248112678527832,-75.5850830078125,8,17.5,32753.58855757907,569436.2017804154,46.666666666666664,19600.0,55.9930670990746,1,4
apartamento,4200000,150.0,4,2,1,las acacias,6.240993499755859,-75.60108184814453,7,21.428571428571427,34935.06493506493,672500.0,37.5,22500.0,59.7223547453697,1,1
apartamento,9200000,200.0,3,4,2,la florida,6.204597473144531,-75.56379699707031,9,22.22222222222222,45025.656955191065,832086.513994911,66.66666666666667,40000.0,76.97247056272704,1,4
apartamento,5200000,146.0,3,3,2,astorga,6.211338043212891,-75.57563781738281,8,18.25,38915.5662264906,771825.3968253968,48.666666666666664,21316.0,66.52711983261925,1,4
casa,5000000,185.0,4,4,1,el nogal-los almendros,6.236688137054443,-75.59894561767578,9,20.555555555555557,31931.988041853514,623722.6277372263,46.25,34225.0,54.5885207628836,1,1
casa,5000000,145.0,5,2,0,los colores,6.26722913,-75.59481428,7,20.714285714285715,34639.764996907856,599064.1711229946,29.0,21025.0,59.21753222118996,0,0
apartamento,2400000,56.0,2,2,0,san joaquin,6.247337818145752,-75.58446502685547,4,14.0,32753.58855757907,569436.2017804154,28.0,3136.0,55.9930670990746,0,0
apartamento,6000000,75.0,2,2,1,el diamante no.2,6.18925,-75.5764,5,15.0,43639.65496971377,774744.3419949707,37.5,5625.0,74.60306600005285,1,1
apartamento,4800000,92.0,3,3,1,castropol,6.22216866,-75.56775269,7,13.142857142857142,48917.86962109346,739745.95924104,30.666666666666668,8464.0,83.62630406810368,1,1
apartamento,2200000,54.0,2,5,0,loreto,6.2275166,-75.5587685,7,7.714285714285714,37293.72937293729,403571.4285714286,27.0,2916.0,63.75454974903526,0,0
apartamento,2600000,70.0,3,5,0,castropol,6.2241655,-75.5676075,8,8.75,48917.86962109346,739745.95924104,23.333333333333332,4900.0,83.62630406810368,0,0
apartamento,4000000,158.0,4,3,1,la candelaria,6.25093938,-75.56298251,8,19.75,33260.86956521739,689189.1891891892,39.5,24964.0,56.86027648740912,1,1
apartamento,6400000,143.0,3,2,2,los balsos no.2,6.19253,-75.56728,7,20.428571428571427,47300.9517913736,836162.823200559,47.666666666666664,20449.0,80.86214317702954,1,4
apartamento,3500000,75.0,3,2,1,villa carlota,6.22167,-75.57419,6,12.5,54977.83356366141,748492.5201380898,25.0,5625.0,93.98596182156422,1,1
apartamento,2900000,65.0,3,2,1,los colores,6.26381,-75.58945,6,10.833333333333334,34639.764996907856,599064.1711229946,21.666666666666668,4225.0,59.21753222118996,1,1
apartamento,6800000,150.0,3,2,2,las lomas no.1,6.20898,-75.55984,7,21.428571428571427,42753.43481316735,816268.3823529412,50.0,22500.0,73.08805079483885,1,4
casa,7500000,350.0,5,5,2,belen,6.23519,-75.59482,12,29.166666666666668,34214.434214434215,771428.5714285715,70.0,122500.0,58.49041876305752,1,4
apartamento,3300000,67.0,2,2,1,santa fe,6.220375,-75.57788,5,13.4,48109.58350181965,701917.4041297935,33.5,4489.0,82.24451902088094,1,1
apartamento,2500000,50.0,1,1,1,la loma de los bernal,6.2171817,-75.60234,3,16.666666666666668,40721.08579809159,584155.2990556138,50.0,2500.0,69.61370005095546,1,1
apartamento,9350000,153.0,3,3,2,la florida,6.203271,-75.56566,8,19.125,45025.656955191065,832086.513994911,51.0,23409.0,76.97247056272704,1,4
casa,6600000,200.0,4,4,2,castropol,6.215447425842285,-75.56624603271484,10,20.0,48917.86962109346,739745.95924104,50.0,40000.0,83.62630406810368,1,4
apartamento,5900000,89.0,3,2,1,castropol,6.216109752655029,-75.56694793701172,6,14.833333333333334,48917.86962109346,739745.95924104,29.666666666666668,7921.0,83.62630406810368,1,1
apartamento,3000000,89.0,3,1,1,los colores,6.265616416931152,-75.59269714355469,5,17.8,34639.764996907856,599064.1711229946,29.666666666666668,7921.0,59.21753222118996,1,1
apartamento,5450000,103.0,3,3,1,villa carlota,6.221945762634277,-75.57394409179688,7,14.714285714285714,54977.83356366141,748492.5201380898,34.333333333333336,10609.0,93.98596182156422,1,1
apartamento,7500000,140.0,5,4,2,santa maria de los angeles,6.191295146942139,-75.57906341552734,11,12.727272727272727,47391.397443391514,760224.6376811594,28.0,19600.0,81.01676224887126,1,4
apartamento,3300000,105.0,3,2,1,laureles,6.242308139801025,-75.59518432617188,6,17.5,37952.470484611345,680619.6840826245,35.0,11025.0,64.88068391909857,1,1
casa,3300000,150.0,4,4,2,castropol,6.217343330383301,-75.56770324707031,10,15.0,48917.86962109346,739745.95924104,37.5,22500.0,83.62630406810368,1,4
apartamento,8700000,150.0,3,4,2,las lomas no.1,6.210700035095215,-75.56108093261719,9,16.666666666666668,42753.43481316735,816268.3823529412,50.0,22500.0,73.08805079483885,1,4
apartamento,4200000,95.0,3,2,2,la florida,6.2045087814331055,-75.56468200683594,7,13.571428571428571,45025.656955191065,832086.513994911,31.666666666666668,9025.0,76.97247056272704,1,4
apartamento,7300000,182.0,3,3,2,la florida,6.203094482421875,-75.57052612304688,8,22.75,45025.656955191065,832086.513994911,60.666666666666664,33124.0,76.97247056272704,1,4
apartamento,4900000,89.0,3,2,1,castropol,6.216109752655029,-75.56694793701172,6,14.833333333333334,48917.86962109346,739745.95924104,29.666666666666668,7921.0,83.62630406810368,1,1
casa,7800000,200.0,3,3,2,el tesoro,6.197990417480469,-75.55711364746094,8,25.0,46307.752975324685,855149.2240350179,66.66666666666667,40000.0,79.1642453160979,1,4
apartamento,6800000,63.0,1,1,1,san lucas,6.1806623,-75.5624414,3,21.0,47354.22828936933,904097.3871733967,63.0,3969.0,80.95322066375543,1,1
apartamento,4200000,85.0,3,2,2,la mota,6.208929538726807,-75.59899139404297,7,12.142857142857142,31054.252952250557,508263.3053221289,28.333333333333332,7225.0,53.08801098878807,1,4
apartamento,5300000,156.0,3,3,2,san lucas,6.18418025970459,-75.5631103515625,8,19.5,47354.22828936933,904097.3871733967,52.0,24336.0,80.95322066375543,1,4
apartamento,5000000,105.0,2,2,1,lalinde,6.212660789489746,-75.56739807128906,5,21.0,53427.21397778484,890320.987654321,52.5,11025.0,91.33513941276176,1,1
apartamento,3500000,93.0,2,2,1,laureles,6.243419170379639,-75.59467315673828,5,18.6,37952.470484611345,680619.6840826245,46.5,8649.0,64.88068391909857,1,1
apartamento,8700000,276.0,3,4,3,san lucas,6.184606552124023,-75.5673828125,10,27.6,47354.22828936933,904097.3871733967,92.0,76176.0,80.95322066375543,1,9
apartamento,2500000,75.0,3,1,0,san lucas,6.17803,-75.56235,4,18.75,47354.22828936933,904097.3871733967,25.0,5625.0,80.95322066375543,0,0
apartamento,3680000,40.0,1,1,1,el poblado,6.2090474,-75.5707221,3,13.333333333333334,51331.92389006342,930592.3344947735,40.0,1600.0,87.7531893535319,1,1
apartamento,1000000,50.0,2,1,0,sevilla,6.2664029,-75.5652434,3,16.666666666666668,25909.090909090908,475000.0,25.0,2500.0,44.292229634577154,0,0
apartamento,4800000,126.0,3,3,1,astorga,6.21087,-75.57559,7,18.0,38915.5662264906,771825.3968253968,42.0,15876.0,66.52711983261925,1,1
apartamento,2000000,68.0,3,2,0,el pesebre,6.27087524,-75.60026802,5,13.6,29411.764705882353,400000.0,22.666666666666668,4624.0,50.28013684007727,0,0
apartamento,4700000,110.0,3,3,2,alejandria,6.20075,-75.56742,8,13.75,48842.610337435945,852482.6560951438,36.666666666666664,12100.0,83.49764646735697,1,4
apartamento,2100000,70.0,3,2,1,la loma de los bernal,6.21905,-75.60705,6,11.666666666666666,40721.08579809159,584155.2990556138,23.333333333333332,4900.0,69.61370005095546,1,1
casa,9500000,300.0,5,5,2,belen,6.23356,-75.59433,12,25.0,34214.434214434215,771428.5714285715,60.0,90000.0,58.49041876305752,1,4
apartamento,3700000,97.0,3,3,2,san lucas,6.1843451,-75.5623475,8,12.125,47354.22828936933,904097.3871733967,32.333333333333336,9409.0,80.95322066375543,1,4
apartamento,6500000,110.0,3,2,1,santa maria de los angeles,6.190982341766357,-75.57823944091797,6,18.333333333333332,47391.397443391514,760224.6376811594,36.666666666666664,12100.0,81.01676224887126,1,1
apartamento,4600000,127.0,3,4,2,el tesoro,6.206494,-75.55937,9,14.11111111111111,46307.752975324685,855149.2240350179,42.333333333333336,16129.0,79.1642453160979,1,4
apartamento,4800000,100.0,3,4,2,castropol,6.2208533,-75.568596,9,11.11111111111111,48917.86962109346,739745.95924104,33.333333333333336,10000.0,83.62630406810368,1,4
apartamento,4200000,109.0,2,2,1,las lomas no.1,6.2123694,-75.559364,5,21.8,42753.43481316735,816268.3823529412,54.5,11881.0,73.08805079483885,1,1
apartamento,3950000,76.0,2,3,1,villa carlota,6.218197822570801,-75.57340240478516,6,12.666666666666666,54977.83356366141,748492.5201380898,38.0,5776.0,93.98596182156422,1,1
apartamento,4700000,170.0,3,4,3,el diamante no.2,6.18180513381958,-75.57451629638672,10,17.0,43639.65496971377,774744.3419949707,56.666666666666664,28900.0,74.60306600005285,1,9
apartamento,7400000,214.0,3,4,3,san lucas,6.1797075271606445,-75.56407165527344,10,21.4,47354.22828936933,904097.3871733967,71.33333333333333,45796.0,80.95322066375543,1,9
apartamento,3150000,70.0,3,2,1,villa carlota,6.21848201751709,-75.57445526123047,6,11.666666666666666,54977.83356366141,748492.5201380898,23.333333333333332,4900.0,93.98596182156422,1,1
apartamento,4400000,67.0,1,2,1,los balsos no.2,6.19558048248291,-75.56987762451172,4,16.75,47300.9517913736,836162.823200559,67.0,4489.0,80.86214317702954,1,1
apartamento,4200000,155.0,3,3,1,las acacias,6.239221096038818,-75.59843444824219,7,22.142857142857142,34935.06493506493,672500.0,51.666666666666664,24025.0,59.7223547453697,1,1
apartamento,3600000,82.0,3,2,1,santa teresita,6.243633270263672,-75.61070251464844,6,13.666666666666666,26323.37946103423,520028.77697841724,27.333333333333332,6724.0,45.00046612739874,1,1
casa,3600000,115.0,5,3,1,lorena,6.248669624328613,-75.5997085571289,9,12.777777777777779,35721.295387634935,652329.7491039427,23.0,13225.0,61.06643508663359,1,1
casa,7650000,250.0,5,5,3,los balsos no.2,6.196803092956543,-75.57096862792969,13,19.23076923076923,47300.9517913736,836162.823200559,50.0,62500.0,80.86214317702954,1,9
apartamento,2000000,55.0,2,2,0,calasanz,6.260915756225586,-75.59898376464844,4,13.75,32548.10882548109,537043.795620438,27.5,3025.0,55.64179443145114,0,0
apartamento,6200000,140.0,3,4,2,laureles,6.242308139801025,-75.59518432617188,9,15.555555555555555,37952.470484611345,680619.6840826245,46.666666666666664,19600.0,64.88068391909857,1,4
apartamento,5700000,50.0,1,1,1,la florida,6.2059198432,-75.5688500465,3,16.666666666666668,45025.656955191065,832086.513994911,50.0,2500.0,76.97247056272704,1,1
apartamento,3400000,70.0,3,2,1,la castellana,6.2408223152160645,-75.60787963867188,6,11.666666666666666,32305.993690851734,627000.0,23.333333333333332,4900.0,55.22789264004374,1,1
apartamento,7800000,106.0,3,2,2,el poblado,6.207086086273193,-75.5677261352539,7,15.142857142857142,51331.92389006342,930592.3344947735,35.333333333333336,11236.0,87.7531893535319,1,4
apartamento,8800000,158.0,2,3,2,el tesoro,6.204051494598389,-75.55583953857422,7,22.571428571428573,46307.752975324685,855149.2240350179,79.0,24964.0,79.1642453160979,1,4
apartamento,5500000,180.0,3,3,1,belen,6.233511924743652,-75.59419250488281,7,25.714285714285715,34214.434214434215,771428.5714285715,60.0,32400.0,58.49041876305752,1,1
apartamento,1200000,30.0,1,1,0,trinidad,6.22714,-75.58356,2,15.0,34098.360655737706,472727.2727272727,30.0,900.0,58.291988152955156,0,0
apartamento,3000000,74.0,3,2,1,los colores,6.26499,-75.58862,6,12.333333333333334,34639.764996907856,599064.1711229946,24.666666666666668,5476.0,59.21753222118996,1,1
apartamento,3000000,65.0,3,2,0,boston,6.2479154,-75.5582574,5,13.0,28429.680759275238,599090.9090909091,21.666666666666668,4225.0,48.60124012246641,0,0
apartamento,4200000,110.0,3,3,2,la aguacatala,6.199026,-75.577885,8,13.75,51442.75043487159,795490.506329114,36.666666666666664,12100.0,87.9426500640398,1,4
apartamento,4800000,86.0,3,2,1,villa carlota,6.22424,-75.574481,6,14.333333333333334,54977.83356366141,748492.5201380898,28.666666666666668,7396.0,93.98596182156422,1,1
casa,8800000,236.0,4,5,2,las lomas no.1,6.213986,-75.560634,11,21.454545454545453,42753.43481316735,816268.3823529412,59.0,55696.0,73.08805079483885,1,4
apartamento,6500000,115.0,2,3,2,los balsos no.1,6.18928,-75.56715,7,16.428571428571427,48115.75526148983,871145.722446916,57.5,13225.0,82.2550697961868,1,4
casa,4800000,121.0,5,4,0,miravalle,6.23449,-75.60067,9,13.444444444444445,42041.52249134948,650892.8571428572,24.2,14641.0,71.87101913022809,0,0
apartamento,7500000,120.0,2,3,2,las lomas no.1,6.21208,-75.56313,7,17.142857142857142,42753.43481316735,816268.3823529412,60.0,14400.0,73.08805079483885,1,4
casa,6000000,280.0,4,3,2,suramericana,6.25593,-75.58446,9,31.11111111111111,26951.114922813034,661578.947368421,70.0,78400.0,46.07359537459739,1,4
apartamento,7800000,140.0,3,3,1,alejandria,6.20203,-75.56864,7,20.0,48842.610337435945,852482.6560951438,46.666666666666664,19600.0,83.49764646735697,1,1
apartamento,2700000,105.0,3,2,2,el tesoro,6.206494,-75.55937,7,15.0,46307.752975324685,855149.2240350179,35.0,11025.0,79.1642453160979,1,4
apartamento,3900000,91.0,2,2,2,castropol,6.2168627,-75.56693,6,15.166666666666666,48917.86962109346,739745.95924104,45.5,8281.0,83.62630406810368,1,4
apartamento,5600000,70.0,3,2,1,san diego,6.233372688293457,-75.5699462890625,6,11.666666666666666,47227.322103995706,654899.8185117968,23.333333333333332,4900.0,80.73627141129654,1,1
apartamento,3500000,75.0,3,2,1,el tesoro,6.200452,-75.562423,6,12.5,46307.752975324685,855149.2240350179,25.0,5625.0,79.1642453160979,1,1
apartamento,4500000,115.0,3,3,2,alejandria,6.199781894683838,-75.56549835205078,8,14.375,48842.610337435945,852482.6560951438,38.333333333333336,13225.0,83.49764646735697,1,4
apartamento,2700000,75.0,2,2,1,la loma de los bernal,6.220260143280029,-75.60388946533203,5,15.0,40721.08579809159,584155.2990556138,37.5,5625.0,69.61370005095546,1,1
apartamento,7500000,143.0,3,2,2,el tesoro,6.204034328460693,-75.55548858642578,7,20.428571428571427,46307.752975324685,855149.2240350179,47.666666666666664,20449.0,79.1642453160979,1,4
apartamento,8300000,225.0,3,4,2,patio bonito,6.204561233520508,-75.57431030273438,9,25.0,43819.79935642627,741195.3041622199,75.0,50625.0,74.91102727015866,1,4
apartamento,4350000,93.0,3,2,1,los balsos no.2,6.196895122528076,-75.57296752929688,6,15.5,47300.9517913736,836162.823200559,31.0,8649.0,80.86214317702954,1,1
apartamento,5500000,113.0,3,3,2,los naranjos,6.19407,-75.560688,8,14.125,49565.6761295771,827000.8873114464,37.666666666666664,12769.0,84.733745264447,1,4
apartamento,3200000,90.0,3,2,1,diego echavarria,6.216051,-75.596733,6,15.0,30825.838103025348,571212.1212121212,30.0,8100.0,52.69753017302621,1,1
apartamento,6200000,165.0,3,3,2,los balsos no.2,6.193423748016357,-75.56947326660156,8,20.625,47300.9517913736,836162.823200559,55.0,27225.0,80.86214317702954,1,4
apartamento,5200000,120.0,3,3,2,san lucas,6.180613994598389,-75.56689453125,8,15.0,47354.22828936933,904097.3871733967,40.0,14400.0,80.95322066375543,1,4
apartamento,5000000,90.0,3,2,2,castropol,6.21657,-75.56847,7,12.857142857142858,48917.86962109346,739745.95924104,30.0,8100.0,83.62630406810368,1,4
apartamento,3850000,90.0,3,2,1,el diamante no.2,6.182542324066162,-75.57343292236328,6,15.0,43639.65496971377,774744.3419949707,30.0,8100.0,74.60306600005285,1,1
apartamento,7200000,194.0,3,3,2,los balsos no.2,6.194524765014648,-75.56732177734375,8,24.25,47300.9517913736,836162.823200559,64.66666666666667,37636.0,80.86214317702954,1,4
casa,5500000,350.0,3,5,4,altos del poblado,6.215419769287109,-75.55437469482422,12,29.166666666666668,58495.7928802589,930019.3704600484,116.66666666666667,122500.0,100.0,1,16
apartamento,4900000,112.0,2,3,2,los naranjos,6.19380521774292,-75.5624008178711,7,16.0,49565.6761295771,827000.8873114464,56.0,12544.0,84.733745264447,1,4
apartamento,3200000,76.0,3,2,1,la loma de los bernal,6.217579364776611,-75.60416412353516,6,12.666666666666666,40721.08579809159,584155.2990556138,25.333333333333332,5776.0,69.61370005095546,1,1
apartamento,6100000,70.0,3,2,1,san diego,6.233372688293457,-75.5699462890625,6,11.666666666666666,47227.322103995706,654899.8185117968,23.333333333333332,4900.0,80.73627141129654,1,1
apartamento,4100000,85.0,2,2,1,las lomas no.1,6.213986,-75.560634,5,17.0,42753.43481316735,816268.3823529412,42.5,7225.0,73.08805079483885,1,1
apartamento,5800000,160.0,3,2,1,el poblado,6.21148,-75.56949,6,26.666666666666668,51331.92389006342,930592.3344947735,53.333333333333336,25600.0,87.7531893535319,1,1
apartamento,5000000,100.0,3,5,0,calasanz,6.261054,-75.597675,8,12.5,32548.10882548109,537043.795620438,33.333333333333336,10000.0,55.64179443145114,0,0
apartamento,3100000,55.0,1,1,1,laureles,6.245896,-75.595879,3,18.333333333333332,37952.470484611345,680619.6840826245,55.0,3025.0,64.88068391909857,1,1
apartamento,2500000,78.0,3,2,1,las mercedes,6.236042,-75.609897,6,13.0,27118.64406779661,448000.0,26.0,6084.0,46.35999057796955,1,1
apartamento,7000000,120.0,2,3,2,los balsos no.1,6.18924,-75.56719,7,17.142857142857142,48115.75526148983,871145.722446916,60.0,14400.0,82.2550697961868,1,4
apartamento,5500000,100.0,2,3,2,astorga,6.21033,-75.5724,7,14.285714285714286,38915.5662264906,771825.3968253968,50.0,10000.0,66.52711983261925,1,4
apartamento,5000000,94.0,2,3,2,san diego,6.22605,-75.56794,7,13.428571428571429,47227.322103995706,654899.8185117968,47.0,8836.0,80.73627141129654,1,4
apartamento,4500000,150.0,2,2,1,altavista,6.2262444,-75.605896,5,30.0,27468.581687612208,463636.36363636365,75.0,22500.0,46.958217565903404,1,1
apartamento,4000000,97.5,3,2,2,laureles,6.2419147,-75.5931,7,13.928571428571429,37952.470484611345,680619.6840826245,32.5,9506.25,64.88068391909857,1,4
apartamento,3150000,92.0,2,2,1,la pilarica,6.273525,-75.584335,5,18.4,30057.95574288725,528240.7407407408,46.0,8464.0,51.38481634810215,1,1
apartamento,3300000,65.0,3,2,1,san diego,6.2332945,-75.56903,6,10.833333333333334,47227.322103995706,654899.8185117968,21.666666666666668,4225.0,80.73627141129654,1,1
apartamento,6500000,108.0,2,3,2,alejandria,6.197928428649902,-75.570068359375,7,15.428571428571429,48842.610337435945,852482.6560951438,54.0,11664.0,83.49764646735697,1,4
apartamento,4950000,148.0,3,2,2,patio bonito,6.2033491134643555,-75.573974609375,7,21.142857142857142,43819.79935642627,741195.3041622199,49.333333333333336,21904.0,74.91102727015866,1,4
apartamento,3150000,75.0,3,2,1,los balsos no.1,6.187079906463623,-75.5606460571289,6,12.5,48115.75526148983,871145.722446916,25.0,5625.0,82.2550697961868,1,1
apartamento,8800000,140.0,3,2,2,el tesoro,6.2020134925842285,-75.55805969238281,7,20.0,46307.752975324685,855149.2240350179,46.666666666666664,19600.0,79.1642453160979,1,4
apartamento,5650000,85.0,3,2,1,el tesoro,6.20485258102417,-75.56108093261719,6,14.166666666666666,46307.752975324685,855149.2240350179,28.333333333333332,7225.0,79.1642453160979,1,1
apartamento,6700000,86.0,1,2,1,san lucas,6.179964065551758,-75.56400299072266,4,21.5,47354.22828936933,904097.3871733967,86.0,7396.0,80.95322066375543,1,1
casa,5500000,330.0,5,5,2,la mota,6.209683418273926,-75.5986099243164,12,27.5,31054.252952250557,508263.3053221289,66.0,108900.0,53.08801098878807,1,4
apartamento,5400000,113.0,3,2,1,alejandria,6.20014762878418,-75.57012939453125,6,18.833333333333332,48842.610337435945,852482.6560951438,37.666666666666664,12769.0,83.49764646735697,1,1
apartamento,4500000,110.0,3,3,2,las lomas no.1,6.208791255950928,-75.56039428710938,8,13.75,42753.43481316735,816268.3823529412,36.666666666666664,12100.0,73.08805079483885,1,4
apartamento,4200000,85.0,2,2,1,el diamante no.2,6.185611248016357,-75.57546997070312,5,17.0,43639.65496971377,774744.3419949707,42.5,7225.0,74.60306600005285,1,1
apartamento,5700000,165.0,3,3,2,los balsos no.2,6.193423748016357,-75.56947326660156,8,20.625,47300.9517913736,836162.823200559,55.0,27225.0,80.86214317702954,1,4
apartamento,4950000,90.0,2,3,2,los balsos no.1,6.186973571777344,-75.56109619140625,7,12.857142857142858,48115.75526148983,871145.722446916,45.0,8100.0,82.2550697961868,1,4
apartamento,5050000,79.0,3,2,1,castropol,6.220715522766113,-75.56620788574219,6,13.166666666666666,48917.86962109346,739745.95924104,26.333333333333332,6241.0,83.62630406810368,1,1
apartamento,3350000,73.0,2,2,1,la aguacatala,6.197415351867676,-75.5775375366211,5,14.6,51442.75043487159,795490.506329114,36.5,5329.0,87.9426500640398,1,1
apartamento,3450000,72.0,3,2,1,villa carlota,6.218206882476807,-75.57350158691406,6,12.0,54977.83356366141,748492.5201380898,24.0,5184.0,93.98596182156422,1,1
apartamento,4350000,104.0,3,2,2,bolivariana,6.247157573699951,-75.59059143066406,7,14.857142857142858,37400.24554941682,658648.6486486486,34.666666666666664,10816.0,63.936641778623724,1,4
apartamento,3300000,84.0,3,2,1,calasanz,6.261534690856934,-75.5989761352539,6,14.0,32548.10882548109,537043.795620438,28.0,7056.0,55.64179443145114,1,1
apartamento,4200000,111.0,3,2,1,el poblado,6.210187911987305,-75.569091796875,6,18.5,51331.92389006342,930592.3344947735,37.0,12321.0,87.7531893535319,1,1
apartamento,5650000,86.0,1,2,1,san lucas,6.179964065551758,-75.56400299072266,4,21.5,47354.22828936933,904097.3871733967,86.0,7396.0,80.95322066375543,1,1
apartamento,4500000,120.0,3,3,0,la castellana,6.2388,-75.6042,6,20.0,32305.993690851734,627000.0,40.0,14400.0,55.22789264004374,0,0
apartamento,2100000,60.0,3,2,0,granada,6.2287,-75.59365,5,12.0,26254.6468401487,553921.568627451,20.0,3600.0,44.88296601755968,0,0
apartamento,2700000,50.0,1,2,1,santa monica,6.24813,-75.61332,4,12.5,33578.94736842105,543750.0,50.0,2500.0,57.40403833341875,1,1
apartamento,3400000,77.0,3,2,1,el diamante no.2,6.184181,-75.578771,6,12.833333333333334,43639.65496971377,774744.3419949707,25.666666666666668,5929.0,74.60306600005285,1,1
apartamento,6800000,128.0,3,4,1,la florida,6.20232,-75.5677,8,16.0,45025.656955191065,832086.513994911,42.666666666666664,16384.0,76.97247056272704,1,1
apartamento,4800000,90.0,3,2,1,las palmas,6.23866,-75.56479,6,15.0,44135.83717530642,781094.527363184,30.0,8100.0,75.45130171267638,1,1
apartamento,7500000,130.0,3,3,2,san lucas,6.18134,-75.56269,8,16.25,47354.22828936933,904097.3871733967,43.333333333333336,16900.0,80.95322066375543,1,4
apartamento,6000000,135.0,3,2,2,los balsos no.1,6.19303,-75.56659,7,19.285714285714285,48115.75526148983,871145.722446916,45.0,18225.0,82.2550697961868,1,4
apartamento,3100000,85.0,3,3,1,carlos e. restrepo,6.25738,-75.58031,7,12.142857142857142,32596.68508287293,561904.7619047619,28.333333333333332,7225.0,55.72483674099171,1,1
casa,4500000,200.0,5,4,1,estadio,6.261,-75.59628,10,20.0,28935.940737376888,589306.3583815029,40.0,40000.0,49.466704035636994,1,1
apartamento,3300000,49.0,2,1,0,lorena,6.24759032,-75.59303264,3,16.333333333333332,35721.295387634935,652329.7491039427,24.5,2401.0,61.06643508663359,0,0
apartamento,9000000,120.0,3,3,2,los balsos no.1,6.18927,-75.56717,8,15.0,48115.75526148983,871145.722446916,40.0,14400.0,82.2550697961868,1,4
apartamento,2700000,30.0,1,1,1,el diamante no.2,6.1835127,-75.57843,3,10.0,43639.65496971377,774744.3419949707,30.0,900.0,74.60306600005285,1,1
apartamento,5900000,130.0,3,5,2,los naranjos,6.1960344,-75.56289,10,13.0,49565.6761295771,827000.8873114464,43.333333333333336,16900.0,84.733745264447,1,4
apartamento,3350000,95.0,3,2,1,san joaquin,6.246917724609375,-75.58509063720703,6,15.833333333333334,32753.58855757907,569436.2017804154,31.666666666666668,9025.0,55.9930670990746,1,1
apartamento,2700000,52.0,3,2,1,la loma de los bernal,6.217579364776611,-75.60416412353516,6,8.666666666666666,40721.08579809159,584155.2990556138,17.333333333333332,2704.0,69.61370005095546,1,1
apartamento,4650000,86.0,3,2,1,villa carlota,6.220681190490723,-75.57267761230469,6,14.333333333333334,54977.83356366141,748492.5201380898,28.666666666666668,7396.0,93.98596182156422,1,1
apartamento,3450000,70.0,3,2,1,altos del poblado,6.215419769287109,-75.55437469482422,6,11.666666666666666,58495.7928802589,930019.3704600484,23.333333333333332,4900.0,100.0,1,1
apartamento,5000000,175.0,3,4,2,laureles,6.243291854858398,-75.59548950195312,9,19.444444444444443,37952.470484611345,680619.6840826245,58.333333333333336,30625.0,64.88068391909857,1,4
apartamento,6950000,150.0,3,2,2,las lomas no.1,6.2101006507873535,-75.5613021850586,7,21.428571428571427,42753.43481316735,816268.3823529412,50.0,22500.0,73.08805079483885,1,4
apartamento,5400000,150.0,3,2,2,alejandria,6.199781894683838,-75.56996154785156,7,21.428571428571427,48842.610337435945,852482.6560951438,50.0,22500.0,83.49764646735697,1,4
casa,3900000,150.0,3,2,0,cristo rey,6.206496238708496,-75.58684539794922,5,30.0,25753.871230643847,585185.1851851852,50.0,22500.0,44.02687776770906,0,0
apartamento,6450000,130.0,3,3,2,el castillo,6.188811302185059,-75.5752944946289,8,16.25,56343.83279364145,907109.0047393364,43.333333333333336,16900.0,96.32117118059666,1,4
apartamento,6200000,108.0,2,3,2,los balsos no.1,6.1868977546691895,-75.56021881103516,7,15.428571428571429,48115.75526148983,871145.722446916,54.0,11664.0,82.2550697961868,1,4
apartamento,3600000,70.0,3,2,1,san diego,6.232077598571777,-75.56768798828125,6,11.666666666666666,47227.322103995706,654899.8185117968,23.333333333333332,4900.0,80.73627141129654,1,1
apartamento,5200000,150.0,3,2,1,patio bonito,6.2033491134643555,-75.573974609375,6,25.0,43819.79935642627,741195.3041622199,50.0,22500.0,74.91102727015866,1,1
apartamento,2850000,85.0,3,2,1,san joaquin,6.247183799743652,-75.58544158935547,6,14.166666666666666,32753.58855757907,569436.2017804154,28.333333333333332,7225.0,55.9930670990746,1,1
apartamento,5250000,200.0,3,4,2,castropol,6.216140270233154,-75.56697082519531,9,22.22222222222222,48917.86962109346,739745.95924104,66.66666666666667,40000.0,83.62630406810368,1,4
apartamento,5450000,174.0,4,4,2,el diamante no.2,6.184789657592773,-75.57146453857422,10,17.4,43639.65496971377,774744.3419949707,43.5,30276.0,74.60306600005285,1,4
apartamento,3000000,52.0,3,2,1,san diego,6.226141929626465,-75.56615447998047,6,8.666666666666666,47227.322103995706,654899.8185117968,17.333333333333332,2704.0,80.73627141129654,1,1
apartamento,6900000,140.0,3,4,2,alejandria,6.200446128845215,-75.56983947753906,9,15.555555555555555,48842.610337435945,852482.6560951438,46.666666666666664,19600.0,83.49764646735697,1,4
apartamento,3750000,70.0,2,2,2,la aguacatala,6.197568416595459,-75.57805633544922,6,11.666666666666666,51442.75043487159,795490.506329114,35.0,4900.0,87.9426500640398,1,4
apartamento,3400000,107.0,3,2,1,la loma de los bernal,6.217579364776611,-75.60416412353516,6,17.833333333333332,40721.08579809159,584155.2990556138,35.666666666666664,11449.0,69.61370005095546,1,1
apartamento,2700000,82.0,3,2,1,la castellana,6.240013122558594,-75.60589599609375,6,13.666666666666666,32305.993690851734,627000.0,27.333333333333332,6724.0,55.22789264004374,1,1
apartamento,6050000,64.0,1,2,1,los balsos no.2,6.195743083953857,-75.56614685058594,4,16.0,47300.9517913736,836162.823200559,64.0,4096.0,80.86214317702954,1,1
apartamento,4300000,104.0,3,2,1,lorena,6.248251438140869,-75.59941101074219,6,17.333333333333332,35721.295387634935,652329.7491039427,34.666666666666664,10816.0,61.06643508663359,1,1
apartamento,4800000,74.0,3,2,0,el nogal-los almendros,6.236764907836914,-75.59790802001953,5,14.8,31931.988041853514,623722.6277372263,24.666666666666668,5476.0,54.5885207628836,0,0
apartamento,5700000,93.0,2,3,1,altos del poblado,6.215518951416016,-75.5564956665039,6,15.5,58495.7928802589,930019.3704600484,46.5,8649.0,100.0,1,1
apartamento,3500000,90.0,3,2,1,la loma de los bernal,6.22045671,-75.60241083,6,15.0,40721.08579809159,584155.2990556138,30.0,8100.0,69.61370005095546,1,1
apartamento,4000000,65.96,2,2,1,villa carlota,6.21985,-75.57515,5,13.191999999999998,54977.83356366141,748492.5201380898,32.98,4350.721599999999,93.98596182156422,1,1
apartamento,3800000,140.0,3,3,1,san joaquin,6.247487,-75.587671,7,20.0,32753.58855757907,569436.2017804154,46.666666666666664,19600.0,55.9930670990746,1,1
apartamento,9300000,180.0,2,3,2,el progreso,6.2738,-75.57865,7,25.714285714285715,51666.666666666664,1328571.4285714286,90.0,32400.0,88.3254403824024,1,4
apartamento,3300000,75.0,3,2,1,la gloria,6.221427,-75.604393,6,12.5,34291.07710077967,552325.5813953489,25.0,5625.0,58.62144166670863,1,1
apartamento,4200000,90.0,2,3,1,los naranjos,6.1925596,-75.559945,6,15.0,49565.6761295771,827000.8873114464,45.0,8100.0,84.733745264447,1,1
apartamento,7200000,165.0,3,5,2,castropol,6.21597,-75.56555,10,16.5,48917.86962109346,739745.95924104,55.0,27225.0,83.62630406810368,1,4
apartamento,6500000,130.0,2,3,2,castropol,6.21954,-75.56662,7,18.571428571428573,48917.86962109346,739745.95924104,65.0,16900.0,83.62630406810368,1,4
apartamento,4600000,105.0,2,2,2,santa maria de los angeles,6.188022,-75.58007,6,17.5,47391.397443391514,760224.6376811594,52.5,11025.0,81.01676224887126,1,4
apartamento,2100000,70.0,3,2,1,santa fe,6.2240763,-75.57689,6,11.666666666666666,48109.58350181965,701917.4041297935,23.333333333333332,4900.0,82.24451902088094,1,1
apartamento,2000000,72.0,3,2,1,san cristobal,6.270056,-75.60725,6,12.0,38232.46878001921,545205.4794520548,24.0,5184.0,65.35934790777384,1,1
apartamento,2600000,70.0,3,2,1,la floresta,6.256885,-75.60058,6,11.666666666666666,27946.058091286308,552049.1803278689,23.333333333333332,4900.0,47.77447524900123,1,1
apartamento,3600000,67.0,2,2,1,laureles,6.243419170379639,-75.59467315673828,5,13.4,37952.470484611345,680619.6840826245,33.5,4489.0,64.88068391909857,1,1
apartamento,3200000,85.0,3,2,0,los colores,6.26931197,-75.59316034,5,17.0,34639.764996907856,599064.1711229946,28.333333333333332,7225.0,59.21753222118996,0,0
apartamento,3100000,98.0,4,3,1,la floresta,6.255125045776367,-75.5997085571289,8,12.25,27946.058091286308,552049.1803278689,24.5,9604.0,47.77447524900123,1,1
apartamento,5500000,120.0,3,3,0,san lucas,6.17839725,-75.56747523,6,20.0,47354.22828936933,904097.3871733967,40.0,14400.0,80.95322066375543,0,0
apartamento,3750000,78.0,3,3,1,la florida,6.204973220825195,-75.5646743774414,7,11.142857142857142,45025.656955191065,832086.513994911,26.0,6084.0,76.97247056272704,1,1
apartamento,3450000,75.0,3,2,1,el diamante no.2,6.184246063232422,-75.57160186767578,6,12.5,43639.65496971377,774744.3419949707,25.0,5625.0,74.60306600005285,1,1
apartamento,3700000,98.0,3,2,1,los balsos no.2,6.193423748016357,-75.56947326660156,6,16.333333333333332,47300.9517913736,836162.823200559,32.666666666666664,9604.0,80.86214317702954,1,1
apartamento,7000000,180.0,4,4,2,la florida,6.206671714782715,-75.56102752685547,10,18.0,45025.656955191065,832086.513994911,45.0,32400.0,76.97247056272704,1,4
apartamento,6800000,91.0,2,2,1,el poblado,6.208309173583984,-75.56568145751953,5,18.2,51331.92389006342,930592.3344947735,45.5,8281.0,87.7531893535319,1,1
apartamento,5200000,96.0,2,2,2,los naranjos,6.19380521774292,-75.5624008178711,6,16.0,49565.6761295771,827000.8873114464,48.0,9216.0,84.733745264447,1,4
apartamento,2550000,83.0,3,2,1,asomadera no.1,6.2280192375183105,-75.56156158447266,6,13.833333333333334,48571.57944764218,665557.1635311143,27.666666666666668,6889.0,83.03431247964855,1,1
apartamento,3450000,70.0,3,2,1,castropol,6.219926834106445,-75.56832122802734,6,11.666666666666666,48917.86962109346,739745.95924104,23.333333333333332,4900.0,83.62630406810368,1,1
apartamento,5200000,98.0,2,2,2,los balsos no.1,6.186121940612793,-75.5579833984375,6,16.333333333333332,48115.75526148983,871145.722446916,49.0,9604.0,82.2550697961868,1,4
apartamento,8100000,125.0,3,3,1,lalinde,6.212890625,-75.56771850585938,7,17.857142857142858,53427.21397778484,890320.987654321,41.666666666666664,15625.0,91.33513941276176,1,1
apartamento,4950000,70.0,2,2,1,la aguacatala,6.197568416595459,-75.57805633544922,5,14.0,51442.75043487159,795490.506329114,35.0,4900.0,87.9426500640398,1,1
apartamento,3900000,152.0,3,3,2,los balsos no.1,6.190128803253174,-75.56327056884766,8,19.0,48115.75526148983,871145.722446916,50.666666666666664,23104.0,82.2550697961868,1,4
apartamento,3400000,98.0,3,2,1,los conquistadores,6.242354869842529,-75.5815200805664,6,16.333333333333332,30995.98034836981,625225.2252252252,32.666666666666664,9604.0,52.98839253588492,1,1
apartamento,5000000,110.0,2,3,1,el diamante no.2,6.180751,-75.571683,6,18.333333333333332,43639.65496971377,774744.3419949707,55.0,12100.0,74.60306600005285,1,1
apartamento,4400000,135.0,3,3,2,la loma de los bernal,6.217823028564453,-75.60357666015625,8,16.875,40721.08579809159,584155.2990556138,45.0,18225.0,69.61370005095546,1,4
apartamento,6800000,300.0,3,2,2,el tesoro,6.2048797607421875,-75.56106567382812,7,42.857142857142854,46307.752975324685,855149.2240350179,100.0,90000.0,79.1642453160979,1,4
apartamento,5100000,108.0,3,2,2,santa maria de los angeles,6.190457820892334,-75.5783920288086,7,15.428571428571429,47391.397443391514,760224.6376811594,36.0,11664.0,81.01676224887126,1,4
apartamento,7200000,91.0,2,2,1,el poblado,6.208532810211182,-75.5659408569336,5,18.2,51331.92389006342,930592.3344947735,45.5,8281.0,87.7531893535319,1,1
apartamento,3050000,73.0,2,2,1,castropol,6.216094970703125,-75.56688690185547,5,14.6,48917.86962109346,739745.95924104,36.5,5329.0,83.62630406810368,1,1
apartamento,7800000,100.0,2,2,2,san lucas,6.179964065551758,-75.56400299072266,6,16.666666666666668,47354.22828936933,904097.3871733967,50.0,10000.0,80.95322066375543,1,4
apartamento,4300000,119.0,3,3,1,la castellana,6.240257740020752,-75.60538482666016,7,17.0,32305.993690851734,627000.0,39.666666666666664,14161.0,55.22789264004374,1,1
apartamento,3200000,105.0,3,2,1,laureles,6.243419170379639,-75.59467315673828,6,17.5,37952.470484611345,680619.6840826245,35.0,11025.0,64.88068391909857,1,1
apartamento,4200000,95.0,3,2,1,laureles,6.245896,-75.595879,6,15.833333333333334,37952.470484611345,680619.6840826245,31.666666666666668,9025.0,64.88068391909857,1,1
casa,6800000,235.0,5,4,3,campo amor,6.20994,-75.58601,12,19.583333333333332,41497.65990639626,782352.9411764706,47.0,55225.0,70.94127263364413,1,9
casa,7500000,280.0,4,4,1,los conquistadores,6.244773,-75.580809,9,31.11111111111111,30995.98034836981,625225.2252252252,70.0,78400.0,52.98839253588492,1,1
apartamento,3500000,76.0,3,2,1,villa carlota,6.22256,-75.57366,6,12.666666666666666,54977.83356366141,748492.5201380898,25.333333333333332,5776.0,93.98596182156422,1,1
apartamento,3950000,110.0,2,3,2,miravalle,6.2344692,-75.5997121,7,15.714285714285714,42041.52249134948,650892.8571428572,55.0,12100.0,71.87101913022809,1,4
apartamento,2100000,90.0,3,2,1,la castellana,6.2389426,-75.60601,6,15.0,32305.993690851734,627000.0,30.0,8100.0,55.22789264004374,1,1
apartamento,2500000,55.0,2,1,1,la loma de los bernal,6.2175984,-75.603905,4,13.75,40721.08579809159,584155.2990556138,27.5,3025.0,69.61370005095546,1,1
apartamento,2000000,85.0,3,2,1,la candelaria,6.2477922,-75.56538,6,14.166666666666666,33260.86956521739,689189.1891891892,28.333333333333332,7225.0,56.86027648740912,1,1
casa,2500000,185.0,5,3,0,san miguel,6.25435,-75.55758,8,23.125,22191.780821917808,506250.0,37.0,34225.0,37.937396399335015,0,0
apartamento,6800000,90.0,2,3,2,lalinde,6.212944984436035,-75.56668853759766,7,12.857142857142858,53427.21397778484,890320.987654321,45.0,8100.0,91.33513941276176,1,4
apartamento,6200000,108.0,2,3,1,altos del poblado,6.21470832824707,-75.55520629882812,6,18.0,58495.7928802589,930019.3704600484,54.0,11664.0,100.0,1,1
apartamento,8300000,240.0,4,4,2,la florida,6.201699256896973,-75.5627212524414,10,24.0,45025.656955191065,832086.513994911,60.0,57600.0,76.97247056272704,1,4
casa,5600000,225.0,4,2,1,los pinos,6.254473686218262,-75.59660339355469,7,32.142857142857146,28607.27728983689,814285.7142857143,56.25,50625.0,48.90484576967115,1,1
apartamento,7100000,97.0,3,2,2,los naranjos,6.193474292755127,-75.55982971191406,7,13.857142857142858,49565.6761295771,827000.8873114464,32.333333333333336,9409.0,84.733745264447,1,4
apartamento,6900000,102.0,2,3,2,altos del poblado,6.215419769287109,-75.55437469482422,7,14.571428571428571,58495.7928802589,930019.3704600484,51.0,10404.0,100.0,1,4
apartamento,4700000,65.0,2,2,1,los conquistadores,6.242354869842529,-75.5815200805664,5,13.0,30995.98034836981,625225.2252252252,32.5,4225.0,52.98839253588492,1,1
apartamento,2650000,75.0,3,2,1,los colores,6.26396369934082,-75.59327697753906,6,12.5,34639.764996907856,599064.1711229946,25.0,5625.0,59.21753222118996,1,1
apartamento,3300000,70.0,3,2,1,la florida,6.201699256896973,-75.5627212524414,6,11.666666666666666,45025.656955191065,832086.513994911,23.333333333333332,4900.0,76.97247056272704,1,1
apartamento,5600000,150.0,3,3,2,lalinde,6.212268829345703,-75.56623077392578,8,18.75,53427.21397778484,890320.987654321,50.0,22500.0,91.33513941276176,1,4
apartamento,2800000,67.0,2,2,1,laureles,6.243419170379639,-75.59467315673828,5,13.4,37952.470484611345,680619.6840826245,33.5,4489.0,64.88068391909857,1,1
apartamento,4100000,90.0,3,2,1,la florida,6.205532073974609,-75.56382751464844,6,15.0,45025.656955191065,832086.513994911,30.0,8100.0,76.97247056272704,1,1
apartamento,3200000,86.0,3,2,2,la florida,6.2040276527404785,-75.56429290771484,7,12.285714285714286,45025.656955191065,832086.513994911,28.666666666666668,7396.0,76.97247056272704,1,4
apartamento,3900000,60.0,1,2,1,los balsos no.2,6.1963605880737305,-75.56656646728516,4,15.0,47300.9517913736,836162.823200559,60.0,3600.0,80.86214317702954,1,1
apartamento,3400000,158.0,3,2,2,san lucas,6.182860374450684,-75.56769561767578,7,22.571428571428573,47354.22828936933,904097.3871733967,52.666666666666664,24964.0,80.95322066375543,1,4
apartamento,2850000,90.0,3,2,1,villa carlota,6.2153754234313965,-75.57364654541016,6,15.0,54977.83356366141,748492.5201380898,30.0,8100.0,93.98596182156422,1,1
apartamento,5100000,110.0,2,3,1,el diamante no.2,6.186935901641846,-75.57544708251953,6,18.333333333333332,43639.65496971377,774744.3419949707,55.0,12100.0,74.60306600005285,1,1
apartamento,4600000,110.0,3,2,1,la florida,6.2045087814331055,-75.56468200683594,6,18.333333333333332,45025.656955191065,832086.513994911,36.666666666666664,12100.0,76.97247056272704,1,1
apartamento,4400000,77.0,2,2,1,el tesoro,6.204051494598389,-75.55583953857422,5,15.4,46307.752975324685,855149.2240350179,38.5,5929.0,79.1642453160979,1,1
apartamento,2850000,63.0,2,2,1,asomadera no.1,6.225714206695557,-75.56388092041016,5,12.6,48571.57944764218,665557.1635311143,31.5,3969.0,83.03431247964855,1,1
apartamento,6800000,151.0,3,3,2,la florida,6.205695152282715,-75.56403350830078,8,18.875,45025.656955191065,832086.513994911,50.333333333333336,22801.0,76.97247056272704,1,4
apartamento,4750000,97.0,3,2,2,los naranjos,6.193474292755127,-75.55982971191406,7,13.857142857142858,49565.6761295771,827000.8873114464,32.333333333333336,9409.0,84.733745264447,1,4
apartamento,2650000,80.0,2,2,1,rosales,6.235535,-75.592207,5,16.0,31678.50652568974,626633.9869281045,40.0,6400.0,54.15518786203267,1,1
casa,2500000,220.0,5,2,0,buenos aires,6.24046209,-75.55298161,7,31.428571428571427,24864.864864864863,541176.4705882353,44.0,48400.0,42.50709946912478,0,0
apartamento,2800000,65.0,3,2,1,la loma de los bernal,6.21626193,-75.60008507,6,10.833333333333334,40721.08579809159,584155.2990556138,21.666666666666668,4225.0,69.61370005095546,1,1
casa,5200000,230.0,5,2,0,barrio cristobal,6.24957,-75.60876,7,32.857142857142854,27092.70927092709,578846.1538461539,46.0,52900.0,46.315654403361904,0,0
apartamento,6500000,130.0,3,4,1,santa maria de los angeles,6.18889,-75.57951,8,16.25,47391.397443391514,760224.6376811594,43.333333333333336,16900.0,81.01676224887126,1,1
apartamento,5200000,90.0,2,3,2,lalinde,6.212634086608887,-75.56892395019531,7,12.857142857142858,53427.21397778484,890320.987654321,45.0,8100.0,91.33513941276176,1,4
apartamento,8000000,110.0,2,2,2,los balsos no.2,6.19346,-75.57153,6,18.333333333333332,47300.9517913736,836162.823200559,55.0,12100.0,80.86214317702954,1,4
apartamento,5400000,90.0,3,2,2,los balsos no.2,6.19637,-75.57049,7,12.857142857142858,47300.9517913736,836162.823200559,30.0,8100.0,80.86214317702954,1,4
apartamento,7000000,100.0,2,2,2,el tesoro,6.20651,-75.55167,6,16.666666666666668,46307.752975324685,855149.2240350179,50.0,10000.0,79.1642453160979,1,4
apartamento,4800000,82.0,3,2,2,altos del poblado,6.21756,-75.55524,7,11.714285714285714,58495.7928802589,930019.3704600484,27.333333333333332,6724.0,100.0,1,4
apartamento,2999800,60.0,2,2,1,san diego,6.228773,-75.56673,5,12.0,47227.322103995706,654899.8185117968,30.0,3600.0,80.73627141129654,1,1
apartamento,2450000,70.0,3,2,1,la hondonada,6.2022843,-75.60267,6,11.666666666666666,35058.243727598565,399234.693877551,23.333333333333332,4900.0,59.93293192787884,1,1
apartamento,2000000,97.0,3,2,1,la castellana,6.238786,-75.604836,6,16.166666666666668,32305.993690851734,627000.0,32.333333333333336,9409.0,55.22789264004374,1,1
apartamento,4000000,80.0,2,2,1,castropol,6.216109752655029,-75.56694793701172,5,16.0,48917.86962109346,739745.95924104,40.0,6400.0,83.62630406810368,1,1
apartamento,5000000,90.0,2,2,2,santa maria de los angeles,6.190206050872803,-75.57931518554688,6,15.0,47391.397443391514,760224.6376811594,45.0,8100.0,81.01676224887126,1,4
apartamento,4650000,147.0,4,2,1,patio bonito,6.204165458679199,-75.5733413696289,7,21.0,43819.79935642627,741195.3041622199,36.75,21609.0,74.91102727015866,1,1
apartamento,5000000,67.0,1,2,1,los balsos no.2,6.19558048248291,-75.56987762451172,4,16.75,47300.9517913736,836162.823200559,67.0,4489.0,80.86214317702954,1,1
apartamento,5200000,90.0,3,2,2,castropol,6.224766254425049,-75.56730651855469,7,12.857142857142858,48917.86962109346,739745.95924104,30.0,8100.0,83.62630406810368,1,4
apartamento,3900000,75.0,2,2,1,alejandria,6.19916296005249,-75.57052612304688,5,15.0,48842.610337435945,852482.6560951438,37.5,5625.0,83.49764646735697,1,1
apartamento,7000000,130.0,3,4,2,alejandria,6.1985764503479,-75.57109069824219,9,14.444444444444445,48842.610337435945,852482.6560951438,43.333333333333336,16900.0,83.49764646735697,1,4
apartamento,6700000,108.0,2,3,2,altos del poblado,6.216044902801514,-75.55574035644531,7,15.428571428571429,58495.7928802589,930019.3704600484,54.0,11664.0,100.0,1,4
apartamento,4500000,98.0,2,2,2,la loma de los bernal,6.217579364776611,-75.60416412353516,6,16.333333333333332,40721.08579809159,584155.2990556138,49.0,9604.0,69.61370005095546,1,4
apartamento,4200000,93.0,3,3,1,calasanz,6.261534690856934,-75.5989761352539,7,13.285714285714286,32548.10882548109,537043.795620438,31.0,8649.0,55.64179443145114,1,1
apartamento,5900000,100.0,3,2,1,las lomas no.1,6.2083516120910645,-75.56301879882812,6,16.666666666666668,42753.43481316735,816268.3823529412,33.333333333333336,10000.0,73.08805079483885,1,1
apartamento,3600000,87.0,2,2,1,la castellana,6.24020528793335,-75.6061782836914,5,17.4,32305.993690851734,627000.0,43.5,7569.0,55.22789264004374,1,1
apartamento,8900000,100.0,2,3,2,lalinde,6.2120513916015625,-75.56632232666016,7,14.285714285714286,53427.21397778484,890320.987654321,50.0,10000.0,91.33513941276176,1,4
apartamento,5500000,120.0,3,4,2,la loma de los bernal,6.2177910804748535,-75.60387420654297,9,13.333333333333334,40721.08579809159,584155.2990556138,40.0,14400.0,69.61370005095546,1,4
apartamento,3800000,95.0,3,2,1,san diego,6.224812030792236,-75.56653594970703,6,15.833333333333334,47227.322103995706,654899.8185117968,31.666666666666668,9025.0,80.73627141129654,1,1
apartamento,4300000,130.0,3,3,1,las acacias,6.24080753326416,-75.6007080078125,7,18.571428571428573,34935.06493506493,672500.0,43.333333333333336,16900.0,59.7223547453697,1,1
apartamento,5500000,90.0,2,3,2,lalinde,6.212853908538818,-75.5667495727539,7,12.857142857142858,53427.21397778484,890320.987654321,45.0,8100.0,91.33513941276176,1,4
apartamento,6100000,107.0,3,3,2,lalinde,6.2140212059021,-75.56690216064453,8,13.375,53427.21397778484,890320.987654321,35.666666666666664,11449.0,91.33513941276176,1,4
apartamento,5650000,127.0,3,2,2,la florida,6.205749034881592,-75.56391906738281,7,18.142857142857142,45025.656955191065,832086.513994911,42.333333333333336,16129.0,76.97247056272704,1,4
apartamento,8650000,225.0,3,3,2,patio bonito,6.206303596496582,-75.57550811767578,8,28.125,43819.79935642627,741195.3041622199,75.0,50625.0,74.91102727015866,1,4
apartamento,3600000,87.0,2,2,1,la castellana,6.24020528793335,-75.6061782836914,5,17.4,32305.993690851734,627000.0,43.5,7569.0,55.22789264004374,1,1
apartamento,3000000,120.0,3,2,1,san joaquin,6.246702194213867,-75.58639526367188,6,20.0,32753.58855757907,569436.2017804154,40.0,14400.0,55.9930670990746,1,1
apartamento,5400000,110.0,3,2,2,santa maria de los angeles,6.190855979919434,-75.57855987548828,7,15.714285714285714,47391.397443391514,760224.6376811594,36.666666666666664,12100.0,81.01676224887126,1,4
apartamento,6200000,92.0,2,3,2,los balsos no.2,6.192737102508545,-75.56841278076172,7,13.142857142857142,47300.9517913736,836162.823200559,46.0,8464.0,80.86214317702954,1,4
apartamento,3650000,77.0,3,2,1,belen,6.234317779541016,-75.59538269042969,6,12.833333333333334,34214.434214434215,771428.5714285715,25.666666666666668,5929.0,58.49041876305752,1,1
apartamento,4900000,79.0,3,2,1,santa maria de los angeles,6.1884765625,-75.58076477050781,6,13.166666666666666,47391.397443391514,760224.6376811594,26.333333333333332,6241.0,81.01676224887126,1,1
apartamento,3300000,84.0,3,2,1,calasanz,6.261534690856934,-75.5989761352539,6,14.0,32548.10882548109,537043.795620438,28.0,7056.0,55.64179443145114,1,1
apartamento,2500000,85.0,3,2,0,calasanz,6.260916,-75.598985,5,17.0,32548.10882548109,537043.795620438,28.333333333333332,7225.0,55.64179443145114,0,0
apartamento,2800000,87.0,3,5,0,santa teresita,6.2438579,-75.6119816,8,10.875,26323.37946103423,520028.77697841724,29.0,7569.0,45.00046612739874,0,0
casa,4000000,120.0,4,3,0,simon bolivar,6.2453,-75.605,7,17.142857142857142,28965.474716228782,659298.245614035,30.0,14400.0,49.51719310057257,0,0
apartamento,9000000,212.0,4,3,2,el diamante no.2,6.1845,-75.57055,9,23.555555555555557,43639.65496971377,774744.3419949707,53.0,44944.0,74.60306600005285,1,4
apartamento,6600000,150.0,3,4,2,los balsos no.1,6.19332,-75.56203,9,16.666666666666668,48115.75526148983,871145.722446916,50.0,22500.0,82.2550697961868,1,4
apartamento,6000000,104.0,2,3,2,el tesoro,6.2057615,-75.5504836,7,14.857142857142858,46307.752975324685,855149.2240350179,52.0,10816.0,79.1642453160979,1,4
apartamento,6300000,110.0,2,2,2,san lucas,6.18066,-75.56244,6,18.333333333333332,47354.22828936933,904097.3871733967,55.0,12100.0,80.95322066375543,1,4
apartamento,5700000,125.0,3,2,2,castropol,6.2147599,-75.5662055,7,17.857142857142858,48917.86962109346,739745.95924104,41.666666666666664,15625.0,83.62630406810368,1,4
apartamento,2800000,82.0,2,2,1,san diego,6.2297826,-75.56854,5,16.4,47227.322103995706,654899.8185117968,41.0,6724.0,80.73627141129654,1,1
apartamento,4000000,118.0,3,3,2,castropol,6.2169433,-75.56665,8,14.75,48917.86962109346,739745.95924104,39.333333333333336,13924.0,83.62630406810368,1,4
apartamento,5000000,110.0,3,3,1,el tesoro,6.204082,-75.5544,7,15.714285714285714,46307.752975324685,855149.2240350179,36.666666666666664,12100.0,79.1642453160979,1,1
apartamento,5500000,70.0,3,2,1,altos del poblado,6.214649,-75.55606,6,11.666666666666666,58495.7928802589,930019.3704600484,23.333333333333332,4900.0,100.0,1,1
apartamento,7300000,178.0,3,3,2,los balsos no.1,6.186933994293213,-75.56002044677734,8,22.25,48115.75526148983,871145.722446916,59.333333333333336,31684.0,82.2550697961868,1,4
apartamento,3800000,93.0,2,2,2,los balsos no.2,6.19514274597168,-75.5689697265625,6,15.5,47300.9517913736,836162.823200559,46.5,8649.0,80.86214317702954,1,4
apartamento,3300000,60.0,3,2,1,castropol,6.216031074523926,-75.56658172607422,6,10.0,48917.86962109346,739745.95924104,20.0,3600.0,83.62630406810368,1,1
apartamento,6800000,100.0,2,2,2,altos del poblado,6.213791370391846,-75.55433654785156,6,16.666666666666668,58495.7928802589,930019.3704600484,50.0,10000.0,100.0,1,4
apartamento,6000000,144.0,3,3,3,patio bonito,6.206200122833252,-75.57335662841797,9,16.0,43819.79935642627,741195.3041622199,48.0,20736.0,74.91102727015866,1,9
apartamento,6500000,110.0,2,3,2,el tesoro,6.203347682952881,-75.55573272705078,7,15.714285714285714,46307.752975324685,855149.2240350179,55.0,12100.0,79.1642453160979,1,4
apartamento,5150000,126.0,3,3,1,patio bonito,6.206943988800049,-75.57452392578125,7,18.0,43819.79935642627,741195.3041622199,42.0,15876.0,74.91102727015866,1,1
casa,2400000,80.0,3,2,0,buenos aires,6.24154443,-75.55432551,5,16.0,24864.864864864863,541176.4705882353,26.666666666666668,6400.0,42.50709946912478,0,0
casa,5000000,220.0,3,4,2,el tesoro,6.2001051902771,-75.5581283569336,9,24.444444444444443,46307.752975324685,855149.2240350179,73.33333333333333,48400.0,79.1642453160979,1,4
apartamento,8700000,110.0,2,3,2,el tesoro,6.203347682952881,-75.55573272705078,7,15.714285714285714,46307.752975324685,855149.2240350179,55.0,12100.0,79.1642453160979,1,4
apartamento,3350000,76.0,2,2,1,la aguacatala,6.196604251861572,-75.57518005371094,5,15.2,51442.75043487159,795490.506329114,38.0,5776.0,87.9426500640398,1,1
apartamento,8200000,150.0,3,4,2,los balsos no.1,6.194777488708496,-75.56413269042969,9,16.666666666666668,48115.75526148983,871145.722446916,50.0,22500.0,82.2550697961868,1,4
apartamento,3850000,86.0,3,2,2,san diego,6.22695255279541,-75.56774139404297,7,12.285714285714286,47227.322103995706,654899.8185117968,28.666666666666668,7396.0,80.73627141129654,1,4
apartamento,8200000,116.0,3,3,2,castropol,6.215158939361572,-75.56571197509766,8,14.5,48917.86962109346,739745.95924104,38.666666666666664,13456.0,83.62630406810368,1,4
apartamento,6150000,120.0,3,4,2,santa maria de los angeles,6.190731525421143,-75.578857421875,9,13.333333333333334,47391.397443391514,760224.6376811594,40.0,14400.0,81.01676224887126,1,4
apartamento,7400000,148.0,3,3,1,altos del poblado,6.214953899383545,-75.55555725097656,7,21.142857142857142,58495.7928802589,930019.3704600484,49.333333333333336,21904.0,100.0,1,1
apartamento,5200000,93.0,2,2,1,los balsos no.1,6.189451217651367,-75.56155395507812,5,18.6,48115.75526148983,871145.722446916,46.5,8649.0,82.2550697961868,1,1
apartamento,2500000,42.0,2,1,1,san cristobal,6.27368773,-75.60632721,4,10.5,38232.46878001921,545205.4794520548,21.0,1764.0,65.35934790777384,1,1
apartamento,4900000,102.0,2,2,2,castropol,6.216162204742432,-75.56681823730469,6,17.0,48917.86962109346,739745.95924104,51.0,10404.0,83.62630406810368,1,4
apartamento,3600000,73.0,3,2,1,los balsos no.1,6.18710470199585,-75.5597152709961,6,12.166666666666666,48115.75526148983,871145.722446916,24.333333333333332,5329.0,82.2550697961868,1,1
apartamento,4700000,64.0,1,2,1,alejandria,6.197247505187988,-75.56945037841797,4,16.0,48842.610337435945,852482.6560951438,64.0,4096.0,83.49764646735697,1,1
apartamento,6000000,79.0,1,2,1,villa carlota,6.221932411193848,-75.57417297363281,4,19.75,54977.83356366141,748492.5201380898,79.0,6241.0,93.98596182156422,1,1
apartamento,4100000,67.0,1,1,1,el poblado,6.209064483642578,-75.56769561767578,3,22.333333333333332,51331.92389006342,930592.3344947735,67.0,4489.0,87.7531893535319,1,1
apartamento,6200000,90.0,3,3,1,asomadera no.1,6.228067398071289,-75.56221771240234,7,12.857142857142858,48571.57944764218,665557.1635311143,30.0,8100.0,83.03431247964855,1,1
apartamento,6500000,116.0,3,3,2,castropol,6.214804172515869,-75.56582641601562,8,14.5,48917.86962109346,739745.95924104,38.666666666666664,13456.0,83.62630406810368,1,4
apartamento,3900000,109.0,2,2,1,castropol,6.21481466293335,-75.56729125976562,5,21.8,48917.86962109346,739745.95924104,54.5,11881.0,83.62630406810368,1,1
apartamento,4350000,93.0,3,2,1,los balsos no.2,6.196277618408203,-75.5701904296875,6,15.5,47300.9517913736,836162.823200559,31.0,8649.0,80.86214317702954,1,1
apartamento,2300000,69.0,3,2,1,asomadera no.2,6.224350452423096,-75.56117248535156,6,11.5,51821.74887892377,772562.6740947075,23.0,4761.0,88.59055724742987,1,1
apartamento,4100000,75.0,2,2,1,patio bonito,6.20485,-75.57278,5,15.0,43819.79935642627,741195.3041622199,37.5,5625.0,74.91102727015866,1,1
apartamento,7000000,142.0,3,3,2,el tesoro,6.2025743,-75.5591915,8,17.75,46307.752975324685,855149.2240350179,47.333333333333336,20164.0,79.1642453160979,1,4
apartamento,5000000,100.0,2,5,0,manila,6.2131842,-75.5720049,7,14.285714285714286,48813.76037959668,888129.4964028777,50.0,10000.0,83.44832675320535,0,0
casa,7000000,130.0,2,3,2,castropol,6.21709,-75.56747,7,18.571428571428573,48917.86962109346,739745.95924104,65.0,16900.0,83.62630406810368,1,4
apartamento,2800000,65.0,3,2,1,villa carlota,6.2175,-75.57074,6,10.833333333333334,54977.83356366141,748492.5201380898,21.666666666666668,4225.0,93.98596182156422,1,1
apartamento,2700000,75.0,3,2,1,el rincon,6.20991,-75.60645,6,12.5,35361.216730038024,498214.28571428574,25.0,5625.0,60.45087174461001,1,1
apartamento,4100000,130.0,3,3,2,la florida,6.20674,-75.57003,8,16.25,45025.656955191065,832086.513994911,43.333333333333336,16900.0,76.97247056272704,1,4
apartamento,9000000,340.0,3,4,3,los balsos no.1,6.1885,-75.56308,10,34.0,48115.75526148983,871145.722446916,113.33333333333333,115600.0,82.2550697961868,1,9
casa,2500000,120.0,4,2,0,cristo rey,6.20823985,-75.58663267,6,20.0,25753.871230643847,585185.1851851852,30.0,14400.0,44.02687776770906,0,0
apartamento,3100000,85.0,3,2,1,el diamante no.2,6.1820917,-75.57559,6,14.166666666666666,43639.65496971377,774744.3419949707,28.333333333333332,7225.0,74.60306600005285,1,1
apartamento,5000000,145.0,3,2,1,san lucas,6.186621,-75.56603,6,24.166666666666668,47354.22828936933,904097.3871733967,48.333333333333336,21025.0,80.95322066375543,1,1
apartamento,7200000,17.5,4,4,3,laureles,6.242859,-75.59459,11,1.5909090909090908,37952.470484611345,680619.6840826245,4.375,306.25,64.88068391909857,1,9
apartamento,2900000,40.0,1,1,1,santa fe,6.220375,-75.57788,3,13.333333333333334,48109.58350181965,701917.4041297935,40.0,1600.0,82.24451902088094,1,1
apartamento,8500000,118.0,3,3,2,las lomas no.2,6.21127,-75.5590835,8,14.75,41861.648016276704,816005.6657223796,39.333333333333336,13924.0,71.56351928072442,1,4
apartamento,6900000,210.0,4,4,2,los naranjos,6.197686672210693,-75.5568618774414,10,21.0,49565.6761295771,827000.8873114464,52.5,44100.0,84.733745264447,1,4
apartamento,8300000,107.0,3,2,2,la florida,6.203834056854248,-75.56421661376953,7,15.285714285714286,45025.656955191065,832086.513994911,35.666666666666664,11449.0,76.97247056272704,1,4
apartamento,4500000,78.0,3,2,1,altos del poblado,6.215419769287109,-75.55437469482422,6,13.0,58495.7928802589,930019.3704600484,26.0,6084.0,100.0,1,1
apartamento,3950000,74.0,2,3,1,villa carlota,6.221945762634277,-75.57394409179688,6,12.333333333333334,54977.83356366141,748492.5201380898,37.0,5476.0,93.98596182156422,1,1
apartamento,4400000,82.0,2,2,1,la florida,6.205480098724365,-75.56455993652344,5,16.4,45025.656955191065,832086.513994911,41.0,6724.0,76.97247056272704,1,1
apartamento,2900000,80.0,3,2,0,la palma,6.228382,-75.600987,5,16.0,30263.43970871707,611688.3116883116,26.666666666666668,6400.0,51.73609625339456,0,0
apartamento,3800000,115.0,3,2,2,los conquistadores,6.24320650100708,-75.58177185058594,7,16.428571428571427,30995.98034836981,625225.2252252252,38.333333333333336,13225.0,52.98839253588492,1,4
apartamento,2550000,65.0,3,2,0,miravalle,6.234676361083984,-75.599365234375,5,13.0,42041.52249134948,650892.8571428572,21.666666666666668,4225.0,71.87101913022809,0,0
apartamento,4200000,65.0,1,2,1,las lomas no.2,6.207845687866211,-75.55632781982422,4,16.25,41861.648016276704,816005.6657223796,65.0,4225.0,71.56351928072442,1,1
apartamento,5350000,142.0,3,2,2,los balsos no.1,6.186973571777344,-75.56109619140625,7,20.285714285714285,48115.75526148983,871145.722446916,47.333333333333336,20164.0,82.2550697961868,1,4
apartamento,3500000,100.0,3,2,1,santa maria de los angeles,6.188607692718506,-75.58257293701172,6,16.666666666666668,47391.397443391514,760224.6376811594,33.333333333333336,10000.0,81.01676224887126,1,1
apartamento,6200000,109.0,3,3,2,los naranjos,6.193474292755127,-75.55982971191406,8,13.625,49565.6761295771,827000.8873114464,36.333333333333336,11881.0,84.733745264447,1,4
apartamento,6000000,126.0,2,3,2,la florida,6.201646327972412,-75.56742858886719,7,18.0,45025.656955191065,832086.513994911,63.0,15876.0,76.97247056272704,1,4
apartamento,8000000,100.0,2,3,2,alejandria,6.199612140655518,-75.56756591796875,7,14.285714285714286,48842.610337435945,852482.6560951438,50.0,10000.0,83.49764646735697,1,4
apartamento,7500000,140.0,3,3,2,la aguacatala,6.19856071472168,-75.57772064208984,8,17.5,51442.75043487159,795490.506329114,46.666666666666664,19600.0,87.9426500640398,1,4
apartamento,4150000,75.0,3,2,1,el tesoro,6.202233791351318,-75.5589370727539,6,12.5,46307.752975324685,855149.2240350179,25.0,5625.0,79.1642453160979,1,1
apartamento,3300000,79.0,2,2,1,castropol,6.2158894538879395,-75.56684112548828,5,15.8,48917.86962109346,739745.95924104,39.5,6241.0,83.62630406810368,1,1
apartamento,5300000,83.0,3,2,1,los balsos no.1,6.186973571777344,-75.56109619140625,6,13.833333333333334,48115.75526148983,871145.722446916,27.666666666666668,6889.0,82.2550697961868,1,1
apartamento,2450000,70.0,3,2,1,la mota,6.213066,-75.598645,6,11.666666666666666,31054.252952250557,508263.3053221289,23.333333333333332,4900.0,53.08801098878807,1,1
apartamento,4200000,94.0,2,2,1,los balsos no.1,6.1902971267700195,-75.560791015625,5,18.8,48115.75526148983,871145.722446916,47.0,8836.0,82.2550697961868,1,1
apartamento,3650000,60.0,2,3,1,los naranjos,6.194578647613525,-75.56356048583984,6,10.0,49565.6761295771,827000.8873114464,30.0,3600.0,84.733745264447,1,1
apartamento,4700000,188.0,3,3,2,el tesoro,6.20308780670166,-75.55728912353516,8,23.5,46307.752975324685,855149.2240350179,62.666666666666664,35344.0,79.1642453160979,1,4
apartamento,6700000,125.0,3,3,2,alejandria,6.201636791229248,-75.5691146850586,8,15.625,48842.610337435945,852482.6560951438,41.666666666666664,15625.0,83.49764646735697,1,4
casa,7000000,200.0,5,4,0,prado,6.25619,-75.56059,9,22.22222222222222,28816.08339538347,604687.5,40.0,40000.0,49.261804954708616,0,0
apartamento,4800000,90.0,1,2,2,los balsos no.1,6.18853,-75.56169,5,18.0,48115.75526148983,871145.722446916,90.0,8100.0,82.2550697961868,1,4
apartamento,3600000,82.0,3,3,1,el diamante no.2,6.18147,-75.57422,7,11.714285714285714,43639.65496971377,774744.3419949707,27.333333333333332,6724.0,74.60306600005285,1,1
apartamento,2200000,65.0,2,2,1,calasanz parte alta,6.26806,-75.60396,5,13.0,33556.33802816901,458173.07692307694,32.5,4225.0,57.36538710887971,1,1
apartamento,4100000,75.0,3,2,2,el tesoro,6.201,-75.56222,7,10.714285714285714,46307.752975324685,855149.2240350179,25.0,5625.0,79.1642453160979,1,4
apartamento,3300000,94.0,3,2,1,la castellana,6.2387667,-75.60794,6,15.666666666666666,32305.993690851734,627000.0,31.333333333333332,8836.0,55.22789264004374,1,1
casa,6000000,250.0,4,3,1,suramericana,6.25593,-75.58446,8,31.25,26951.114922813034,661578.947368421,62.5,62500.0,46.07359537459739,1,1
apartamento,3450000,65.0,3,2,1,villa carlota,6.218206882476807,-75.57350158691406,6,10.833333333333334,54977.83356366141,748492.5201380898,21.666666666666668,4225.0,93.98596182156422,1,1
apartamento,4000000,98.0,3,3,1,castropol,6.224766254425049,-75.56730651855469,7,14.0,48917.86962109346,739745.95924104,32.666666666666664,9604.0,83.62630406810368,1,1
apartamento,3500000,72.0,2,2,1,laureles,6.241291046142578,-75.59553527832031,5,14.4,37952.470484611345,680619.6840826245,36.0,5184.0,64.88068391909857,1,1
apartamento,3100000,70.0,2,2,1,lalinde,6.2115797996521,-75.56721496582031,5,14.0,53427.21397778484,890320.987654321,35.0,4900.0,91.33513941276176,1,1
apartamento,9200000,220.0,3,4,2,alejandria,6.198654651641846,-75.56901550292969,9,24.444444444444443,48842.610337435945,852482.6560951438,73.33333333333333,48400.0,83.49764646735697,1,4
apartamento,5600000,65.0,3,2,1,laureles,6.240506172180176,-75.59453582763672,6,10.833333333333334,37952.470484611345,680619.6840826245,21.666666666666668,4225.0,64.88068391909857,1,1
apartamento,6200000,108.0,2,3,2,altos del poblado,6.215593338012695,-75.55509185791016,7,15.428571428571429,58495.7928802589,930019.3704600484,54.0,11664.0,100.0,1,4
apartamento,5100000,81.0,2,2,1,altos del poblado,6.215419769287109,-75.55437469482422,5,16.2,58495.7928802589,930019.3704600484,40.5,6561.0,100.0,1,1
apartamento,4400000,60.0,2,2,1,la florida,6.20327091217041,-75.56565856933594,5,12.0,45025.656955191065,832086.513994911,30.0,3600.0,76.97247056272704,1,1
apartamento,7500000,185.0,2,3,2,el tesoro,6.204051494598389,-75.55583953857422,7,26.428571428571427,46307.752975324685,855149.2240350179,92.5,34225.0,79.1642453160979,1,4
apartamento,3700000,72.0,3,2,1,la florida,6.20583438873291,-75.56195068359375,6,12.0,45025.656955191065,832086.513994911,24.0,5184.0,76.97247056272704,1,1
apartamento,4950000,127.0,3,2,1,patio bonito,6.206218242645264,-75.57516479492188,6,21.166666666666668,43819.79935642627,741195.3041622199,42.333333333333336,16129.0,74.91102727015866,1,1
casa,6400000,250.0,3,3,3,los balsos no.2,6.194098949432373,-75.56954193115234,9,27.77777777777778,47300.9517913736,836162.823200559,83.33333333333333,62500.0,80.86214317702954,1,9
apartamento,3980000,70.0,3,2,2,villa carlota,6.223103046417236,-75.5744400024414,7,10.0,54977.83356366141,748492.5201380898,23.333333333333332,4900.0,93.98596182156422,1,4
apartamento,7750000,80.0,2,2,2,el castillo,6.191030025482178,-75.5727310180664,6,13.333333333333334,56343.83279364145,907109.0047393364,40.0,6400.0,96.32117118059666,1,4
apartamento,3000000,45.0,1,1,1,san joaquin,6.24499618,-75.58838573,3,15.0,32753.58855757907,569436.2017804154,45.0,2025.0,55.9930670990746,1,1
apartamento,2800000,96.0,3,2,1,rosales,6.234622955322266,-75.58995056152344,6,16.0,31678.50652568974,626633.9869281045,32.0,9216.0,54.15518786203267,1,1
apartamento,5700000,74.0,1,2,1,san lucas,6.183226585388184,-75.56377410888672,4,18.5,47354.22828936933,904097.3871733967,74.0,5476.0,80.95322066375543,1,1
apartamento,3000000,110.0,3,2,2,los conquistadores,6.241786479949951,-75.582763671875,7,15.714285714285714,30995.98034836981,625225.2252252252,36.666666666666664,12100.0,52.98839253588492,1,4
apartamento,2100000,73.0,3,2,1,la mota,6.208929538726807,-75.59899139404297,6,12.166666666666666,31054.252952250557,508263.3053221289,24.333333333333332,5329.0,53.08801098878807,1,1
apartamento,4300000,75.0,2,2,1,laureles,6.241169452667236,-75.5930404663086,5,15.0,37952.470484611345,680619.6840826245,37.5,5625.0,64.88068391909857,1,1
casa,5900000,140.0,5,4,0,estadio,6.26081,-75.59369,9,15.555555555555555,28935.940737376888,589306.3583815029,28.0,19600.0,49.466704035636994,0,0
apartamento,9000000,110.0,2,2,1,san lucas,6.1823521273,-75.5653231341,5,22.0,47354.22828936933,904097.3871733967,55.0,12100.0,80.95322066375543,1,1
apartamento,5000000,115.0,2,2,1,san lucas,6.18414,-75.56286,5,23.0,47354.22828936933,904097.3871733967,57.5,13225.0,80.95322066375543,1,1
casa,7500000,220.0,5,4,1,los colores,6.2660799,-75.59560254,10,22.0,34639.764996907856,599064.1711229946,44.0,48400.0,59.21753222118996,1,1
apartamento,3500000,90.0,3,3,1,bolivariana,6.24408,-75.59194,7,12.857142857142858,37400.24554941682,658648.6486486486,30.0,8100.0,63.936641778623724,1,1
apartamento,2100000,65.0,2,2,1,la hondonada,6.20374,-75.60596,5,13.0,35058.243727598565,399234.693877551,32.5,4225.0,59.93293192787884,1,1
apartamento,3500000,75.0,2,2,1,patio bonito,6.2035694,-75.57643,5,15.0,43819.79935642627,741195.3041622199,37.5,5625.0,74.91102727015866,1,1
apartamento,3200000,84.0,3,2,1,calasanz,6.260870933532715,-75.59918975830078,6,14.0,32548.10882548109,537043.795620438,28.0,7056.0,55.64179443145114,1,1
apartamento,2300000,65.0,2,2,1,prado,6.25835,-75.56332,5,13.0,28816.08339538347,604687.5,32.5,4225.0,49.261804954708616,1,1
apartamento,8500000,141.0,2,3,2,san lucas,6.185683727264404,-75.5665054321289,7,20.142857142857142,47354.22828936933,904097.3871733967,70.5,19881.0,80.95322066375543,1,4
apartamento,4900000,186.0,3,4,2,los naranjos,6.197798728942871,-75.55308532714844,9,20.666666666666668,49565.6761295771,827000.8873114464,62.0,34596.0,84.733745264447,1,4
apartamento,3650000,68.0,2,2,1,villa carlota,6.21854829788208,-75.57306671142578,5,13.6,54977.83356366141,748492.5201380898,34.0,4624.0,93.98596182156422,1,1
apartamento,3700000,79.0,3,2,1,san diego,6.233372688293457,-75.5699462890625,6,13.166666666666666,47227.322103995706,654899.8185117968,26.333333333333332,6241.0,80.73627141129654,1,1
apartamento,3650000,68.0,2,2,1,castropol,6.220715522766113,-75.56620788574219,5,13.6,48917.86962109346,739745.95924104,34.0,4624.0,83.62630406810368,1,1
casa,5600000,150.0,3,3,3,la loma de los bernal,6.2178120613098145,-75.60408020019531,9,16.666666666666668,40721.08579809159,584155.2990556138,50.0,22500.0,69.61370005095546,1,9
apartamento,5700000,70.0,2,2,1,los naranjos,6.1998402093,-75.5626702369,5,14.0,49565.6761295771,827000.8873114464,35.0,4900.0,84.733745264447,1,1
apartamento,5600000,210.0,3,3,3,san lucas,6.177539825439453,-75.5631103515625,9,23.333333333333332,47354.22828936933,904097.3871733967,70.0,44100.0,80.95322066375543,1,9
apartamento,5700000,115.0,3,3,2,castropol,6.216109752655029,-75.56694793701172,8,14.375,48917.86962109346,739745.95924104,38.333333333333336,13225.0,83.62630406810368,1,4
apartamento,9000000,118.0,4,4,2,los balsos no.1,6.1929261513,-75.5666255951,10,11.8,48115.75526148983,871145.722446916,29.5,13924.0,82.2550697961868,1,4
apartamento,3850000,90.0,2,2,1,patio bonito,6.20414400100708,-75.57373046875,5,18.0,43819.79935642627,741195.3041622199,45.0,8100.0,74.91102727015866,1,1
apartamento,8000000,161.0,3,4,2,laureles,6.24621057510376,-75.5960693359375,9,17.88888888888889,37952.470484611345,680619.6840826245,53.666666666666664,25921.0,64.88068391909857,1,4
apartamento,3800000,226.0,4,4,2,los naranjos,6.198076248168945,-75.55879211425781,10,22.6,49565.6761295771,827000.8873114464,56.5,51076.0,84.733745264447,1,4
apartamento,4200000,67.0,1,2,1,los naranjos,6.1956586837768555,-75.56539916992188,4,16.75,49565.6761295771,827000.8873114464,67.0,4489.0,84.733745264447,1,1
apartamento,5000000,98.0,3,2,2,la loma de los bernal,6.217572212219238,-75.60269927978516,7,14.0,40721.08579809159,584155.2990556138,32.666666666666664,9604.0,69.61370005095546,1,4
apartamento,4100000,106.0,3,3,2,los colores,6.26563024520874,-75.59393310546875,8,13.25,34639.764996907856,599064.1711229946,35.333333333333336,11236.0,59.21753222118996,1,4
casa,7000000,234.0,3,4,2,el diamante no.2,6.183230400085449,-75.5716552734375,9,26.0,43639.65496971377,774744.3419949707,78.0,54756.0,74.60306600005285,1,4
apartamento,5000000,89.0,3,2,1,altos del poblado,6.215419769287109,-75.55437469482422,6,14.833333333333334,58495.7928802589,930019.3704600484,29.666666666666668,7921.0,100.0,1,1
apartamento,4900000,70.0,1,2,2,el tesoro,6.206474304199219,-75.55508422851562,5,14.0,46307.752975324685,855149.2240350179,70.0,4900.0,79.1642453160979,1,4
apartamento,2600000,87.9,2,2,1,san joaquin,6.24523135,-75.58557844,5,17.580000000000002,32753.58855757907,569436.2017804154,43.95,7726.410000000001,55.9930670990746,1,1
apartamento,3300000,95.0,3,3,1,la gloria,6.22076,-75.60141,7,13.571428571428571,34291.07710077967,552325.5813953489,31.666666666666668,9025.0,58.62144166670863,1,1
apartamento,2500000,110.0,4,2,0,santa fe,6.22473,-75.5813,6,18.333333333333332,48109.58350181965,701917.4041297935,27.5,12100.0,82.24451902088094,0,0
apartamento,6800000,144.0,3,2,1,las lomas no.1,6.212799072265625,-75.5642318725586,6,24.0,42753.43481316735,816268.3823529412,48.0,20736.0,73.08805079483885,1,1
apartamento,5200000,92.0,2,3,2,altos del poblado,6.2170406,-75.5560194,7,13.142857142857142,58495.7928802589,930019.3704600484,46.0,8464.0,100.0,1,4
apartamento,7300000,168.0,3,3,2,san lucas,6.18081,-75.56236,8,21.0,47354.22828936933,904097.3871733967,56.0,28224.0,80.95322066375543,1,4
apartamento,4200000,89.0,4,3,2,la florida,6.20067,-75.56442,9,9.88888888888889,45025.656955191065,832086.513994911,22.25,7921.0,76.97247056272704,1,4
apartamento,3400000,80.0,3,2,1,la loma de los bernal,6.2186,-75.60309,6,13.333333333333334,40721.08579809159,584155.2990556138,26.666666666666668,6400.0,69.61370005095546,1,1
apartamento,5300000,150.0,3,3,2,las lomas no.2,6.207845687866211,-75.55632781982422,8,18.75,41861.648016276704,816005.6657223796,50.0,22500.0,71.56351928072442,1,4
apartamento,4100000,72.0,1,2,1,los naranjos,6.193474292755127,-75.55982971191406,4,18.0,49565.6761295771,827000.8873114464,72.0,5184.0,84.733745264447,1,1
apartamento,4200000,101.0,3,2,1,alejandria,6.200341701507568,-75.5697250366211,6,16.833333333333332,48842.610337435945,852482.6560951438,33.666666666666664,10201.0,83.49764646735697,1,1
apartamento,3450000,74.0,2,2,2,santa maria de los angeles,6.191709518432617,-75.5804443359375,6,12.333333333333334,47391.397443391514,760224.6376811594,37.0,5476.0,81.01676224887126,1,4
apartamento,4900000,130.0,3,2,2,la florida,6.20396089553833,-75.56767272949219,7,18.571428571428573,45025.656955191065,832086.513994911,43.333333333333336,16900.0,76.97247056272704,1,4
apartamento,4500000,115.0,3,4,2,alejandria,6.199568271636963,-75.56777954101562,9,12.777777777777779,48842.610337435945,852482.6560951438,38.333333333333336,13225.0,83.49764646735697,1,4
apartamento,8500000,120.0,2,2,2,castropol,6.21584,-75.56695,6,20.0,48917.86962109346,739745.95924104,60.0,14400.0,83.62630406810368,1,4
apartamento,2500000,60.0,3,2,1,asomadera no.1,6.224691390991211,-75.56139373779297,6,10.0,48571.57944764218,665557.1635311143,20.0,3600.0,83.03431247964855,1,1
apartamento,3350000,68.0,3,2,1,villa carlota,6.221747398376465,-75.57294464111328,6,11.333333333333334,54977.83356366141,748492.5201380898,22.666666666666668,4624.0,93.98596182156422,1,1
apartamento,4150000,69.0,2,2,2,la aguacatala,6.197084903717041,-75.57795715332031,6,11.5,51442.75043487159,795490.506329114,34.5,4761.0,87.9426500640398,1,4
apartamento,5200000,78.0,1,2,3,el tesoro,6.203347682952881,-75.55573272705078,6,13.0,46307.752975324685,855149.2240350179,78.0,6084.0,79.1642453160979,1,9
apartamento,6200000,95.0,2,2,2,san lucas,6.182498455047607,-75.56712341308594,6,15.833333333333334,47354.22828936933,904097.3871733967,47.5,9025.0,80.95322066375543,1,4
apartamento,2500000,73.0,2,2,0,san joaquin,6.247003555297852,-75.58499145507812,4,18.25,32753.58855757907,569436.2017804154,36.5,5329.0,55.9930670990746,0,0
apartamento,2400000,58.0,2,2,1,laureles,6.247738838195801,-75.5953598022461,5,11.6,37952.470484611345,680619.6840826245,29.0,3364.0,64.88068391909857,1,1
apartamento,3500000,85.0,3,2,1,laureles,6.24623441696167,-75.59576416015625,6,14.166666666666666,37952.470484611345,680619.6840826245,28.333333333333332,7225.0,64.88068391909857,1,1
apartamento,3250000,100.0,3,2,1,los conquistadores,6.24371862411499,-75.5815200805664,6,16.666666666666668,30995.98034836981,625225.2252252252,33.333333333333336,10000.0,52.98839253588492,1,1
apartamento,3800000,76.0,3,2,1,san diego,6.233372688293457,-75.5699462890625,6,12.666666666666666,47227.322103995706,654899.8185117968,25.333333333333332,5776.0,80.73627141129654,1,1
apartamento,6200000,78.0,1,2,3,alejandria,6.1985764503479,-75.57109069824219,6,13.0,48842.610337435945,852482.6560951438,78.0,6084.0,83.49764646735697,1,9
casa,3950000,130.0,3,3,1,la mota,6.211764812469482,-75.59812927246094,7,18.571428571428573,31054.252952250557,508263.3053221289,43.333333333333336,16900.0,53.08801098878807,1,1
apartamento,7200000,170.0,3,4,2,el tesoro,6.203347682952881,-75.55573272705078,9,18.88888888888889,46307.752975324685,855149.2240350179,56.666666666666664,28900.0,79.1642453160979,1,4
casa,9200000,540.0,4,5,4,alejandria,6.200372695922852,-75.5699234008789,13,41.53846153846154,48842.610337435945,852482.6560951438,135.0,291600.0,83.49764646735697,1,16
apartamento,3000000,90.0,2,2,1,las acacias,6.239542484283447,-75.59973907470703,5,18.0,34935.06493506493,672500.0,45.0,8100.0,59.7223547453697,1,1
apartamento,3500000,88.0,1,1,1,lalinde,6.211996078491211,-75.56526947021484,3,29.333333333333332,53427.21397778484,890320.987654321,88.0,7744.0,91.33513941276176,1,1
apartamento,3900000,85.0,2,2,1,san diego,6.224812030792236,-75.56653594970703,5,17.0,47227.322103995706,654899.8185117968,42.5,7225.0,80.73627141129654,1,1
apartamento,6700000,100.0,2,2,1,los balsos no.1,6.186812877655029,-75.56169128417969,5,20.0,48115.75526148983,871145.722446916,50.0,10000.0,82.2550697961868,1,1
apartamento,3500000,130.0,3,3,2,los naranjos,6.1964430809021,-75.56282806396484,8,16.25,49565.6761295771,827000.8873114464,43.333333333333336,16900.0,84.733745264447,1,4
apartamento,3650000,48.0,1,1,1,villa carlota,6.221945762634277,-75.57394409179688,3,16.0,54977.83356366141,748492.5201380898,48.0,2304.0,93.98596182156422,1,1
apartamento,6150000,121.0,3,2,2,los balsos no.2,6.195840358734131,-75.57015991210938,7,17.285714285714285,47300.9517913736,836162.823200559,40.333333333333336,14641.0,80.86214317702954,1,4
apartamento,3000000,135.0,3,3,0,simon bolivar,6.24617,-75.60418,6,22.5,28965.474716228782,659298.245614035,45.0,18225.0,49.51719310057257,0,0
casa,6000000,127.0,3,3,0,laureles,6.242759,-75.596075,6,21.166666666666668,37952.470484611345,680619.6840826245,42.333333333333336,16129.0,64.88068391909857,0,0
casa,4900000,250.0,5,5,1,estadio,6.26127,-75.59326,11,22.727272727272727,28935.940737376888,589306.3583815029,50.0,62500.0,49.466704035636994,1,1
apartamento,2300000,60.0,3,2,1,la hondonada,6.20575,-75.60809,6,10.0,35058.243727598565,399234.693877551,20.0,3600.0,59.93293192787884,1,1
apartamento,8500000,236.0,3,5,3,lalinde,6.2135682,-75.5670112,11,21.454545454545453,53427.21397778484,890320.987654321,78.66666666666667,55696.0,91.33513941276176,1,9
apartamento,3400000,120.0,3,2,1,bolivariana,6.24897,-75.58989,6,20.0,37400.24554941682,658648.6486486486,40.0,14400.0,63.936641778623724,1,1
apartamento,7000000,170.0,3,3,3,el tesoro,6.20241,-75.55649,9,18.88888888888889,46307.752975324685,855149.2240350179,56.666666666666664,28900.0,79.1642453160979,1,9
apartamento,4350000,99.0,3,2,2,castropol,6.223730087280273,-75.56568908691406,7,14.142857142857142,48917.86962109346,739745.95924104,33.0,9801.0,83.62630406810368,1,4
casa,4200000,65.0,1,1,1,altos del poblado,6.211548328399658,-75.55300903320312,3,21.666666666666668,58495.7928802589,930019.3704600484,65.0,4225.0,100.0,1,1
apartamento,9500000,263.0,3,4,3,las palmas,6.185805320739746,-75.55541229248047,10,26.3,44135.83717530642,781094.527363184,87.66666666666667,69169.0,75.45130171267638,1,9
apartamento,5400000,94.0,2,3,2,lalinde,6.212890625,-75.56771850585938,7,13.428571428571429,53427.21397778484,890320.987654321,47.0,8836.0,91.33513941276176,1,4
apartamento,2850000,50.0,2,2,1,san diego,6.228501319885254,-75.56918334960938,5,10.0,47227.322103995706,654899.8185117968,25.0,2500.0,80.73627141129654,1,1
apartamento,3000000,45.0,1,2,1,lalinde,6.212890625,-75.56771850585938,4,11.25,53427.21397778484,890320.987654321,45.0,2025.0,91.33513941276176,1,1
apartamento,4300000,82.0,3,2,1,castropol,6.216109752655029,-75.56694793701172,6,13.666666666666666,48917.86962109346,739745.95924104,27.333333333333332,6724.0,83.62630406810368,1,1
apartamento,2300000,78.0,2,2,0,lorena,6.248279094696045,-75.5998764038086,4,19.5,35721.295387634935,652329.7491039427,39.0,6084.0,61.06643508663359,0,0
apartamento,3200000,194.0,3,3,2,las lomas no.1,6.213983058929443,-75.56349182128906,8,24.25,42753.43481316735,816268.3823529412,64.66666666666667,37636.0,73.08805079483885,1,4
apartamento,4600000,154.0,3,3,2,laureles,6.243014812469482,-75.59574127197266,8,19.25,37952.470484611345,680619.6840826245,51.333333333333336,23716.0,64.88068391909857,1,4
apartamento,4150000,106.0,4,2,1,patio bonito,6.205358028411865,-75.57597351074219,7,15.142857142857142,43819.79935642627,741195.3041622199,26.5,11236.0,74.91102727015866,1,1
apartamento,7500000,164.0,3,4,2,el tesoro,6.203347682952881,-75.55573272705078,9,18.22222222222222,46307.752975324685,855149.2240350179,54.666666666666664,26896.0,79.1642453160979,1,4
apartamento,5700000,117.0,3,3,2,castropol,6.216158866882324,-75.56723022460938,8,14.625,48917.86962109346,739745.95924104,39.0,13689.0,83.62630406810368,1,4
apartamento,4700000,92.0,2,3,2,los balsos no.1,6.186973571777344,-75.56109619140625,7,13.142857142857142,48115.75526148983,871145.722446916,46.0,8464.0,82.2550697961868,1,4
apartamento,8400000,180.0,2,3,2,el tesoro,6.203347682952881,-75.55573272705078,7,25.714285714285715,46307.752975324685,855149.2240350179,90.0,32400.0,79.1642453160979,1,4
apartamento,3900000,75.0,2,2,1,patio bonito,6.205358028411865,-75.57597351074219,5,15.0,43819.79935642627,741195.3041622199,37.5,5625.0,74.91102727015866,1,1
apartamento,6900000,128.0,3,3,2,castropol,6.2158284187316895,-75.56675720214844,8,16.0,48917.86962109346,739745.95924104,42.666666666666664,16384.0,83.62630406810368,1,4
apartamento,6300000,137.0,3,4,2,alejandria,6.200446128845215,-75.56983947753906,9,15.222222222222221,48842.610337435945,852482.6560951438,45.666666666666664,18769.0,83.49764646735697,1,4
apartamento,3450000,137.0,3,2,2,laureles,6.242885112762451,-75.5961685180664,7,19.571428571428573,37952.470484611345,680619.6840826245,45.666666666666664,18769.0,64.88068391909857,1,4
apartamento,3450000,51.0,1,2,1,los conquistadores,6.242354869842529,-75.5815200805664,4,12.75,30995.98034836981,625225.2252252252,51.0,2601.0,52.98839253588492,1,1
apartamento,3650000,174.0,4,2,1,rosales,6.2349677085876465,-75.59002685546875,7,24.857142857142858,31678.50652568974,626633.9869281045,43.5,30276.0,54.15518786203267,1,1
apartamento,3750000,90.0,3,2,1,la loma de los bernal,6.220338344573975,-75.60387420654297,6,15.0,40721.08579809159,584155.2990556138,30.0,8100.0,69.61370005095546,1,1
apartamento,4150000,80.0,2,3,2,villa carlota,6.220139980316162,-75.5752944946289,7,11.428571428571429,54977.83356366141,748492.5201380898,40.0,6400.0,93.98596182156422,1,4
apartamento,5000000,140.0,3,3,1,la castellana,6.239343643188477,-75.60611724853516,7,20.0,32305.993690851734,627000.0,46.666666666666664,19600.0,55.22789264004374,1,1
apartamento,7000000,135.0,3,3,2,san lucas,6.181797981262207,-75.56238555908203,8,16.875,47354.22828936933,904097.3871733967,45.0,18225.0,80.95322066375543,1,4
apartamento,3250000,78.0,3,2,1,la palma,6.229527950286865,-75.6026382446289,6,13.0,30263.43970871707,611688.3116883116,26.0,6084.0,51.73609625339456,1,1
apartamento,5250000,86.0,2,2,2,el castillo,6.191093,-75.572578,6,14.333333333333334,56343.83279364145,907109.0047393364,43.0,7396.0,96.32117118059666,1,4
apartamento,7200000,122.0,2,3,2,los balsos no.1,6.189162731170654,-75.5661392211914,7,17.428571428571427,48115.75526148983,871145.722446916,61.0,14884.0,82.2550697961868,1,4
casa,8500000,230.0,5,4,1,belen,6.235,-75.59615,10,23.0,34214.434214434215,771428.5714285715,46.0,52900.0,58.49041876305752,1,1
casa,5800000,193.0,4,3,1,calasanz,6.26229,-75.59856,8,24.125,32548.10882548109,537043.795620438,48.25,37249.0,55.64179443145114,1,1
apartamento,7000000,160.0,3,4,2,laureles,6.244613,-75.5960537,9,17.77777777777778,37952.470484611345,680619.6840826245,53.333333333333336,25600.0,64.88068391909857,1,4
apartamento,4300000,95.0,2,3,2,el poblado,6.2091,-75.56765,7,13.571428571428571,51331.92389006342,930592.3344947735,47.5,9025.0,87.7531893535319,1,4
apartamento,5500000,85.0,3,2,2,corazon de jesus,6.24822,-75.58003,7,12.142857142857142,39626.55601659751,682142.8571428572,28.333333333333332,7225.0,67.74257440652734,1,4
apartamento,6000000,104.0,2,3,2,manila,6.2133743,-75.5707407,7,14.857142857142858,48813.76037959668,888129.4964028777,52.0,10816.0,83.44832675320535,1,4
apartamento,3500000,78.0,3,2,1,asomadera no.1,6.22565221786499,-75.56111907958984,6,13.0,48571.57944764218,665557.1635311143,26.0,6084.0,83.03431247964855,1,1
apartamento,3400000,95.0,3,2,1,la loma de los bernal,6.217579364776611,-75.60416412353516,6,15.833333333333334,40721.08579809159,584155.2990556138,31.666666666666668,9025.0,69.61370005095546,1,1
apartamento,2700000,80.0,3,2,1,rosales,6.237404823303223,-75.5910873413086,6,13.333333333333334,31678.50652568974,626633.9869281045,26.666666666666668,6400.0,54.15518786203267,1,1
apartamento,3950000,70.0,2,2,1,villa carlota,6.22007942199707,-75.5753173828125,5,14.0,54977.83356366141,748492.5201380898,35.0,4900.0,93.98596182156422,1,1
apartamento,3900000,63.0,2,2,1,el tesoro,6.204051494598389,-75.55583953857422,5,12.6,46307.752975324685,855149.2240350179,31.5,3969.0,79.1642453160979,1,1
apartamento,7800000,200.0,3,3,1,el tesoro,6.203347682952881,-75.55573272705078,7,28.571428571428573,46307.752975324685,855149.2240350179,66.66666666666667,40000.0,79.1642453160979,1,1
apartamento,6900000,157.0,3,3,2,las lomas no.1,6.207781791687012,-75.5604248046875,8,19.625,42753.43481316735,816268.3823529412,52.333333333333336,24649.0,73.08805079483885,1,4
apartamento,4300000,63.0,2,2,1,el tesoro,6.204051494598389,-75.55583953857422,5,12.6,46307.752975324685,855149.2240350179,31.5,3969.0,79.1642453160979,1,1
apartamento,5700000,129.0,3,4,2,alejandria,6.197765827178955,-75.56597900390625,9,14.333333333333334,48842.610337435945,852482.6560951438,43.0,16641.0,83.49764646735697,1,4
apartamento,5500000,113.0,2,3,2,el tesoro,6.203347682952881,-75.55573272705078,7,16.142857142857142,46307.752975324685,855149.2240350179,56.5,12769.0,79.1642453160979,1,4
apartamento,4000000,137.0,3,3,0,la castellana,6.23939,-75.60464,6,22.833333333333332,32305.993690851734,627000.0,45.666666666666664,18769.0,55.22789264004374,0,0
apartamento,3200000,127.0,4,2,1,la loma de los bernal,6.217579364776611,-75.60416412353516,7,18.142857142857142,40721.08579809159,584155.2990556138,31.75,16129.0,69.61370005095546,1,1
apartamento,4200000,95.0,3,2,1,san lucas,6.1799445152282715,-75.56405639648438,6,15.833333333333334,47354.22828936933,904097.3871733967,31.666666666666668,9025.0,80.95322066375543,1,1
apartamento,4200000,80.0,2,2,1,los balsos no.2,6.197432041168213,-75.57011413574219,5,16.0,47300.9517913736,836162.823200559,40.0,6400.0,80.86214317702954,1,1
casa,4750000,186.0,4,3,1,la mota,6.209763526916504,-75.59870910644531,8,23.25,31054.252952250557,508263.3053221289,46.5,34596.0,53.08801098878807,1,1
apartamento,4150000,76.0,2,2,1,los balsos no.2,6.193186283111572,-75.57005310058594,5,15.2,47300.9517913736,836162.823200559,38.0,5776.0,80.86214317702954,1,1
apartamento,4650000,108.0,3,2,2,los balsos no.2,6.19558048248291,-75.56987762451172,7,15.428571428571429,47300.9517913736,836162.823200559,36.0,11664.0,80.86214317702954,1,4
casa,9700000,256.0,3,3,2,alejandria,6.199352264404297,-75.56932067871094,8,32.0,48842.610337435945,852482.6560951438,85.33333333333333,65536.0,83.49764646735697,1,4
apartamento,4750000,130.0,3,2,2,patio bonito,6.206200122833252,-75.57335662841797,7,18.571428571428573,43819.79935642627,741195.3041622199,43.333333333333336,16900.0,74.91102727015866,1,4
apartamento,6200000,100.0,2,3,2,el tesoro,6.198581695556641,-75.55673217773438,7,14.285714285714286,46307.752975324685,855149.2240350179,50.0,10000.0,79.1642453160979,1,4
apartamento,3400000,69.0,2,2,1,la loma de los bernal,6.2178120613098145,-75.60408020019531,5,13.8,40721.08579809159,584155.2990556138,34.5,4761.0,69.61370005095546,1,1
apartamento,5000000,126.0,3,2,2,santa maria de los angeles,6.186334609985352,-75.57952117919922,7,18.0,47391.397443391514,760224.6376811594,42.0,15876.0,81.01676224887126,1,4
apartamento,5000000,130.0,2,3,2,el tesoro,6.203554153442383,-75.55683135986328,7,18.571428571428573,46307.752975324685,855149.2240350179,65.0,16900.0,79.1642453160979,1,4
apartamento,3100000,137.0,3,3,2,los naranjos,6.199672698974609,-75.5592041015625,8,17.125,49565.6761295771,827000.8873114464,45.666666666666664,18769.0,84.733745264447,1,4
apartamento,5650000,115.0,3,3,2,el diamante no.2,6.182491779327393,-75.5741958618164,8,14.375,43639.65496971377,774744.3419949707,38.333333333333336,13225.0,74.60306600005285,1,4
apartamento,5000000,120.0,3,4,0,patio bonito,6.20701,-75.57607,7,17.142857142857142,43819.79935642627,741195.3041622199,40.0,14400.0,74.91102727015866,0,0
apartamento,3800000,85.0,3,2,1,patio bonito,6.20612,-75.575,6,14.166666666666666,43819.79935642627,741195.3041622199,28.333333333333332,7225.0,74.91102727015866,1,1
apartamento,3400000,76.0,3,2,1,villa carlota,6.22137,-75.57453,6,12.666666666666666,54977.83356366141,748492.5201380898,25.333333333333332,5776.0,93.98596182156422,1,1
casa,4400000,158.0,5,3,1,las lomas no.1,6.21042,-75.55901,9,17.555555555555557,42753.43481316735,816268.3823529412,31.6,24964.0,73.08805079483885,1,1
apartamento,3500000,110.0,3,2,1,la castellana,6.2409,-75.60383,6,18.333333333333332,32305.993690851734,627000.0,36.666666666666664,12100.0,55.22789264004374,1,1
apartamento,4200000,125.0,3,3,2,la florida,6.202545642852783,-75.56926727294922,8,15.625,45025.656955191065,832086.513994911,41.666666666666664,15625.0,76.97247056272704,1,4
apartamento,9600000,295.0,4,5,2,lalinde,6.213284015655518,-75.56497955322266,11,26.818181818181817,53427.21397778484,890320.987654321,73.75,87025.0,91.33513941276176,1,4
apartamento,4600000,65.0,3,2,1,el tesoro,6.202233791351318,-75.5589370727539,6,10.833333333333334,46307.752975324685,855149.2240350179,21.666666666666668,4225.0,79.1642453160979,1,1
apartamento,3600000,75.0,3,2,1,asomadera no.2,6.2168707847595215,-75.55908203125,6,12.5,51821.74887892377,772562.6740947075,25.0,5625.0,88.59055724742987,1,1
apartamento,5400000,98.0,4,3,1,la florida,6.207281112670898,-75.55995178222656,8,12.25,45025.656955191065,832086.513994911,24.5,9604.0,76.97247056272704,1,1
apartamento,6200000,157.0,3,3,2,la florida,6.205812931060791,-75.56632995605469,8,19.625,45025.656955191065,832086.513994911,52.333333333333336,24649.0,76.97247056272704,1,4
apartamento,2700000,90.0,3,3,1,miravalle,6.2345709800720215,-75.599853515625,7,12.857142857142858,42041.52249134948,650892.8571428572,30.0,8100.0,71.87101913022809,1,1
apartamento,5800000,150.0,3,3,1,castropol,6.21481466293335,-75.56729125976562,7,21.428571428571427,48917.86962109346,739745.95924104,50.0,22500.0,83.62630406810368,1,1
apartamento,6200000,160.0,3,4,2,los balsos no.2,6.192737102508545,-75.56841278076172,9,17.77777777777778,47300.9517913736,836162.823200559,53.333333333333336,25600.0,80.86214317702954,1,4
apartamento,3700000,80.0,2,2,1,el castillo,6.192389965057373,-75.57633972167969,5,16.0,56343.83279364145,907109.0047393364,40.0,6400.0,96.32117118059666,1,1
apartamento,4150000,109.0,3,2,2,el diamante no.2,6.182221412658691,-75.57076263427734,7,15.571428571428571,43639.65496971377,774744.3419949707,36.333333333333336,11881.0,74.60306600005285,1,4
apartamento,3800000,70.0,3,2,1,patio bonito,6.209,-75.57617,6,11.666666666666666,43819.79935642627,741195.3041622199,23.333333333333332,4900.0,74.91102727015866,1,1
apartamento,5500000,90.0,3,3,1,asomadera no.1,6.22575066,-75.56116009,7,12.857142857142858,48571.57944764218,665557.1635311143,30.0,8100.0,83.03431247964855,1,1
apartamento,4400000,90.0,2,2,2,el tesoro,6.203608512878418,-75.5531997680664,6,15.0,46307.752975324685,855149.2240350179,45.0,8100.0,79.1642453160979,1,4
apartamento,6200000,130.0,3,3,1,las acacias,6.240963935852051,-75.60116577148438,7,18.571428571428573,34935.06493506493,672500.0,43.333333333333336,16900.0,59.7223547453697,1,1
apartamento,6500000,98.0,2,3,2,alejandria,6.19987049,-75.56961401,7,14.0,48842.610337435945,852482.6560951438,49.0,9604.0,83.49764646735697,1,4
apartamento,3400000,116.0,2,2,1,laureles,6.241885185241699,-75.59459686279297,5,23.2,37952.470484611345,680619.6840826245,58.0,13456.0,64.88068391909857,1,1
apartamento,4950000,120.0,3,3,2,san lucas,6.179888725280762,-75.56471252441406,8,15.0,47354.22828936933,904097.3871733967,40.0,14400.0,80.95322066375543,1,4
apartamento,3500000,135.0,3,2,1,fatima,6.233886241912842,-75.5849838256836,6,22.5,31102.18652387327,606086.9565217391,45.0,18225.0,53.16995461116248,1,1
apartamento,4200000,70.0,1,2,2,los balsos no.2,6.1955952644348145,-75.56988525390625,5,14.0,47300.9517913736,836162.823200559,70.0,4900.0,80.86214317702954,1,4
apartamento,4800000,120.0,3,2,1,los balsos no.2,6.1942901611328125,-75.56805419921875,6,20.0,47300.9517913736,836162.823200559,40.0,14400.0,80.86214317702954,1,1
apartamento,3850000,78.0,3,2,1,la loma de los bernal,6.217579364776611,-75.60416412353516,6,13.0,40721.08579809159,584155.2990556138,26.0,6084.0,69.61370005095546,1,1
apartamento,5000000,102.0,2,2,2,castropol,6.217127799987793,-75.5671615600586,6,17.0,48917.86962109346,739745.95924104,51.0,10404.0,83.62630406810368,1,4
apartamento,3400000,66.0,1,2,2,laureles,6.242830753326416,-75.59526062011719,5,13.2,37952.470484611345,680619.6840826245,66.0,4356.0,64.88068391909857,1,4
apartamento,3600000,80.0,3,2,1,las palmas,6.238662,-75.564787,6,13.333333333333334,44135.83717530642,781094.527363184,26.666666666666668,6400.0,75.45130171267638,1,1
apartamento,7500000,163.0,3,3,2,el tesoro,6.20595552,-75.55933348,8,20.375,46307.752975324685,855149.2240350179,54.333333333333336,26569.0,79.1642453160979,1,4
apartamento,3400000,80.0,3,2,1,asomadera no.1,6.22834184,-75.56298017,6,13.333333333333334,48571.57944764218,665557.1635311143,26.666666666666668,6400.0,83.03431247964855,1,1
apartamento,5000000,148.0,3,1,2,san lucas,6.179859,-75.563802,6,24.666666666666668,47354.22828936933,904097.3871733967,49.333333333333336,21904.0,80.95322066375543,1,4
apartamento,4600000,87.0,3,2,1,villa carlota,6.2217,-75.57474,6,14.5,54977.83356366141,748492.5201380898,29.0,7569.0,93.98596182156422,1,1
casa,5500000,127.0,3,2,0,las acacias,6.24297,-75.60223,5,25.4,34935.06493506493,672500.0,42.333333333333336,16129.0,59.7223547453697,0,0
apartamento,2300000,65.0,3,2,1,loreto,6.22792,-75.55894,6,10.833333333333334,37293.72937293729,403571.4285714286,21.666666666666668,4225.0,63.75454974903526,1,1
apartamento,4000000,78.0,3,2,1,trinidad,6.22822,-75.5872,6,13.0,34098.360655737706,472727.2727272727,26.0,6084.0,58.291988152955156,1,1
apartamento,4700000,131.0,3,4,2,villa carlota,6.22062,-75.57469,9,14.555555555555555,54977.83356366141,748492.5201380898,43.666666666666664,17161.0,93.98596182156422,1,4
apartamento,8200000,110.0,3,3,2,los naranjos,6.194284439086914,-75.55915832519531,8,13.75,49565.6761295771,827000.8873114464,36.666666666666664,12100.0,84.733745264447,1,4
apartamento,3850000,78.0,2,2,1,villa carlota,6.217198848724365,-75.57398223876953,5,15.6,54977.83356366141,748492.5201380898,39.0,6084.0,93.98596182156422,1,1
apartamento,3200000,63.0,3,2,1,san diego,6.233943939208984,-75.57000732421875,6,10.5,47227.322103995706,654899.8185117968,21.0,3969.0,80.73627141129654,1,1
apartamento,6450000,144.0,3,4,2,santa maria de los angeles,6.190048694610596,-75.57907104492188,9,16.0,47391.397443391514,760224.6376811594,48.0,20736.0,81.01676224887126,1,4
apartamento,2500000,55.0,2,2,1,el nogal-los almendros,6.2387374,-75.5906973,5,11.0,31931.988041853514,623722.6277372263,27.5,3025.0,54.5885207628836,1,1
apartamento,6000000,125.0,2,2,2,los balsos no.2,6.195546627044678,-75.57054901123047,6,20.833333333333332,47300.9517913736,836162.823200559,62.5,15625.0,80.86214317702954,1,4
apartamento,3650000,95.0,3,2,1,la castellana,6.240499973297119,-75.60771179199219,6,15.833333333333334,32305.993690851734,627000.0,31.666666666666668,9025.0,55.22789264004374,1,1
apartamento,6500000,186.0,3,3,2,patio bonito,6.204399108886719,-75.5739974975586,8,23.25,43819.79935642627,741195.3041622199,62.0,34596.0,74.91102727015866,1,4
apartamento,3150000,50.0,1,2,2,castropol,6.220721244812012,-75.56621551513672,5,10.0,48917.86962109346,739745.95924104,50.0,2500.0,83.62630406810368,1,4
apartamento,9300000,175.0,3,4,3,el tesoro,6.203347682952881,-75.55573272705078,10,17.5,46307.752975324685,855149.2240350179,58.333333333333336,30625.0,79.1642453160979,1,9
casa,8200000,290.0,4,5,2,los balsos no.1,6.18812894821167,-75.56005859375,11,26.363636363636363,48115.75526148983,871145.722446916,72.5,84100.0,82.2550697961868,1,4
apartamento,4950000,78.0,2,2,1,villa carlota,6.217029094696045,-75.57361602783203,5,15.6,54977.83356366141,748492.5201380898,39.0,6084.0,93.98596182156422,1,1
apartamento,3600000,70.0,2,2,1,lalinde,6.2116198788,-75.565333353,5,14.0,53427.21397778484,890320.987654321,35.0,4900.0,91.33513941276176,1,1
apartamento,3600000,120.0,3,2,1,las lomas no.1,6.2104082107543945,-75.55905151367188,6,20.0,42753.43481316735,816268.3823529412,40.0,14400.0,73.08805079483885,1,1
apartamento,5650000,134.0,2,3,2,la florida,6.204833030700684,-75.5616455078125,7,19.142857142857142,45025.656955191065,832086.513994911,67.0,17956.0,76.97247056272704,1,4
apartamento,4900000,95.0,3,2,1,la castellana,6.240499973297119,-75.60771179199219,6,15.833333333333334,32305.993690851734,627000.0,31.666666666666668,9025.0,55.22789264004374,1,1
apartamento,3600000,80.0,3,2,1,las lomas no.1,6.2154765129089355,-75.56259155273438,6,13.333333333333334,42753.43481316735,816268.3823529412,26.666666666666668,6400.0,73.08805079483885,1,1
apartamento,4200000,67.0,1,2,1,alejandria,6.197247505187988,-75.56945037841797,4,16.75,48842.610337435945,852482.6560951438,67.0,4489.0,83.49764646735697,1,1
apartamento,4000000,140.0,3,2,1,patio bonito,6.204165458679199,-75.5733413696289,6,23.333333333333332,43819.79935642627,741195.3041622199,46.666666666666664,19600.0,74.91102727015866,1,1
apartamento,5200000,118.0,2,2,2,alejandria,6.1985764503479,-75.57109069824219,6,19.666666666666668,48842.610337435945,852482.6560951438,59.0,13924.0,83.49764646735697,1,4
apartamento,9200000,215.0,3,4,3,los balsos no.1,6.186129093170166,-75.5629653930664,10,21.5,48115.75526148983,871145.722446916,71.66666666666667,46225.0,82.2550697961868,1,9
apartamento,9100000,227.0,3,4,2,los naranjos,6.19199800491333,-75.55575561523438,9,25.22222222222222,49565.6761295771,827000.8873114464,75.66666666666667,51529.0,84.733745264447,1,4
apartamento,7800000,186.0,3,3,2,patio bonito,6.2029595375061035,-75.57418823242188,8,23.25,43819.79935642627,741195.3041622199,62.0,34596.0,74.91102727015866,1,4
apartamento,5700000,148.0,2,2,2,altos del poblado,6.214793682098389,-75.55486297607422,6,24.666666666666668,58495.7928802589,930019.3704600484,74.0,21904.0,100.0,1,4
apartamento,9700000,87.0,2,2,1,altos del poblado,6.214715480804443,-75.55484008789062,5,17.4,58495.7928802589,930019.3704600484,43.5,7569.0,100.0,1,1
apartamento,4000000,100.0,3,3,1,altos del poblado,6.215419769287109,-75.55437469482422,7,14.285714285714286,58495.7928802589,930019.3704600484,33.333333333333336,10000.0,100.0,1,1
apartamento,5400000,150.0,3,3,1,la florida,6.2048020362854,-75.56509399414062,7,21.428571428571427,45025.656955191065,832086.513994911,50.0,22500.0,76.97247056272704,1,1
apartamento,6700000,65.0,3,2,1,santa fe,6.221887588500977,-75.5814437866211,6,10.833333333333334,48109.58350181965,701917.4041297935,21.666666666666668,4225.0,82.24451902088094,1,1
apartamento,2700000,110.0,3,2,1,las acacias,6.239034652709961,-75.60088348388672,6,18.333333333333332,34935.06493506493,672500.0,36.666666666666664,12100.0,59.7223547453697,1,1
apartamento,4800000,120.0,3,3,2,san lucas,6.184934616088867,-75.56820678710938,8,15.0,47354.22828936933,904097.3871733967,40.0,14400.0,80.95322066375543,1,4
apartamento,3600000,78.0,3,2,1,santa fe,6.222130298614502,-75.58153533935547,6,13.0,48109.58350181965,701917.4041297935,26.0,6084.0,82.24451902088094,1,1
apartamento,4300000,86.0,2,3,1,villa carlota,6.22306,-75.57275,6,14.333333333333334,54977.83356366141,748492.5201380898,43.0,7396.0,93.98596182156422,1,1
apartamento,4000000,85.0,2,2,2,lalinde,6.212935,-75.567698,6,14.166666666666666,53427.21397778484,890320.987654321,42.5,7225.0,91.33513941276176,1,4
apartamento,5600000,114.0,3,2,0,el diamante no.2,6.1822239,-75.5764975,5,22.8,43639.65496971377,774744.3419949707,38.0,12996.0,74.60306600005285,0,0
casa,2300000,127.0,4,1,0,el chagualo,6.26111,-75.57131,5,25.4,24598.930481283423,353846.1538461539,31.75,16129.0,42.052478084428266,0,0
casa,8000000,280.0,5,4,1,fatima,6.23340717,-75.58689374,10,28.0,31102.18652387327,606086.9565217391,56.0,78400.0,53.16995461116248,1,1
apartamento,5000000,126.0,3,4,1,patio bonito,6.20545,-75.57541,8,15.75,43819.79935642627,741195.3041622199,42.0,15876.0,74.91102727015866,1,1
casa,4000000,200.0,4,3,1,laureles,6.2434,-75.5946,8,25.0,37952.470484611345,680619.6840826245,50.0,40000.0,64.88068391909857,1,1
apartamento,7000000,159.0,3,3,2,los balsos no.2,6.19369,-75.56926,8,19.875,47300.9517913736,836162.823200559,53.0,25281.0,80.86214317702954,1,4
apartamento,2250000,70.0,3,2,1,la hondonada,6.20119,-75.59994,6,11.666666666666666,35058.243727598565,399234.693877551,23.333333333333332,4900.0,59.93293192787884,1,1
apartamento,2500000,68.0,3,2,1,altavista,6.21938,-75.61208,6,11.333333333333334,27468.581687612208,463636.36363636365,22.666666666666668,4624.0,46.958217565903404,1,1
apartamento,4000000,135.0,3,3,0,alejandria,6.201523780822754,-75.57217407226562,6,22.5,48842.610337435945,852482.6560951438,45.0,18225.0,83.49764646735697,0,0
apartamento,7300000,285.0,4,5,4,los balsos no.1,6.192852973937988,-75.56636047363281,13,21.923076923076923,48115.75526148983,871145.722446916,71.25,81225.0,82.2550697961868,1,16
apartamento,8650000,108.0,2,2,2,santa maria de los angeles,6.188480377197266,-75.58077239990234,6,18.0,47391.397443391514,760224.6376811594,54.0,11664.0,81.01676224887126,1,4
apartamento,2700000,78.0,3,2,1,castropol,6.2158894538879395,-75.56684112548828,6,13.0,48917.86962109346,739745.95924104,26.0,6084.0,83.62630406810368,1,1
apartamento,4600000,70.0,3,2,1,asomadera no.3,6.221330165863037,-75.5596923828125,6,11.666666666666666,56742.24343675418,834210.5263157894,23.333333333333332,4900.0,97.0022639968412,1,1
apartamento,3350000,90.0,3,2,1,el diamante no.2,6.183230400085449,-75.5716552734375,6,15.0,43639.65496971377,774744.3419949707,30.0,8100.0,74.60306600005285,1,1
apartamento,6000000,116.0,3,2,1,castropol,6.216109752655029,-75.56694793701172,6,19.333333333333332,48917.86962109346,739745.95924104,38.666666666666664,13456.0,83.62630406810368,1,1
apartamento,4900000,103.0,3,3,2,castropol,6.2158894538879395,-75.56684112548828,8,12.875,48917.86962109346,739745.95924104,34.333333333333336,10609.0,83.62630406810368,1,4
apartamento,8100000,167.0,3,3,2,lalinde,6.212890625,-75.56771850585938,8,20.875,53427.21397778484,890320.987654321,55.666666666666664,27889.0,91.33513941276176,1,4
apartamento,3650000,76.0,3,3,1,lalinde,6.211902618408203,-75.56634521484375,7,10.857142857142858,53427.21397778484,890320.987654321,25.333333333333332,5776.0,91.33513941276176,1,1
apartamento,5300000,90.0,2,3,1,villa carlota,6.224001407623291,-75.57452392578125,6,15.0,54977.83356366141,748492.5201380898,45.0,8100.0,93.98596182156422,1,1
apartamento,3200000,77.0,3,2,1,la loma de los bernal,6.217579364776611,-75.60416412353516,6,12.833333333333334,40721.08579809159,584155.2990556138,25.666666666666668,5929.0,69.61370005095546,1,1
apartamento,7500000,142.0,3,3,1,el tesoro,6.203797340393066,-75.55549621582031,7,20.285714285714285,46307.752975324685,855149.2240350179,47.333333333333336,20164.0,79.1642453160979,1,1
apartamento,4300000,147.0,3,3,0,laureles,6.242737293243408,-75.59580993652344,6,24.5,37952.470484611345,680619.6840826245,49.0,21609.0,64.88068391909857,0,0
apartamento,6800000,122.0,3,4,2,villa carlota,6.2200488,-75.57336186,9,13.555555555555555,54977.83356366141,748492.5201380898,40.666666666666664,14884.0,93.98596182156422,1,4
apartamento,3950000,88.0,3,3,1,los balsos no.1,6.185398101806641,-75.5597152709961,7,12.571428571428571,48115.75526148983,871145.722446916,29.333333333333332,7744.0,82.2550697961868,1,1
apartamento,3100000,72.0,2,2,1,altos del poblado,6.2146711349487305,-75.55535888671875,5,14.4,58495.7928802589,930019.3704600484,36.0,5184.0,100.0,1,1
apartamento,5200000,125.0,3,4,2,alejandria,6.1990885734558105,-75.5723648071289,9,13.88888888888889,48842.610337435945,852482.6560951438,41.666666666666664,15625.0,83.49764646735697,1,4
apartamento,3600000,110.0,3,2,1,la loma de los bernal,6.219358921051025,-75.60374450683594,6,18.333333333333332,40721.08579809159,584155.2990556138,36.666666666666664,12100.0,69.61370005095546,1,1
apartamento,4250000,74.0,2,2,1,el diamante no.2,6.183945655822754,-75.572021484375,5,14.8,43639.65496971377,774744.3419949707,37.0,5476.0,74.60306600005285,1,1
casa,2800000,112.0,3,3,0,fatima,6.23818,-75.58382,6,18.666666666666668,31102.18652387327,606086.9565217391,37.333333333333336,12544.0,53.16995461116248,0,0
apartamento,5700000,70.0,2,2,1,los balsos no.1,6.189111232757568,-75.56095123291016,5,14.0,48115.75526148983,871145.722446916,35.0,4900.0,82.2550697961868,1,1
apartamento,8100000,160.0,3,4,2,los balsos no.1,6.188079833984375,-75.55982208251953,9,17.77777777777778,48115.75526148983,871145.722446916,53.333333333333336,25600.0,82.2550697961868,1,4
apartamento,4500000,78.0,1,2,1,san lucas,6.179888725280762,-75.56471252441406,4,19.5,47354.22828936933,904097.3871733967,78.0,6084.0,80.95322066375543,1,1
apartamento,3400000,137.0,3,2,1,laureles,6.239878177642822,-75.5926513671875,6,22.833333333333332,37952.470484611345,680619.6840826245,45.666666666666664,18769.0,64.88068391909857,1,1
apartamento,2900000,76.0,2,2,1,laureles,6.240971565246582,-75.5938949584961,5,15.2,37952.470484611345,680619.6840826245,38.0,5776.0,64.88068391909857,1,1
apartamento,3500000,80.0,3,2,1,las acacias,6.2410054206848145,-75.60015869140625,6,13.333333333333334,34935.06493506493,672500.0,26.666666666666668,6400.0,59.7223547453697,1,1
apartamento,2500000,51.05,2,1,1,la loma de los bernal,6.2181428949,-75.6042408943,4,12.7625,40721.08579809159,584155.2990556138,25.525,2606.1024999999995,69.61370005095546,1,1
apartamento,4800000,92.0,2,3,0,los balsos no.1,6.1916088,-75.5654802,5,18.4,48115.75526148983,871145.722446916,46.0,8464.0,82.2550697961868,0,0
apartamento,5500000,104.0,3,3,0,santa maria de los angeles,6.1924214,-75.5773619,6,17.333333333333332,47391.397443391514,760224.6376811594,34.666666666666664,10816.0,81.01676224887126,0,0
apartamento,1750000,55.0,3,5,0,robledo,6.2751833,-75.5958527,8,6.875,31382.113821138213,371153.8461538461,18.333333333333332,3025.0,53.648497226762125,0,0
apartamento,4700000,160.0,4,4,1,la palma,6.22868494,-75.60261355,9,17.77777777777778,30263.43970871707,611688.3116883116,40.0,25600.0,51.73609625339456,1,1
apartamento,6000000,165.0,3,5,0,el tesoro,6.2060645,-75.559079,8,20.625,46307.752975324685,855149.2240350179,55.0,27225.0,79.1642453160979,0,0
apartamento,5700000,90.0,1,2,2,san lucas,6.18066,-75.56244,5,18.0,47354.22828936933,904097.3871733967,90.0,8100.0,80.95322066375543,1,4
apartamento,2500000,58.0,3,2,1,los colores,6.26704,-75.59167,6,9.666666666666666,34639.764996907856,599064.1711229946,19.333333333333332,3364.0,59.21753222118996,1,1
apartamento,8500000,92.0,2,2,2,el tesoro,6.20488,-75.56041,6,15.333333333333334,46307.752975324685,855149.2240350179,46.0,8464.0,79.1642453160979,1,4
apartamento,3200000,60.0,1,2,1,patio bonito,6.20545,-75.57541,4,15.0,43819.79935642627,741195.3041622199,60.0,3600.0,74.91102727015866,1,1
apartamento,4600000,72.0,2,2,1,patio bonito,6.204561233520508,-75.57431030273438,5,14.4,43819.79935642627,741195.3041622199,36.0,5184.0,74.91102727015866,1,1
apartamento,8000000,140.0,2,3,1,la florida,6.2059173583984375,-75.56620788574219,6,23.333333333333332,45025.656955191065,832086.513994911,70.0,19600.0,76.97247056272704,1,1
apartamento,7500000,120.0,3,4,2,lalinde,6.212864,-75.566557,9,13.333333333333334,53427.21397778484,890320.987654321,40.0,14400.0,91.33513941276176,1,4
apartamento,7500000,190.0,3,4,2,san lucas,6.1811378766,-75.5617410663,9,21.11111111111111,47354.22828936933,904097.3871733967,63.333333333333336,36100.0,80.95322066375543,1,4
apartamento,5000000,75.0,2,2,1,alejandria,6.199948787689209,-75.56999206542969,5,15.0,48842.610337435945,852482.6560951438,37.5,5625.0,83.49764646735697,1,1
apartamento,4950000,138.0,3,2,1,patio bonito,6.205519676208496,-75.57450866699219,6,23.0,43819.79935642627,741195.3041622199,46.0,19044.0,74.91102727015866,1,1
apartamento,3000000,62.0,3,2,1,castropol,6.216162204742432,-75.56681823730469,6,10.333333333333334,48917.86962109346,739745.95924104,20.666666666666668,3844.0,83.62630406810368,1,1
apartamento,2650000,95.0,3,2,1,la mota,6.212703227996826,-75.59812927246094,6,15.833333333333334,31054.252952250557,508263.3053221289,31.666666666666668,9025.0,53.08801098878807,1,1
apartamento,5200000,91.0,2,2,1,san diego,6.229938983917236,-75.56834411621094,5,18.2,47227.322103995706,654899.8185117968,45.5,8281.0,80.73627141129654,1,1
apartamento,3600000,86.0,3,2,1,san diego,6.225758075714111,-75.56769561767578,6,14.333333333333334,47227.322103995706,654899.8185117968,28.666666666666668,7396.0,80.73627141129654,1,1
apartamento,3950000,92.0,2,2,1,los conquistadores,6.243462562561035,-75.58190155029297,5,18.4,30995.98034836981,625225.2252252252,46.0,8464.0,52.98839253588492,1,1
apartamento,5100000,110.0,3,3,2,castropol,6.2159013748168945,-75.56682586669922,8,13.75,48917.86962109346,739745.95924104,36.666666666666664,12100.0,83.62630406810368,1,4
apartamento,9800000,170.0,3,4,2,el tesoro,6.203347682952881,-75.55573272705078,9,18.88888888888889,46307.752975324685,855149.2240350179,56.666666666666664,28900.0,79.1642453160979,1,4
apartamento,6800000,247.0,4,4,1,las lomas no.2,6.208461284637451,-75.55665588378906,9,27.444444444444443,41861.648016276704,816005.6657223796,61.75,61009.0,71.56351928072442,1,1
apartamento,4350000,90.0,3,2,1,los naranjos,6.193601131439209,-75.5608901977539,6,15.0,49565.6761295771,827000.8873114464,30.0,8100.0,84.733745264447,1,1
apartamento,3650000,60.0,1,2,1,alejandria,6.1985764503479,-75.57109069824219,4,15.0,48842.610337435945,852482.6560951438,60.0,3600.0,83.49764646735697,1,1
casa,6000000,180.0,5,2,0,suramericana,6.256525,-75.584061,7,25.714285714285715,26951.114922813034,661578.947368421,36.0,32400.0,46.07359537459739,0,0
casa,4000000,150.0,4,2,0,simon bolivar,6.24615,-75.60464,6,25.0,28965.474716228782,659298.245614035,37.5,22500.0,49.51719310057257,0,0
apartamento,6200000,72.0,2,2,1,alejandria,6.200577259063721,-75.56989288330078,5,14.4,48842.610337435945,852482.6560951438,36.0,5184.0,83.49764646735697,1,1
apartamento,3200000,67.0,3,2,1,castropol,6.216109752655029,-75.56694793701172,6,11.166666666666666,48917.86962109346,739745.95924104,22.333333333333332,4489.0,83.62630406810368,1,1
apartamento,3200000,110.0,5,3,1,la mota,6.215809,-75.598734,9,12.222222222222221,31054.252952250557,508263.3053221289,22.0,12100.0,53.08801098878807,1,1
apartamento,4500000,135.0,4,3,1,nueva villa del aburra,6.23496928,-75.60110103,8,16.875,27963.362068965518,576666.6666666666,33.75,18225.0,47.804056825431225,1,1
apartamento,3300000,43.0,1,2,1,villa carlota,6.22353273,-75.57126501,4,10.75,54977.83356366141,748492.5201380898,43.0,1849.0,93.98596182156422,1,1
apartamento,4650000,72.0,1,2,1,patio bonito,6.2059645652771,-75.57164764404297,4,18.0,43819.79935642627,741195.3041622199,72.0,5184.0,74.91102727015866,1,1
apartamento,2080000,50.0,1,2,1,la colina,6.1998098,-75.5963661,4,12.5,42341.269841269845,569066.6666666666,50.0,2500.0,72.38344461445728,1,1
apartamento,6160000,128.0,3,4,0,castropol,6.2152759,-75.5656471,7,18.285714285714285,48917.86962109346,739745.95924104,42.666666666666664,16384.0,83.62630406810368,0,0
apartamento,6000000,90.0,3,2,0,san lucas,6.180376,-75.5599957,5,18.0,47354.22828936933,904097.3871733967,30.0,8100.0,80.95322066375543,0,0
apartamento,3900000,115.0,4,3,0,la mota,6.2111026,-75.5990336,7,16.428571428571427,31054.252952250557,508263.3053221289,28.75,13225.0,53.08801098878807,0,0
apartamento,3900000,85.0,3,2,2,asomadera no.1,6.227833,-75.564699,7,12.142857142857142,48571.57944764218,665557.1635311143,28.333333333333332,7225.0,83.03431247964855,1,4
apartamento,4900000,120.0,4,2,2,las lomas no.2,6.21189,-75.55753,8,15.0,41861.648016276704,816005.6657223796,30.0,14400.0,71.56351928072442,1,4
apartamento,5500000,90.0,2,2,2,los balsos no.2,6.19465,-75.56625,6,15.0,47300.9517913736,836162.823200559,45.0,8100.0,80.86214317702954,1,4
apartamento,6000000,135.0,3,3,2,castropol,6.21895,-75.56778,8,16.875,48917.86962109346,739745.95924104,45.0,18225.0,83.62630406810368,1,4
apartamento,3500000,90.0,3,2,1,patio bonito,6.20916,-75.5763,6,15.0,43819.79935642627,741195.3041622199,30.0,8100.0,74.91102727015866,1,1
apartamento,5000000,90.0,2,2,2,altos del poblado,6.21713,-75.5559,6,15.0,58495.7928802589,930019.3704600484,45.0,8100.0,100.0,1,4
apartamento,4000000,130.0,3,3,1,castropol,6.21567,-75.56838,7,18.571428571428573,48917.86962109346,739745.95924104,43.333333333333336,16900.0,83.62630406810368,1,1
apartamento,7000000,145.0,3,3,2,castropol,6.21597,-75.56555,8,18.125,48917.86962109346,739745.95924104,48.333333333333336,21025.0,83.62630406810368,1,4
apartamento,8700000,170.0,3,4,2,san lucas,6.179930686950684,-75.5642318725586,9,18.88888888888889,47354.22828936933,904097.3871733967,56.666666666666664,28900.0,80.95322066375543,1,4
apartamento,3650000,78.0,2,2,1,patio bonito,6.205358028411865,-75.57597351074219,5,15.6,43819.79935642627,741195.3041622199,39.0,6084.0,74.91102727015866,1,1
apartamento,9050000,120.0,3,4,2,el castillo,6.187516212463379,-75.56890869140625,9,13.333333333333334,56343.83279364145,907109.0047393364,40.0,14400.0,96.32117118059666,1,4
apartamento,7200000,160.0,3,3,2,laureles,6.242758750915527,-75.59607696533203,8,20.0,37952.470484611345,680619.6840826245,53.333333333333336,25600.0,64.88068391909857,1,4
casa,2950000,80.0,3,3,0,la loma de los bernal,6.217579364776611,-75.60416412353516,6,13.333333333333334,40721.08579809159,584155.2990556138,26.666666666666668,6400.0,69.61370005095546,0,0
apartamento,9800000,150.0,3,3,2,el tesoro,6.203347682952881,-75.55573272705078,8,18.75,46307.752975324685,855149.2240350179,50.0,22500.0,79.1642453160979,1,4
apartamento,9200000,313.0,4,4,2,alejandria,6.199160099029541,-75.57066345214844,10,31.3,48842.610337435945,852482.6560951438,78.25,97969.0,83.49764646735697,1,4
apartamento,5650000,123.0,3,2,2,santa maria de los angeles,6.184257984161377,-75.57969665527344,7,17.571428571428573,47391.397443391514,760224.6376811594,41.0,15129.0,81.01676224887126,1,4
apartamento,5150000,93.0,3,2,2,villa carlota,6.220215797424316,-75.57522583007812,7,13.285714285714286,54977.83356366141,748492.5201380898,31.0,8649.0,93.98596182156422,1,4
casa,8700000,300.0,3,3,2,alejandria,6.200403213500977,-75.56999206542969,8,37.5,48842.610337435945,852482.6560951438,100.0,90000.0,83.49764646735697,1,4
apartamento,4950000,230.0,4,5,2,el diamante no.2,6.181234359741211,-75.57108306884766,11,20.90909090909091,43639.65496971377,774744.3419949707,57.5,52900.0,74.60306600005285,1,4
apartamento,5200000,130.0,3,2,2,los conquistadores,6.242396354675293,-75.58134460449219,7,18.571428571428573,30995.98034836981,625225.2252252252,43.333333333333336,16900.0,52.98839253588492,1,4
casa,5600000,279.0,3,4,3,el tesoro,6.20532751083374,-75.55720520019531,10,27.9,46307.752975324685,855149.2240350179,93.0,77841.0,79.1642453160979,1,9
apartamento,8300000,150.0,3,3,2,el tesoro,6.203347682952881,-75.55573272705078,8,18.75,46307.752975324685,855149.2240350179,50.0,22500.0,79.1642453160979,1,4
apartamento,2900000,75.0,3,2,1,los colores,6.2661051750183105,-75.59327697753906,6,12.5,34639.764996907856,599064.1711229946,25.0,5625.0,59.21753222118996,1,1
apartamento,3100000,79.0,3,2,1,villa carlota,6.22137975692749,-75.57340240478516,6,13.166666666666666,54977.83356366141,748492.5201380898,26.333333333333332,6241.0,93.98596182156422,1,1
apartamento,3400000,138.0,3,3,2,el tesoro,6.2032270431518555,-75.56041717529297,8,17.25,46307.752975324685,855149.2240350179,46.0,19044.0,79.1642453160979,1,4
apartamento,6150000,170.0,4,4,2,el diamante no.2,6.187378406524658,-75.57649993896484,10,17.0,43639.65496971377,774744.3419949707,42.5,28900.0,74.60306600005285,1,4
apartamento,8000000,95.0,2,2,2,los balsos no.2,6.195120811462402,-75.56954956054688,6,15.833333333333334,47300.9517913736,836162.823200559,47.5,9025.0,80.86214317702954,1,4
apartamento,4100000,156.0,3,4,2,la florida,6.205948352813721,-75.56150817871094,9,17.333333333333332,45025.656955191065,832086.513994911,52.0,24336.0,76.97247056272704,1,4
apartamento,7000000,104.0,2,3,1,altos del poblado,6.216922760009766,-75.5562973022461,6,17.333333333333332,58495.7928802589,930019.3704600484,52.0,10816.0,100.0,1,1
apartamento,9000000,127.0,3,2,2,los balsos no.2,6.19673237,-75.57271439,7,18.142857142857142,47300.9517913736,836162.823200559,42.333333333333336,16129.0,80.86214317702954,1,4
apartamento,3700000,90.0,3,2,1,san lucas,6.179964065551758,-75.56400299072266,6,15.0,47354.22828936933,904097.3871733967,30.0,8100.0,80.95322066375543,1,1
apartamento,2100000,45.0,2,1,0,san cristobal,6.27082,-75.60942,3,15.0,38232.46878001921,545205.4794520548,22.5,2025.0,65.35934790777384,0,0
apartamento,3700000,90.0,3,5,0,villa carlota,6.2220797,-75.573502,8,11.25,54977.83356366141,748492.5201380898,30.0,8100.0,93.98596182156422,0,0
apartamento,5500000,116.0,3,2,2,palenque,6.276927,-75.591007,7,16.571428571428573,40259.74025974026,620000.0,38.666666666666664,13456.0,68.82501847979408,1,4
apartamento,1500000,60.0,2,1,0,jesus nazareno,6.25966009,-75.56684979,3,20.0,25000.0,500000.0,30.0,3600.0,42.73811631406568,0,0
apartamento,7000000,180.0,3,4,1,el tesoro,6.204034,-75.555486,8,22.5,46307.752975324685,855149.2240350179,60.0,32400.0,79.1642453160979,1,1
apartamento,4700000,86.0,2,2,1,asomadera no.2,6.219329,-75.5632937,5,17.2,51821.74887892377,772562.6740947075,43.0,7396.0,88.59055724742987,1,1
apartamento,6500000,110.0,2,2,2,asomadera no.3,6.21725,-75.55645,6,18.333333333333332,56742.24343675418,834210.5263157894,55.0,12100.0,97.0022639968412,1,4
casa,3000000,70.0,2,1,0,las acacias,6.24180664,-75.59962414,3,23.333333333333332,34935.06493506493,672500.0,35.0,4900.0,59.7223547453697,0,0
apartamento,4900000,50.0,1,2,1,el tesoro,6.2005486488342285,-75.55818939208984,4,12.5,46307.752975324685,855149.2240350179,50.0,2500.0,79.1642453160979,1,1
apartamento,6600000,141.0,3,4,2,laureles,6.243099689483643,-75.59761810302734,9,15.666666666666666,37952.470484611345,680619.6840826245,47.0,19881.0,64.88068391909857,1,4
apartamento,3300000,63.0,3,2,1,castropol,6.216109752655029,-75.56694793701172,6,10.5,48917.86962109346,739745.95924104,21.0,3969.0,83.62630406810368,1,1
apartamento,4650000,56.0,2,2,1,villa carlota,6.217779636383057,-75.57170867919922,5,11.2,54977.83356366141,748492.5201380898,28.0,3136.0,93.98596182156422,1,1
apartamento,3400000,125.0,3,3,2,la florida,6.201451301574707,-75.56555938720703,8,15.625,45025.656955191065,832086.513994911,41.666666666666664,15625.0,76.97247056272704,1,4
apartamento,7950000,164.0,3,4,2,el tesoro,6.205874443054199,-75.55956268310547,9,18.22222222222222,46307.752975324685,855149.2240350179,54.666666666666664,26896.0,79.1642453160979,1,4
apartamento,3950000,65.0,1,2,1,alejandria,6.199870586395264,-75.56961059570312,4,16.25,48842.610337435945,852482.6560951438,65.0,4225.0,83.49764646735697,1,1
apartamento,3000000,80.0,2,2,0,la palma,6.231137752532959,-75.60102844238281,4,20.0,30263.43970871707,611688.3116883116,40.0,6400.0,51.73609625339456,0,0
apartamento,3700000,70.0,2,2,1,la aguacatala,6.196604251861572,-75.57518005371094,5,14.0,51442.75043487159,795490.506329114,35.0,4900.0,87.9426500640398,1,1
apartamento,4100000,350.0,3,5,4,los balsos no.2,6.198268890380859,-75.57098388671875,12,29.166666666666668,47300.9517913736,836162.823200559,116.66666666666667,122500.0,80.86214317702954,1,16
apartamento,6700000,90.0,2,2,2,los balsos no.1,6.1868977546691895,-75.56021881103516,6,15.0,48115.75526148983,871145.722446916,45.0,8100.0,82.2550697961868,1,4
apartamento,6150000,150.0,3,3,2,los balsos no.1,6.190500259399414,-75.5661849975586,8,18.75,48115.75526148983,871145.722446916,50.0,22500.0,82.2550697961868,1,4
apartamento,6850000,105.0,1,2,1,los balsos no.2,6.195840358734131,-75.57015991210938,4,26.25,47300.9517913736,836162.823200559,105.0,11025.0,80.86214317702954,1,1
apartamento,3600000,68.0,3,2,1,asomadera no.1,6.225736141204834,-75.56065368652344,6,11.333333333333334,48571.57944764218,665557.1635311143,22.666666666666668,4624.0,83.03431247964855,1,1
apartamento,4700000,168.0,3,3,2,las acacias,6.241841793060303,-75.5988998413086,8,21.0,34935.06493506493,672500.0,56.0,28224.0,59.7223547453697,1,4
apartamento,2700000,70.0,3,2,1,la mota,6.208346843719482,-75.59962463378906,6,11.666666666666666,31054.252952250557,508263.3053221289,23.333333333333332,4900.0,53.08801098878807,1,1
apartamento,4650000,65.0,3,2,2,la florida,6.20709,-75.56374,7,9.285714285714286,45025.656955191065,832086.513994911,21.666666666666668,4225.0,76.97247056272704,1,4
apartamento,3700000,198.0,3,4,2,la florida,6.20344352722168,-75.56652069091797,9,22.0,45025.656955191065,832086.513994911,66.0,39204.0,76.97247056272704,1,4
casa,3700000,180.0,3,3,2,san lucas,6.181784152984619,-75.56448364257812,8,22.5,47354.22828936933,904097.3871733967,60.0,32400.0,80.95322066375543,1,4
apartamento,4500000,106.0,3,2,2,castropol,6.215447425842285,-75.56624603271484,7,15.142857142857142,48917.86962109346,739745.95924104,35.333333333333336,11236.0,83.62630406810368,1,4
apartamento,6700000,106.0,2,2,2,los balsos no.1,6.188527584075928,-75.5661849975586,6,17.666666666666668,48115.75526148983,871145.722446916,53.0,11236.0,82.2550697961868,1,4
apartamento,3700000,70.0,2,2,2,los balsos no.2,6.1963605880737305,-75.56656646728516,6,11.666666666666666,47300.9517913736,836162.823200559,35.0,4900.0,80.86214317702954,1,4
apartamento,9150000,115.0,3,3,1,villa carlota,6.221945762634277,-75.57394409179688,7,16.428571428571427,54977.83356366141,748492.5201380898,38.333333333333336,13225.0,93.98596182156422,1,1
apartamento,6800000,108.0,2,3,2,los balsos no.1,6.1891984939575195,-75.56619262695312,7,15.428571428571429,48115.75526148983,871145.722446916,54.0,11664.0,82.2550697961868,1,4
apartamento,4400000,64.0,1,2,1,los naranjos,6.193474292755127,-75.55982971191406,4,16.0,49565.6761295771,827000.8873114464,64.0,4096.0,84.733745264447,1,1
apartamento,5600000,72.0,2,2,1,la aguacatala,6.196604251861572,-75.57518005371094,5,14.4,51442.75043487159,795490.506329114,36.0,5184.0,87.9426500640398,1,1
apartamento,6300000,111.0,2,3,2,alejandria,6.200315952301025,-75.56929779052734,7,15.857142857142858,48842.610337435945,852482.6560951438,55.5,12321.0,83.49764646735697,1,4
apartamento,7800000,195.0,3,4,2,las lomas no.1,6.211822509765625,-75.55928039550781,9,21.666666666666668,42753.43481316735,816268.3823529412,65.0,38025.0,73.08805079483885,1,4
apartamento,5250000,98.0,3,3,2,los naranjos,6.194343566894531,-75.55876922607422,8,12.25,49565.6761295771,827000.8873114464,32.666666666666664,9604.0,84.733745264447,1,4
apartamento,4950000,60.0,3,2,1,villa carlota,6.2224297523498535,-75.57136535644531,6,10.0,54977.83356366141,748492.5201380898,20.0,3600.0,93.98596182156422,1,1
apartamento,4500000,95.0,3,3,2,los conquistadores,6.240584,-75.580066,8,11.875,30995.98034836981,625225.2252252252,31.666666666666668,9025.0,52.98839253588492,1,4
apartamento,4500000,88.0,2,3,1,la gloria,6.22396,-75.60731,6,14.666666666666666,34291.07710077967,552325.5813953489,44.0,7744.0,58.62144166670863,1,1
apartamento,4800000,92.0,1,2,2,alejandria,6.20226,-75.57147,5,18.4,48842.610337435945,852482.6560951438,92.0,8464.0,83.49764646735697,1,4
apartamento,1900000,65.0,3,2,1,la hondonada,6.20288,-75.60242,6,10.833333333333334,35058.243727598565,399234.693877551,21.666666666666668,4225.0,59.93293192787884,1,1
apartamento,6500000,250.0,3,3,2,el diamante no.2,6.18774,-75.57763,8,31.25,43639.65496971377,774744.3419949707,83.33333333333333,62500.0,74.60306600005285,1,4
apartamento,3290000,64.0,2,2,1,castropol,6.2220988273620605,-75.56698608398438,5,12.8,48917.86962109346,739745.95924104,32.0,4096.0,83.62630406810368,1,1
apartamento,2100000,65.0,3,2,1,el rincon,6.20496,-75.60132,6,10.833333333333334,35361.216730038024,498214.28571428574,21.666666666666668,4225.0,60.45087174461001,1,1
apartamento,8500000,120.0,3,2,2,castropol,6.21541456,-75.56713279,7,17.142857142857142,48917.86962109346,739745.95924104,40.0,14400.0,83.62630406810368,1,4
apartamento,3300000,84.0,3,2,1,calasanz,6.260870933532715,-75.59918975830078,6,14.0,32548.10882548109,537043.795620438,28.0,7056.0,55.64179443145114,1,1
apartamento,8200000,138.0,2,3,2,los naranjos,6.1951751708984375,-75.55643463134766,7,19.714285714285715,49565.6761295771,827000.8873114464,69.0,19044.0,84.733745264447,1,4
apartamento,4950000,80.0,2,2,2,san lucas,6.179766654968262,-75.56143188476562,6,13.333333333333334,47354.22828936933,904097.3871733967,40.0,6400.0,80.95322066375543,1,4
apartamento,3650000,48.0,1,1,1,la aguacatala,6.199697971343994,-75.57489776611328,3,16.0,51442.75043487159,795490.506329114,48.0,2304.0,87.9426500640398,1,1
apartamento,5800000,137.0,3,2,2,los balsos no.2,6.192737102508545,-75.56841278076172,7,19.571428571428573,47300.9517913736,836162.823200559,45.666666666666664,18769.0,80.86214317702954,1,4
apartamento,6650000,85.0,2,3,2,el castillo,6.189594268798828,-75.56916046142578,7,12.142857142857142,56343.83279364145,907109.0047393364,42.5,7225.0,96.32117118059666,1,4
apartamento,8700000,138.0,3,4,2,castropol,6.215575218200684,-75.56543731689453,9,15.333333333333334,48917.86962109346,739745.95924104,46.0,19044.0,83.62630406810368,1,4
apartamento,7500000,124.0,3,4,2,los naranjos,6.19466495513916,-75.56161499023438,9,13.777777777777779,49565.6761295771,827000.8873114464,41.333333333333336,15376.0,84.733745264447,1,4
casa,8300000,198.0,3,3,2,altos del poblado,6.216004848480225,-75.55506896972656,8,24.75,58495.7928802589,930019.3704600484,66.0,39204.0,100.0,1,4
apartamento,5300000,152.0,3,3,2,los balsos no.2,6.1969895362854,-75.56990051269531,8,19.0,47300.9517913736,836162.823200559,50.666666666666664,23104.0,80.86214317702954,1,4
apartamento,2750000,48.0,1,1,1,la aguacatala,6.199697971343994,-75.57489776611328,3,16.0,51442.75043487159,795490.506329114,48.0,2304.0,87.9426500640398,1,1
apartamento,5900000,152.0,3,3,2,alejandria,6.197460174560547,-75.56957244873047,8,19.0,48842.610337435945,852482.6560951438,50.666666666666664,23104.0,83.49764646735697,1,4
apartamento,7200000,150.0,3,3,2,el tesoro,6.202227592468262,-75.55608367919922,8,18.75,46307.752975324685,855149.2240350179,50.0,22500.0,79.1642453160979,1,4
apartamento,6000000,74.0,2,2,2,alejandria,6.201714992523193,-75.56859588623047,6,12.333333333333334,48842.610337435945,852482.6560951438,37.0,5476.0,83.49764646735697,1,4
apartamento,5700000,150.0,3,3,2,la florida,6.205738544464111,-75.56405639648438,8,18.75,45025.656955191065,832086.513994911,50.0,22500.0,76.97247056272704,1,4
apartamento,3100000,60.0,2,2,1,santa maria de los angeles,6.188640594482422,-75.5792007446289,5,12.0,47391.397443391514,760224.6376811594,30.0,3600.0,81.01676224887126,1,1
casa,7500000,266.0,3,3,4,los balsos no.1,6.184772491455078,-75.55902862548828,10,26.6,48115.75526148983,871145.722446916,88.66666666666667,70756.0,82.2550697961868,1,16
apartamento,4500000,96.0,2,3,1,alejandria,6.198416233062744,-75.56986236572266,6,16.0,48842.610337435945,852482.6560951438,48.0,9216.0,83.49764646735697,1,1
casa,9200000,320.0,4,5,4,los balsos no.1,6.186807155609131,-75.55979919433594,13,24.615384615384617,48115.75526148983,871145.722446916,80.0,102400.0,82.2550697961868,1,16
apartamento,5850000,162.0,4,3,4,patio bonito,6.207382678985596,-75.57477569580078,11,14.727272727272727,43819.79935642627,741195.3041622199,40.5,26244.0,74.91102727015866,1,16
apartamento,6700000,137.0,3,3,2,castropol,6.216109752655029,-75.56694793701172,8,17.125,48917.86962109346,739745.95924104,45.666666666666664,18769.0,83.62630406810368,1,4
apartamento,3200000,86.0,3,2,1,san diego,6.233372688293457,-75.5699462890625,6,14.333333333333334,47227.322103995706,654899.8185117968,28.666666666666668,7396.0,80.73627141129654,1,1
apartamento,6700000,143.0,3,2,2,alejandria,6.197012901306152,-75.5689697265625,7,20.428571428571427,48842.610337435945,852482.6560951438,47.666666666666664,20449.0,83.49764646735697,1,4
apartamento,6500000,163.0,3,3,0,lalinde,6.2116245,-75.5664384,6,27.166666666666668,53427.21397778484,890320.987654321,54.333333333333336,26569.0,91.33513941276176,0,0
casa,8500000,259.0,3,4,1,laureles,6.242759,-75.596075,8,32.375,37952.470484611345,680619.6840826245,86.33333333333333,67081.0,64.88068391909857,1,1
casa,8500000,190.0,4,3,1,estadio,6.25947,-75.59114,8,23.75,28935.940737376888,589306.3583815029,47.5,36100.0,49.466704035636994,1,1
apartamento,4000000,80.0,3,2,1,las palmas,6.22206,-75.56044,6,13.333333333333334,44135.83717530642,781094.527363184,26.666666666666668,6400.0,75.45130171267638,1,1
apartamento,2000000,70.0,3,2,1,la hondonada,6.20136,-75.6009,6,11.666666666666666,35058.243727598565,399234.693877551,23.333333333333332,4900.0,59.93293192787884,1,1
apartamento,1900000,65.0,3,2,1,san jose del manzanillo,6.20282,-75.60408,6,10.833333333333334,47112.462006079026,534482.7586206896,21.666666666666668,4225.0,80.53991524231222,1,1
apartamento,1900000,65.0,3,2,1,la hondonada,6.20575,-75.60809,6,10.833333333333334,35058.243727598565,399234.693877551,21.666666666666668,4225.0,59.93293192787884,1,1
apartamento,8800000,180.0,3,3,2,san lucas,6.1799445152282715,-75.56405639648438,8,22.5,47354.22828936933,904097.3871733967,60.0,32400.0,80.95322066375543,1,4
apartamento,7900000,170.0,3,3,2,el tesoro,6.204042434692383,-75.55555725097656,8,21.25,46307.752975324685,855149.2240350179,56.666666666666664,28900.0,79.1642453160979,1,4
apartamento,5000000,119.0,2,3,2,el tesoro,6.201834201812744,-75.56011962890625,7,17.0,46307.752975324685,855149.2240350179,59.5,14161.0,79.1642453160979,1,4
apartamento,6800000,123.0,2,3,1,los balsos no.1,6.188527584075928,-75.5661849975586,6,20.5,48115.75526148983,871145.722446916,61.5,15129.0,82.2550697961868,1,1
casa,8000000,263.0,3,3,2,los balsos no.1,6.186973571777344,-75.56109619140625,8,32.875,48115.75526148983,871145.722446916,87.66666666666667,69169.0,82.2550697961868,1,4
apartamento,5100000,150.0,3,3,2,la aguacatala,6.197758674621582,-75.57624053955078,8,18.75,51442.75043487159,795490.506329114,50.0,22500.0,87.9426500640398,1,4
apartamento,5100000,62.0,1,1,1,los balsos no.1,6.19097,-75.56328,3,20.666666666666668,48115.75526148983,871145.722446916,62.0,3844.0,82.2550697961868,1,1
apartamento,4200000,98.0,3,2,1,asomadera no.1,6.225461483001709,-75.56105041503906,6,16.333333333333332,48571.57944764218,665557.1635311143,32.666666666666664,9604.0,83.03431247964855,1,1
apartamento,9700000,250.0,3,4,3,el tesoro,6.201257705688477,-75.55394744873047,10,25.0,46307.752975324685,855149.2240350179,83.33333333333333,62500.0,79.1642453160979,1,9
apartamento,3600000,78.0,3,2,1,los colores,6.2644734382629395,-75.5927734375,6,13.0,34639.764996907856,599064.1711229946,26.0,6084.0,59.21753222118996,1,1
apartamento,4500000,152.0,3,5,2,san lucas,6.1788234,-75.5679016,10,15.2,47354.22828936933,904097.3871733967,50.666666666666664,23104.0,80.95322066375543,1,4
apartamento,3850000,78.0,3,2,2,la florida,6.2045087814331055,-75.56468200683594,7,11.142857142857142,45025.656955191065,832086.513994911,26.0,6084.0,76.97247056272704,1,4
apartamento,4500000,90.0,3,2,2,castropol,6.216162204742432,-75.56681823730469,7,12.857142857142858,48917.86962109346,739745.95924104,30.0,8100.0,83.62630406810368,1,4
apartamento,5300000,81.0,2,2,1,altos del poblado,6.213791370391846,-75.55433654785156,5,16.2,58495.7928802589,930019.3704600484,40.5,6561.0,100.0,1,1
casa,5000000,220.0,3,4,4,san lucas,6.17692232131958,-75.56009674072266,11,20.0,47354.22828936933,904097.3871733967,73.33333333333333,48400.0,80.95322066375543,1,16
apartamento,7700000,110.0,2,3,2,los balsos no.1,6.188079833984375,-75.55982208251953,7,15.714285714285714,48115.75526148983,871145.722446916,55.0,12100.0,82.2550697961868,1,4
apartamento,2550000,43.0,1,1,1,santa fe,6.221665382385254,-75.5816879272461,3,14.333333333333334,48109.58350181965,701917.4041297935,43.0,1849.0,82.24451902088094,1,1
apartamento,4500000,47.0,1,1,1,altos del poblado,6.215419769287109,-75.55437469482422,3,15.666666666666666,58495.7928802589,930019.3704600484,47.0,2209.0,100.0,1,1
apartamento,3850000,125.0,3,2,2,el diamante no.2,6.181347846984863,-75.5720443725586,7,17.857142857142858,43639.65496971377,774744.3419949707,41.666666666666664,15625.0,74.60306600005285,1,4
casa,7700000,250.0,4,4,4,alejandria,6.200533866882324,-75.5698013305664,12,20.833333333333332,48842.610337435945,852482.6560951438,62.5,62500.0,83.49764646735697,1,16
apartamento,3900000,94.0,3,2,1,la florida,6.207563877105713,-75.55925750732422,6,15.666666666666666,45025.656955191065,832086.513994911,31.333333333333332,8836.0,76.97247056272704,1,1
apartamento,4950000,90.0,2,3,2,los balsos no.1,6.189899444580078,-75.56361389160156,7,12.857142857142858,48115.75526148983,871145.722446916,45.0,8100.0,82.2550697961868,1,4
apartamento,3400000,70.0,2,2,1,castropol,6.216109752655029,-75.56694793701172,5,14.0,48917.86962109346,739745.95924104,35.0,4900.0,83.62630406810368,1,1
apartamento,7400000,105.0,2,3,2,los balsos no.1,6.189018249511719,-75.56607055664062,7,15.0,48115.75526148983,871145.722446916,52.5,11025.0,82.2550697961868,1,4
apartamento,8500000,120.0,1,2,1,la florida,6.203712463378906,-75.56168365478516,4,30.0,45025.656955191065,832086.513994911,120.0,14400.0,76.97247056272704,1,1
apartamento,3300000,58.0,1,2,1,altos del poblado,6.215419769287109,-75.55437469482422,4,14.5,58495.7928802589,930019.3704600484,58.0,3364.0,100.0,1,1
apartamento,3400000,93.0,3,2,1,la loma de los bernal,6.217579364776611,-75.60416412353516,6,15.5,40721.08579809159,584155.2990556138,31.0,8649.0,69.61370005095546,1,1
apartamento,6200000,145.0,3,3,2,la florida,6.2045087814331055,-75.56468200683594,8,18.125,45025.656955191065,832086.513994911,48.333333333333336,21025.0,76.97247056272704,1,4
apartamento,5200000,129.0,3,3,2,santa maria de los angeles,6.189329624176025,-75.57869720458984,8,16.125,47391.397443391514,760224.6376811594,43.0,16641.0,81.01676224887126,1,4
apartamento,4000000,80.0,2,2,2,san lucas,6.1785054206848145,-75.56047821044922,6,13.333333333333334,47354.22828936933,904097.3871733967,40.0,6400.0,80.95322066375543,1,4
apartamento,2950000,87.0,3,3,1,la loma de los bernal,6.220581531524658,-75.60462188720703,7,12.428571428571429,40721.08579809159,584155.2990556138,29.0,7569.0,69.61370005095546,1,1
apartamento,7500000,180.0,3,4,2,laureles,6.242509365081787,-75.59469604492188,9,20.0,37952.470484611345,680619.6840826245,60.0,32400.0,64.88068391909857,1,4
apartamento,7000000,250.0,4,5,2,santa maria de los angeles,6.19173,-75.57716,11,22.727272727272727,47391.397443391514,760224.6376811594,62.5,62500.0,81.01676224887126,1,4
casa,4000000,180.0,4,3,1,la castellana,6.24251,-75.60516,8,22.5,32305.993690851734,627000.0,45.0,32400.0,55.22789264004374,1,1
casa,7500000,250.0,4,5,2,san lucas,6.18359,-75.56377,11,22.727272727272727,47354.22828936933,904097.3871733967,62.5,62500.0,80.95322066375543,1,4
casa,7500000,140.0,5,3,0,el poblado,6.21063,-75.56985,8,17.5,51331.92389006342,930592.3344947735,28.0,19600.0,87.7531893535319,0,0
apartamento,6500000,150.0,3,3,2,asomadera no.1,6.22690147,-75.5639683231,8,18.75,48571.57944764218,665557.1635311143,50.0,22500.0,83.03431247964855,1,4
apartamento,2400000,60.0,3,2,1,la hondonada,6.20575,-75.60809,6,10.0,35058.243727598565,399234.693877551,20.0,3600.0,59.93293192787884,1,1
apartamento,1600000,68.0,3,2,1,la hondonada,6.20373,-75.60529,6,11.333333333333334,35058.243727598565,399234.693877551,22.666666666666668,4624.0,59.93293192787884,1,1
apartamento,3100000,70.0,3,3,1,suramericana,6.25449,-75.58397,7,10.0,26951.114922813034,661578.947368421,23.333333333333332,4900.0,46.07359537459739,1,1
apartamento,8500000,110.0,2,2,0,el poblado,6.209106922149658,-75.56678771972656,4,27.5,51331.92389006342,930592.3344947735,55.0,12100.0,87.7531893535319,0,0
apartamento,6250000,98.0,2,2,1,la loma de los bernal,6.2195820808410645,-75.60236358642578,5,19.6,40721.08579809159,584155.2990556138,49.0,9604.0,69.61370005095546,1,1
apartamento,2950000,58.0,2,2,1,castropol,6.225672721862793,-75.56795501708984,5,11.6,48917.86962109346,739745.95924104,29.0,3364.0,83.62630406810368,1,1
apartamento,5500000,100.0,2,2,2,la florida,6.203093,-75.56681,6,16.666666666666668,45025.656955191065,832086.513994911,50.0,10000.0,76.97247056272704,1,4
apartamento,4500000,90.0,2,2,1,alejandria,6.197608947753906,-75.56944274902344,5,18.0,48842.610337435945,852482.6560951438,45.0,8100.0,83.49764646735697,1,1
apartamento,5500000,63.0,2,2,1,asomadera no.2,6.224734306335449,-75.56224822998047,5,12.6,51821.74887892377,772562.6740947075,31.5,3969.0,88.59055724742987,1,1
apartamento,3350000,87.0,3,2,1,santa teresita,6.243633270263672,-75.61082458496094,6,14.5,26323.37946103423,520028.77697841724,29.0,7569.0,45.00046612739874,1,1
apartamento,4900000,123.0,3,3,1,el diamante no.2,6.182607650756836,-75.57357025146484,7,17.571428571428573,43639.65496971377,774744.3419949707,41.0,15129.0,74.60306600005285,1,1
apartamento,4650000,72.0,2,2,1,el diamante no.2,6.181089878082275,-75.57231140136719,5,14.4,43639.65496971377,774744.3419949707,36.0,5184.0,74.60306600005285,1,1
casa,4400000,180.0,3,2,1,la castellana,6.240623950958252,-75.60518646240234,6,30.0,32305.993690851734,627000.0,60.0,32400.0,55.22789264004374,1,1
apartamento,2500000,76.0,3,2,1,la loma de los bernal,6.217579364776611,-75.60416412353516,6,12.666666666666666,40721.08579809159,584155.2990556138,25.333333333333332,5776.0,69.61370005095546,1,1
apartamento,3500000,120.0,4,3,1,los conquistadores,6.242076873779297,-75.58177947998047,8,15.0,30995.98034836981,625225.2252252252,30.0,14400.0,52.98839253588492,1,1
apartamento,9000000,160.0,3,3,2,san lucas,6.1827405241,-75.5689059207,8,20.0,47354.22828936933,904097.3871733967,53.333333333333336,25600.0,80.95322066375543,1,4
apartamento,3750000,90.0,3,2,1,castropol,6.216131210327148,-75.56688690185547,6,15.0,48917.86962109346,739745.95924104,30.0,8100.0,83.62630406810368,1,1
apartamento,4450000,95.0,3,2,2,el diamante no.2,6.184039115905762,-75.57166290283203,7,13.571428571428571,43639.65496971377,774744.3419949707,31.666666666666668,9025.0,74.60306600005285,1,4
apartamento,3000000,65.0,2,2,1,san diego,6.226552486419678,-75.56861877441406,5,13.0,47227.322103995706,654899.8185117968,32.5,4225.0,80.73627141129654,1,1
apartamento,4700000,86.0,1,2,2,san lucas,6.179888725280762,-75.56471252441406,5,17.2,47354.22828936933,904097.3871733967,86.0,7396.0,80.95322066375543,1,4
apartamento,6400000,150.0,3,3,2,los balsos no.1,6.190756797790527,-75.56748962402344,8,18.75,48115.75526148983,871145.722446916,50.0,22500.0,82.2550697961868,1,4
apartamento,6100000,140.0,3,4,2,laureles,6.2442731857299805,-75.59602355957031,9,15.555555555555555,37952.470484611345,680619.6840826245,46.666666666666664,19600.0,64.88068391909857,1,4
apartamento,8500000,270.0,3,4,2,los balsos no.1,6.19005,-75.56461,9,30.0,48115.75526148983,871145.722446916,90.0,72900.0,82.2550697961868,1,4
apartamento,7200000,150.0,3,3,2,la florida,6.20714646,-75.5656325,8,18.75,45025.656955191065,832086.513994911,50.0,22500.0,76.97247056272704,1,4
apartamento,8200000,130.0,3,3,2,alejandria,6.20175,-75.56863,8,16.25,48842.610337435945,852482.6560951438,43.333333333333336,16900.0,83.49764646735697,1,4
apartamento,3650000,75.0,3,2,1,villa carlota,6.2224297523498535,-75.57136535644531,6,12.5,54977.83356366141,748492.5201380898,25.0,5625.0,93.98596182156422,1,1
apartamento,3850000,78.0,3,2,1,villa carlota,6.220139980316162,-75.5752944946289,6,13.0,54977.83356366141,748492.5201380898,26.0,6084.0,93.98596182156422,1,1
apartamento,5700000,196.0,3,5,3,los balsos no.1,6.189895153045654,-75.56346130371094,11,17.818181818181817,48115.75526148983,871145.722446916,65.33333333333333,38416.0,82.2550697961868,1,9
apartamento,4400000,100.0,3,2,1,los balsos no.1,6.192724,-75.566751,6,16.666666666666668,48115.75526148983,871145.722446916,33.333333333333336,10000.0,82.2550697961868,1,1
apartamento,2850000,79.0,3,2,1,la loma de los bernal,6.217579364776611,-75.60416412353516,6,13.166666666666666,40721.08579809159,584155.2990556138,26.333333333333332,6241.0,69.61370005095546,1,1
apartamento,7300000,258.0,3,4,2,los balsos no.1,6.18696403503418,-75.5599594116211,9,28.666666666666668,48115.75526148983,871145.722446916,86.0,66564.0,82.2550697961868,1,4
apartamento,4600000,140.0,3,3,1,los colores,6.266218185424805,-75.59402465820312,7,20.0,34639.764996907856,599064.1711229946,46.666666666666664,19600.0,59.21753222118996,1,1
apartamento,3800000,110.0,3,2,1,la floresta,6.255158,-75.600879,6,18.333333333333332,27946.058091286308,552049.1803278689,36.666666666666664,12100.0,47.77447524900123,1,1
apartamento,6500000,142.0,3,3,2,las lomas no.1,6.2128,-75.56423,8,17.75,42753.43481316735,816268.3823529412,47.333333333333336,20164.0,73.08805079483885,1,4
apartamento,9800000,250.0,3,5,3,el diamante no.2,6.18395,-75.57562,11,22.727272727272727,43639.65496971377,774744.3419949707,83.33333333333333,62500.0,74.60306600005285,1,9
casa,5000000,170.0,4,3,1,barrio caycedo,6.24345,-75.55744,8,21.25,20576.923076923078,486363.63636363635,42.5,28900.0,35.17675727388483,1,1
apartamento,1500000,50.0,3,1,0,robledo,6.27582,-75.59794,4,12.5,31382.113821138213,371153.8461538461,16.666666666666668,2500.0,53.648497226762125,0,0
apartamento,2950000,64.0,2,2,1,asomadera no.3,6.217371,-75.558334,5,12.8,56742.24343675418,834210.5263157894,32.0,4096.0,97.0022639968412,1,1
apartamento,3000000,60.0,2,2,1,asomadera no.1,6.228067398071289,-75.56221771240234,5,12.0,48571.57944764218,665557.1635311143,30.0,3600.0,83.03431247964855,1,1
apartamento,4000000,70.0,2,2,1,alejandria,6.200577259063721,-75.56989288330078,5,14.0,48842.610337435945,852482.6560951438,35.0,4900.0,83.49764646735697,1,1
apartamento,3350000,79.0,2,2,1,carlos e. restrepo,6.258768558502197,-75.583984375,5,15.8,32596.68508287293,561904.7619047619,39.5,6241.0,55.72483674099171,1,1
apartamento,3150000,65.0,1,2,1,alejandria,6.199911117553711,-75.56635284423828,4,16.25,48842.610337435945,852482.6560951438,65.0,4225.0,83.49764646735697,1,1
apartamento,3650000,95.0,3,2,1,patio bonito,6.205476760864258,-75.57685852050781,6,15.833333333333334,43819.79935642627,741195.3041622199,31.666666666666668,9025.0,74.91102727015866,1,1
apartamento,4300000,109.0,3,2,1,castropol,6.218313694000244,-75.5687484741211,6,18.166666666666668,48917.86962109346,739745.95924104,36.333333333333336,11881.0,83.62630406810368,1,1
apartamento,5500000,174.0,3,3,1,las acacias,6.240993499755859,-75.60108184814453,7,24.857142857142858,34935.06493506493,672500.0,58.0,30276.0,59.7223547453697,1,1
apartamento,3600000,90.0,2,2,1,los balsos no.1,6.187114238739014,-75.56001281738281,5,18.0,48115.75526148983,871145.722446916,45.0,8100.0,82.2550697961868,1,1
apartamento,4800000,90.0,2,2,1,los balsos no.1,6.187114238739014,-75.56001281738281,5,18.0,48115.75526148983,871145.722446916,45.0,8100.0,82.2550697961868,1,1
apartamento,7300000,230.0,4,4,3,la florida,6.204973220825195,-75.5646743774414,11,20.90909090909091,45025.656955191065,832086.513994911,57.5,52900.0,76.97247056272704,1,9
apartamento,4000000,103.0,3,2,1,patio bonito,6.203741073608398,-75.57379150390625,6,17.166666666666668,43819.79935642627,741195.3041622199,34.333333333333336,10609.0,74.91102727015866,1,1
apartamento,5900000,180.0,3,2,2,alejandria,6.1990885734558105,-75.5723648071289,7,25.714285714285715,48842.610337435945,852482.6560951438,60.0,32400.0,83.49764646735697,1,4
apartamento,3950000,100.0,3,2,1,el castillo,6.185901165008545,-75.57160186767578,6,16.666666666666668,56343.83279364145,907109.0047393364,33.333333333333336,10000.0,96.32117118059666,1,1
casa,7700000,188.0,3,4,2,los balsos no.1,6.186925888061523,-75.56139373779297,9,20.88888888888889,48115.75526148983,871145.722446916,62.666666666666664,35344.0,82.2550697961868,1,4
apartamento,9000000,200.0,2,4,2,el tesoro,6.203999996185303,-75.55482482910156,8,25.0,46307.752975324685,855149.2240350179,100.0,40000.0,79.1642453160979,1,4
apartamento,6300000,127.0,3,3,2,las lomas no.1,6.21571683883667,-75.56344604492188,8,15.875,42753.43481316735,816268.3823529412,42.333333333333336,16129.0,73.08805079483885,1,4
apartamento,8700000,150.0,3,4,2,los balsos no.2,6.1930108070373535,-75.56909942626953,9,16.666666666666668,47300.9517913736,836162.823200559,50.0,22500.0,80.86214317702954,1,4
apartamento,7300000,170.0,2,3,2,las lomas no.2,6.208196640014648,-75.5588607788086,7,24.285714285714285,41861.648016276704,816005.6657223796,85.0,28900.0,71.56351928072442,1,4
apartamento,4400000,190.0,3,4,2,la florida,6.203505039215088,-75.56739807128906,9,21.11111111111111,45025.656955191065,832086.513994911,63.333333333333336,36100.0,76.97247056272704,1,4
apartamento,4500000,86.0,2,3,2,castropol,6.216162204742432,-75.56681823730469,7,12.285714285714286,48917.86962109346,739745.95924104,43.0,7396.0,83.62630406810368,1,4
apartamento,3200000,147.0,3,3,2,altos del poblado,6.209427356719971,-75.5542221069336,8,18.375,58495.7928802589,930019.3704600484,49.0,21609.0,100.0,1,4
apartamento,9700000,183.0,3,4,2,el tesoro,6.199151039123535,-75.55363464355469,9,20.333333333333332,46307.752975324685,855149.2240350179,61.0,33489.0,79.1642453160979,1,4
apartamento,6500000,210.0,3,3,1,las lomas no.2,6.20891,-75.55795,7,30.0,41861.648016276704,816005.6657223796,70.0,44100.0,71.56351928072442,1,1
apartamento,6400000,143.0,3,4,2,los balsos no.2,6.19241,-75.56718,9,15.88888888888889,47300.9517913736,836162.823200559,47.666666666666664,20449.0,80.86214317702954,1,4
apartamento,3500000,116.0,3,3,1,rosales,6.238847,-75.587989,7,16.571428571428573,31678.50652568974,626633.9869281045,38.666666666666664,13456.0,54.15518786203267,1,1
apartamento,3800000,135.0,4,3,1,san joaquin,6.247487,-75.587671,8,16.875,32753.58855757907,569436.2017804154,33.75,18225.0,55.9930670990746,1,1
apartamento,3800000,77.0,2,2,2,patio bonito,6.2059757,-75.5748152,6,12.833333333333334,43819.79935642627,741195.3041622199,38.5,5929.0,74.91102727015866,1,4
apartamento,3900000,100.0,3,2,1,san diego,6.22713,-75.56626,6,16.666666666666668,47227.322103995706,654899.8185117968,33.333333333333336,10000.0,80.73627141129654,1,1
apartamento,3300000,73.0,2,2,1,santa fe,6.22251,-75.57779,5,14.6,48109.58350181965,701917.4041297935,36.5,5329.0,82.24451902088094,1,1
apartamento,5800000,74.0,2,2,1,el diamante no.2,6.18902663,-75.57705222,5,14.8,43639.65496971377,774744.3419949707,37.0,5476.0,74.60306600005285,1,1
apartamento,7000000,90.0,3,2,2,las palmas,6.23866,-75.56479,7,12.857142857142858,44135.83717530642,781094.527363184,30.0,8100.0,75.45130171267638,1,4
apartamento,7700000,153.0,2,2,2,los naranjos,6.1951751708984375,-75.55643463134766,6,25.5,49565.6761295771,827000.8873114464,76.5,23409.0,84.733745264447,1,4
apartamento,6700000,140.0,3,3,2,san lucas,6.17993688583374,-75.56280517578125,8,17.5,47354.22828936933,904097.3871733967,46.666666666666664,19600.0,80.95322066375543,1,4
apartamento,5500000,70.0,1,2,1,san lucas,6.1827596667,-75.5654738787,4,17.5,47354.22828936933,904097.3871733967,70.0,4900.0,80.95322066375543,1,1
apartamento,8300000,160.0,3,3,0,alejandria,6.198046684265137,-75.56640625,6,26.666666666666668,48842.610337435945,852482.6560951438,53.333333333333336,25600.0,83.49764646735697,0,0
apartamento,4700000,80.0,3,2,1,la florida,6.201295852661133,-75.5622329711914,6,13.333333333333334,45025.656955191065,832086.513994911,26.666666666666668,6400.0,76.97247056272704,1,1
apartamento,3150000,70.0,2,2,1,laureles,6.242950916290283,-75.59615325927734,5,14.0,37952.470484611345,680619.6840826245,35.0,4900.0,64.88068391909857,1,1
apartamento,4850000,137.0,3,3,1,castropol,6.216073989868164,-75.56693267822266,7,19.571428571428573,48917.86962109346,739745.95924104,45.666666666666664,18769.0,83.62630406810368,1,1
apartamento,4900000,97.0,3,2,2,san lucas,6.18710470199585,-75.56610870361328,7,13.857142857142858,47354.22828936933,904097.3871733967,32.333333333333336,9409.0,80.95322066375543,1,4
apartamento,4150000,55.0,1,1,1,villa carlota,6.220139980316162,-75.5752944946289,3,18.333333333333332,54977.83356366141,748492.5201380898,55.0,3025.0,93.98596182156422,1,1
apartamento,3650000,55.0,1,2,1,villa carlota,6.22439432144165,-75.57479095458984,4,13.75,54977.83356366141,748492.5201380898,55.0,3025.0,93.98596182156422,1,1
casa,6000000,240.0,4,4,2,la palma,6.229527950286865,-75.6026382446289,10,24.0,30263.43970871707,611688.3116883116,60.0,57600.0,51.73609625339456,1,4
apartamento,3600000,76.0,3,2,1,castropol,6.225295066833496,-75.56828308105469,6,12.666666666666666,48917.86962109346,739745.95924104,25.333333333333332,5776.0,83.62630406810368,1,1
apartamento,6400000,120.0,3,3,2,los balsos no.2,6.195840358734131,-75.57015991210938,8,15.0,47300.9517913736,836162.823200559,40.0,14400.0,80.86214317702954,1,4
apartamento,4550000,95.0,3,2,2,castropol,6.218486785888672,-75.56706237792969,7,13.571428571428571,48917.86962109346,739745.95924104,31.666666666666668,9025.0,83.62630406810368,1,4
apartamento,9700000,157.0,3,4,2,el tesoro,6.198581695556641,-75.55667114257812,9,17.444444444444443,46307.752975324685,855149.2240350179,52.333333333333336,24649.0,79.1642453160979,1,4
apartamento,2700000,72.0,2,2,1,los conquistadores,6.242647647857666,-75.58167266845703,5,14.4,30995.98034836981,625225.2252252252,36.0,5184.0,52.98839253588492,1,1
apartamento,4650000,103.0,3,2,1,el diamante no.2,6.187744617462158,-75.57478332519531,6,17.166666666666668,43639.65496971377,774744.3419949707,34.333333333333336,10609.0,74.60306600005285,1,1
apartamento,5800000,140.0,4,3,2,laureles,6.242131233215332,-75.59481811523438,9,15.555555555555555,37952.470484611345,680619.6840826245,35.0,19600.0,64.88068391909857,1,4
apartamento,6200000,160.0,3,3,2,laureles,6.242308139801025,-75.59518432617188,8,20.0,37952.470484611345,680619.6840826245,53.333333333333336,25600.0,64.88068391909857,1,4
apartamento,7750000,125.0,3,2,1,la florida,6.2052836418151855,-75.56460571289062,6,20.833333333333332,45025.656955191065,832086.513994911,41.666666666666664,15625.0,76.97247056272704,1,1
apartamento,3900000,87.0,3,3,1,san diego,6.230792045593262,-75.5675277709961,7,12.428571428571429,47227.322103995706,654899.8185117968,29.0,7569.0,80.73627141129654,1,1
apartamento,6400000,128.0,3,4,2,la florida,6.201595306396484,-75.56656646728516,9,14.222222222222221,45025.656955191065,832086.513994911,42.666666666666664,16384.0,76.97247056272704,1,4
casa,4400000,120.0,4,3,2,la mota,6.210224151611328,-75.59847259521484,9,13.333333333333334,31054.252952250557,508263.3053221289,30.0,14400.0,53.08801098878807,1,4
apartamento,4600000,105.0,3,3,1,el velodromo,6.253359794616699,-75.59520721435547,7,15.0,33048.78048780488,624423.9631336406,35.0,11025.0,56.497704981033166,1,1
apartamento,3500000,87.0,3,2,1,los colores,6.2653913497924805,-75.59236145019531,6,14.5,34639.764996907856,599064.1711229946,29.0,7569.0,59.21753222118996,1,1
apartamento,3000000,75.0,3,2,0,san lucas,6.180376,-75.5599957,5,15.0,47354.22828936933,904097.3871733967,25.0,5625.0,80.95322066375543,0,0
apartamento,3500000,100.0,4,3,1,rosales,6.234031,-75.590276,8,12.5,31678.50652568974,626633.9869281045,25.0,10000.0,54.15518786203267,1,1
apartamento,8500000,130.0,3,3,2,los balsos no.1,6.19296,-75.56663,8,16.25,48115.75526148983,871145.722446916,43.333333333333336,16900.0,82.2550697961868,1,4
apartamento,5900000,130.0,4,3,2,los balsos no.1,6.19296,-75.56663,9,14.444444444444445,48115.75526148983,871145.722446916,32.5,16900.0,82.2550697961868,1,4
apartamento,2800000,85.0,3,2,1,santa monica,6.24652,-75.61439,6,14.166666666666666,33578.94736842105,543750.0,28.333333333333332,7225.0,57.40403833341875,1,1
casa,2800000,400.0,4,2,1,santa fe,6.22104,-75.58728,7,57.142857142857146,48109.58350181965,701917.4041297935,100.0,160000.0,82.24451902088094,1,1
casa,9900000,200.0,3,4,2,san lucas,6.18249,-75.56292,9,22.22222222222222,47354.22828936933,904097.3871733967,66.66666666666667,40000.0,80.95322066375543,1,4
apartamento,8500000,120.0,2,2,2,san lucas,6.18066,-75.56244,6,20.0,47354.22828936933,904097.3871733967,60.0,14400.0,80.95322066375543,1,4
apartamento,5000000,89.0,2,2,1,patio bonito,6.202699184417725,-75.57453155517578,5,17.8,43819.79935642627,741195.3041622199,44.5,7921.0,74.91102727015866,1,1
apartamento,7150000,89.75,2,3,2,los balsos no.1,6.18924,-75.56719,7,12.821428571428571,48115.75526148983,871145.722446916,44.875,8055.0625,82.2550697961868,1,4
apartamento,4300000,90.0,2,2,2,villa carlota,6.218197822570801,-75.57340240478516,6,15.0,54977.83356366141,748492.5201380898,45.0,8100.0,93.98596182156422,1,4
apartamento,7300000,150.0,2,3,2,el diamante no.2,6.18174,-75.5747,7,21.428571428571427,43639.65496971377,774744.3419949707,75.0,22500.0,74.60306600005285,1,4
apartamento,3450000,52.0,1,2,1,villa carlota,6.219913482666016,-75.57349395751953,4,13.0,54977.83356366141,748492.5201380898,52.0,2704.0,93.98596182156422,1,1
apartamento,3600000,83.0,3,2,1,santa fe,6.221495628356934,-75.58138275146484,6,13.833333333333334,48109.58350181965,701917.4041297935,27.666666666666668,6889.0,82.24451902088094,1,1
apartamento,4400000,72.0,2,2,2,alejandria,6.200372695922852,-75.5699234008789,6,12.0,48842.610337435945,852482.6560951438,36.0,5184.0,83.49764646735697,1,4
casa,4650000,160.0,3,2,1,diego echavarria,6.215380668640137,-75.59486389160156,6,26.666666666666668,30825.838103025348,571212.1212121212,53.333333333333336,25600.0,52.69753017302621,1,1
apartamento,4600000,79.0,2,2,1,villa carlota,6.2244,-75.57435,5,15.8,54977.83356366141,748492.5201380898,39.5,6241.0,93.98596182156422,1,1
apartamento,3650000,85.0,3,2,1,las acacias,6.240963935852051,-75.60116577148438,6,14.166666666666666,34935.06493506493,672500.0,28.333333333333332,7225.0,59.7223547453697,1,1
apartamento,3100000,75.0,2,2,1,santa maria de los angeles,6.190985202789307,-75.58165740966797,5,15.0,47391.397443391514,760224.6376811594,37.5,5625.0,81.01676224887126,1,1
apartamento,4600000,106.0,3,4,2,las acacias,6.239250659942627,-75.59902954101562,9,11.777777777777779,34935.06493506493,672500.0,35.333333333333336,11236.0,59.7223547453697,1,4
apartamento,6600000,250.0,4,3,1,las acacias,6.241206169128418,-75.60013580322266,8,31.25,34935.06493506493,672500.0,62.5,62500.0,59.7223547453697,1,1
apartamento,5250000,66.0,2,2,1,el castillo,6.191030025482178,-75.5727310180664,5,13.2,56343.83279364145,907109.0047393364,33.0,4356.0,96.32117118059666,1,1
apartamento,3700000,120.0,3,2,2,la castellana,6.240013122558594,-75.60589599609375,7,17.142857142857142,32305.993690851734,627000.0,40.0,14400.0,55.22789264004374,1,4
apartamento,4450000,52.0,1,2,1,alejandria,6.20021390914917,-75.56941223144531,4,13.0,48842.610337435945,852482.6560951438,52.0,2704.0,83.49764646735697,1,1
apartamento,7300000,103.0,2,3,2,los balsos no.1,6.18924,-75.56719,7,14.714285714285714,48115.75526148983,871145.722446916,51.5,10609.0,82.2550697961868,1,4
casa,9300000,335.0,5,3,1,la castellana,6.240499973297119,-75.60771179199219,9,37.22222222222222,32305.993690851734,627000.0,67.0,112225.0,55.22789264004374,1,1
apartamento,5000000,91.0,3,3,2,villa carlota,6.22005,-75.57399,8,11.375,54977.83356366141,748492.5201380898,30.333333333333332,8281.0,93.98596182156422,1,4
apartamento,3550000,55.0,1,2,1,villa carlota,6.220837593078613,-75.57351684570312,4,13.75,54977.83356366141,748492.5201380898,55.0,3025.0,93.98596182156422,1,1
casa,3600000,132.0,3,2,0,simon bolivar,6.2450432777404785,-75.60406494140625,5,26.4,28965.474716228782,659298.245614035,44.0,17424.0,49.51719310057257,0,0
apartamento,2500000,60.0,3,1,0,san lucas,6.1780281,-75.5623524,4,15.0,47354.22828936933,904097.3871733967,20.0,3600.0,80.95322066375543,0,0
apartamento,3000000,70.0,3,2,1,los colores,6.2653913497924805,-75.59236145019531,6,11.666666666666666,34639.764996907856,599064.1711229946,23.333333333333332,4900.0,59.21753222118996,1,1
apartamento,5000000,135.0,3,2,2,laureles,6.242524147033691,-75.5960693359375,7,19.285714285714285,37952.470484611345,680619.6840826245,45.0,18225.0,64.88068391909857,1,4
apartamento,6700000,203.0,3,2,1,las lomas no.2,6.208580493927002,-75.55738830566406,6,33.833333333333336,41861.648016276704,816005.6657223796,67.66666666666667,41209.0,71.56351928072442,1,1
casa,2600000,108.0,3,4,1,el rodeo,6.203360080718994,-75.59263610839844,8,13.5,34192.43986254295,414583.3333333333,36.0,11664.0,58.452818876282265,1,1
apartamento,5800000,163.0,2,3,2,san lucas,6.1799445152282715,-75.56405639648438,7,23.285714285714285,47354.22828936933,904097.3871733967,81.5,26569.0,80.95322066375543,1,4
apartamento,6700000,130.0,3,4,2,alejandria,6.19954,-75.56844,9,14.444444444444445,48842.610337435945,852482.6560951438,43.333333333333336,16900.0,83.49764646735697,1,4
apartamento,4700000,97.0,3,2,2,los naranjos,6.19255,-75.55994,7,13.857142857142858,49565.6761295771,827000.8873114464,32.333333333333336,9409.0,84.733745264447,1,4
apartamento,8600000,200.0,3,4,2,las lomas no.2,6.211298,-75.558408,9,22.22222222222222,41861.648016276704,816005.6657223796,66.66666666666667,40000.0,71.56351928072442,1,4
apartamento,2800000,112.0,3,3,0,los conquistadores,6.2449105,-75.5811494,6,18.666666666666668,30995.98034836981,625225.2252252252,37.333333333333336,12544.0,52.98839253588492,0,0
apartamento,1700000,65.0,3,2,1,san jose del manzanillo,6.20282,-75.60408,6,10.833333333333334,47112.462006079026,534482.7586206896,21.666666666666668,4225.0,80.53991524231222,1,1
apartamento,3900000,105.0,3,2,1,patio bonito,6.20514,-75.578,6,17.5,43819.79935642627,741195.3041622199,35.0,11025.0,74.91102727015866,1,1
apartamento,2900000,62.0,3,2,1,san joaquin,6.24646,-75.58504,6,10.333333333333334,32753.58855757907,569436.2017804154,20.666666666666668,3844.0,55.9930670990746,1,1
apartamento,2500000,80.0,3,3,1,la mota,6.21576,-75.59814,7,11.428571428571429,31054.252952250557,508263.3053221289,26.666666666666668,6400.0,53.08801098878807,1,1
apartamento,3500000,68.0,2,2,1,san diego,6.2271348,-75.5664047,5,13.6,47227.322103995706,654899.8185117968,34.0,4624.0,80.73627141129654,1,1
apartamento,1800000,55.0,3,2,0,el rincon,6.209864616394043,-75.60387420654297,5,11.0,35361.216730038024,498214.28571428574,18.333333333333332,3025.0,60.45087174461001,0,0
apartamento,7140000,125.0,3,3,2,el tesoro,6.20464,-75.55463,8,15.625,46307.752975324685,855149.2240350179,41.666666666666664,15625.0,79.1642453160979,1,4
apartamento,4500000,92.0,2,2,2,los balsos no.1,6.187253952026367,-75.56134796142578,6,15.333333333333334,48115.75526148983,871145.722446916,46.0,8464.0,82.2550697961868,1,4
apartamento,3100000,80.0,3,2,1,la loma de los bernal,6.21711,-75.60196,6,13.333333333333334,40721.08579809159,584155.2990556138,26.666666666666668,6400.0,69.61370005095546,1,1
apartamento,6700000,115.0,3,3,2,los balsos no.2,6.19558048248291,-75.56987762451172,8,14.375,47300.9517913736,836162.823200559,38.333333333333336,13225.0,80.86214317702954,1,4
apartamento,2900000,78.0,3,2,1,alejandria,6.200692653656006,-75.56512451171875,6,13.0,48842.610337435945,852482.6560951438,26.0,6084.0,83.49764646735697,1,1
apartamento,4500000,110.0,3,3,0,lorena,6.24758219,-75.59879532,6,18.333333333333332,35721.295387634935,652329.7491039427,36.666666666666664,12100.0,61.06643508663359,0,0
casa,8000000,300.0,5,4,0,boston,6.24713861,-75.56136244,9,33.333333333333336,28429.680759275238,599090.9090909091,60.0,90000.0,48.60124012246641,0,0
apartamento,3400000,116.0,3,3,2,alejandria,6.1983442306518555,-75.56651306152344,8,14.5,48842.610337435945,852482.6560951438,38.666666666666664,13456.0,83.49764646735697,1,4
apartamento,6600000,198.0,3,4,2,laureles,6.242308139801025,-75.59518432617188,9,22.0,37952.470484611345,680619.6840826245,66.0,39204.0,64.88068391909857,1,4
apartamento,4300000,70.0,3,2,0,buenos aires,6.2382398,-75.5533528,5,14.0,24864.864864864863,541176.4705882353,23.333333333333332,4900.0,42.50709946912478,0,0
apartamento,3950000,78.0,2,2,1,patio bonito,6.204787731170654,-75.57544708251953,5,15.6,43819.79935642627,741195.3041622199,39.0,6084.0,74.91102727015866,1,1
apartamento,4600000,94.0,2,2,1,san lucas,6.17764139175415,-75.56724548339844,5,18.8,47354.22828936933,904097.3871733967,47.0,8836.0,80.95322066375543,1,1
apartamento,5600000,217.0,3,4,2,alejandria,6.199660301208496,-75.56974029541016,9,24.11111111111111,48842.610337435945,852482.6560951438,72.33333333333333,47089.0,83.49764646735697,1,4
apartamento,5850000,150.0,3,4,2,laureles,6.240273475646973,-75.59220886230469,9,16.666666666666668,37952.470484611345,680619.6840826245,50.0,22500.0,64.88068391909857,1,4
apartamento,8500000,105.0,3,2,1,altos del poblado,6.214751243591309,-75.55486297607422,6,17.5,58495.7928802589,930019.3704600484,35.0,11025.0,100.0,1,1
apartamento,4400000,120.0,3,2,1,santa maria de los angeles,6.188520908355713,-75.57913208007812,6,20.0,47391.397443391514,760224.6376811594,40.0,14400.0,81.01676224887126,1,1
apartamento,7000000,175.0,3,3,2,san lucas,6.18103502,-75.5687978,8,21.875,47354.22828936933,904097.3871733967,58.333333333333336,30625.0,80.95322066375543,1,4
apartamento,3800000,74.0,3,2,1,asomadera no.1,6.225461483001709,-75.56105041503906,6,12.333333333333334,48571.57944764218,665557.1635311143,24.666666666666668,5476.0,83.03431247964855,1,1
apartamento,4500000,80.0,2,2,1,la aguacatala,6.1968301,-75.5752203,5,16.0,51442.75043487159,795490.506329114,40.0,6400.0,87.9426500640398,1,1
casa,7700000,274.0,3,4,3,alejandria,6.198432922363281,-75.5692367553711,10,27.4,48842.610337435945,852482.6560951438,91.33333333333333,75076.0,83.49764646735697,1,9
apartamento,5200000,115.0,2,2,1,san lucas,6.1799445152282715,-75.56405639648438,5,23.0,47354.22828936933,904097.3871733967,57.5,13225.0,80.95322066375543,1,1
apartamento,2900000,70.0,3,2,1,guayabal,6.19919,-75.58149,6,11.666666666666666,37948.717948717946,569230.7692307692,23.333333333333332,4900.0,64.87426886647918,1,1
casa,5700000,240.0,5,5,1,la castellana,6.2409658,-75.6077829,11,21.818181818181817,32305.993690851734,627000.0,48.0,57600.0,55.22789264004374,1,1
apartamento,6500000,127.0,3,4,2,lalinde,6.213568687438965,-75.56767272949219,9,14.11111111111111,53427.21397778484,890320.987654321,42.333333333333336,16129.0,91.33513941276176,1,4
apartamento,7500000,120.0,2,2,2,san lucas,6.18215,-75.56572,6,20.0,47354.22828936933,904097.3871733967,60.0,14400.0,80.95322066375543,1,4
apartamento,1700000,68.0,3,2,1,la hondonada,6.20328,-75.6057,6,11.333333333333334,35058.243727598565,399234.693877551,22.666666666666668,4624.0,59.93293192787884,1,1
apartamento,3600000,85.0,3,2,1,el tesoro,6.2006197,-75.5636832,6,14.166666666666666,46307.752975324685,855149.2240350179,28.333333333333332,7225.0,79.1642453160979,1,1
apartamento,5000000,110.0,3,2,2,san diego,6.225788593292236,-75.5679702758789,7,15.714285714285714,47227.322103995706,654899.8185117968,36.666666666666664,12100.0,80.73627141129654,1,4
apartamento,3200000,60.0,2,2,2,el tesoro,6.201730251312256,-75.56000518798828,6,10.0,46307.752975324685,855149.2240350179,30.0,3600.0,79.1642453160979,1,4
apartamento,7700000,130.0,3,4,2,castropol,6.215945720672607,-75.56632232666016,9,14.444444444444445,48917.86962109346,739745.95924104,43.333333333333336,16900.0,83.62630406810368,1,4
apartamento,3600000,117.0,2,3,1,los balsos no.2,6.19453763961792,-75.56969451904297,6,19.5,47300.9517913736,836162.823200559,58.5,13689.0,80.86214317702954,1,1
apartamento,7800000,145.0,3,3,2,el tesoro,6.202454566955566,-75.55644226074219,8,18.125,46307.752975324685,855149.2240350179,48.333333333333336,21025.0,79.1642453160979,1,4
apartamento,6700000,110.0,2,3,2,altos del poblado,6.207150459289551,-75.5519027709961,7,15.714285714285714,58495.7928802589,930019.3704600484,55.0,12100.0,100.0,1,4
apartamento,6950000,160.0,3,4,3,los naranjos,6.197955131530762,-75.55636596679688,10,16.0,49565.6761295771,827000.8873114464,53.333333333333336,25600.0,84.733745264447,1,9
apartamento,6500000,300.0,3,4,2,santa maria de los angeles,6.189919471740723,-75.57862091064453,9,33.333333333333336,47391.397443391514,760224.6376811594,100.0,90000.0,81.01676224887126,1,4
apartamento,8200000,149.0,3,3,2,alejandria,6.200403213500977,-75.56999206542969,8,18.625,48842.610337435945,852482.6560951438,49.666666666666664,22201.0,83.49764646735697,1,4
apartamento,3650000,86.0,3,2,2,los naranjos,6.196619033813477,-75.5655517578125,7,12.285714285714286,49565.6761295771,827000.8873114464,28.666666666666668,7396.0,84.733745264447,1,4
apartamento,3200000,130.0,3,4,2,el tesoro,6.205099105834961,-75.55987548828125,9,14.444444444444445,46307.752975324685,855149.2240350179,43.333333333333336,16900.0,79.1642453160979,1,4
apartamento,4800000,89.0,2,3,2,castropol,6.2158894538879395,-75.56684112548828,7,12.714285714285714,48917.86962109346,739745.95924104,44.5,7921.0,83.62630406810368,1,4
apartamento,3950000,88.0,3,2,2,villa carlota,6.2228522300720215,-75.57453155517578,7,12.571428571428571,54977.83356366141,748492.5201380898,29.333333333333332,7744.0,93.98596182156422,1,4
apartamento,8100000,143.0,3,3,2,patio bonito,6.206900596618652,-75.57571411132812,8,17.875,43819.79935642627,741195.3041622199,47.666666666666664,20449.0,74.91102727015866,1,4
apartamento,9400000,197.0,3,4,2,el tesoro,6.204051494598389,-75.55583953857422,9,21.88888888888889,46307.752975324685,855149.2240350179,65.66666666666667,38809.0,79.1642453160979,1,4
apartamento,9700000,260.0,3,4,2,los balsos no.2,6.197163105010986,-75.56945037841797,9,28.88888888888889,47300.9517913736,836162.823200559,86.66666666666667,67600.0,80.86214317702954,1,4
apartamento,7800000,95.0,2,2,1,altos del poblado,6.213991165161133,-75.55416870117188,5,19.0,58495.7928802589,930019.3704600484,47.5,9025.0,100.0,1,1
apartamento,3150000,50.0,1,2,1,la aguacatala,6.197067737579346,-75.57808685302734,4,12.5,51442.75043487159,795490.506329114,50.0,2500.0,87.9426500640398,1,1
apartamento,4000000,82.0,3,2,1,santa teresita,6.243846416473389,-75.61091613769531,6,13.666666666666666,26323.37946103423,520028.77697841724,27.333333333333332,6724.0,45.00046612739874,1,1
apartamento,4150000,53.0,1,2,1,el diamante no.2,6.185326099395752,-75.57130432128906,4,13.25,43639.65496971377,774744.3419949707,53.0,2809.0,74.60306600005285,1,1
apartamento,8500000,198.0,3,3,2,los balsos no.2,6.19558048248291,-75.56987762451172,8,24.75,47300.9517913736,836162.823200559,66.0,39204.0,80.86214317702954,1,4
apartamento,8300000,150.0,3,3,2,san lucas,6.1799445152282715,-75.56405639648438,8,18.75,47354.22828936933,904097.3871733967,50.0,22500.0,80.95322066375543,1,4
apartamento,6000000,220.0,3,4,2,san lucas,6.17995023727417,-75.56442260742188,9,24.444444444444443,47354.22828936933,904097.3871733967,73.33333333333333,48400.0,80.95322066375543,1,4
apartamento,6200000,145.0,3,3,2,el tesoro,6.206456661224365,-75.55496215820312,8,18.125,46307.752975324685,855149.2240350179,48.333333333333336,21025.0,79.1642453160979,1,4
apartamento,3350000,85.0,3,2,1,la loma de los bernal,6.217579364776611,-75.60416412353516,6,14.166666666666666,40721.08579809159,584155.2990556138,28.333333333333332,7225.0,69.61370005095546,1,1
apartamento,4200000,94.0,3,2,1,castropol,6.216109752655029,-75.56694793701172,6,15.666666666666666,48917.86962109346,739745.95924104,31.333333333333332,8836.0,83.62630406810368,1,1
apartamento,8550000,135.0,3,4,2,los naranjos,6.197955131530762,-75.55636596679688,9,15.0,49565.6761295771,827000.8873114464,45.0,18225.0,84.733745264447,1,4
apartamento,7650000,163.0,3,4,2,los balsos no.2,6.1971635818481445,-75.56975555419922,9,18.11111111111111,47300.9517913736,836162.823200559,54.333333333333336,26569.0,80.86214317702954,1,4
apartamento,3800000,95.0,2,3,1,santa maria de los angeles,6.18803,-75.58125,6,15.833333333333334,47391.397443391514,760224.6376811594,47.5,9025.0,81.01676224887126,1,1
apartamento,2700000,95.0,3,2,0,san joaquin,6.248402,-75.5852071,5,19.0,32753.58855757907,569436.2017804154,31.666666666666668,9025.0,55.9930670990746,0,0
apartamento,3900000,97.0,2,3,1,santa maria de los angeles,6.18871,-75.5815,6,16.166666666666668,47391.397443391514,760224.6376811594,48.5,9409.0,81.01676224887126,1,1
casa,3200000,160.0,4,2,0,rosales,6.23546442,-75.59002622,6,26.666666666666668,31678.50652568974,626633.9869281045,40.0,25600.0,54.15518786203267,0,0
apartamento,5600000,134.0,3,2,1,las lomas no.2,6.21109471,-75.55852082,6,22.333333333333332,41861.648016276704,816005.6657223796,44.666666666666664,17956.0,71.56351928072442,1,1
apartamento,4200000,110.0,3,2,1,los conquistadores,6.24085,-75.58362,6,18.333333333333332,30995.98034836981,625225.2252252252,36.666666666666664,12100.0,52.98839253588492,1,1
casa,4200000,188.0,4,4,1,diego echavarria,6.21542,-75.59477,9,20.88888888888889,30825.838103025348,571212.1212121212,47.0,35344.0,52.69753017302621,1,1
apartamento,9000000,160.0,3,4,2,san lucas,6.176946,-75.561037,9,17.77777777777778,47354.22828936933,904097.3871733967,53.333333333333336,25600.0,80.95322066375543,1,4
apartamento,4500000,180.0,5,3,0,el nogal-los almendros,6.2368617,-75.596124,8,22.5,31931.988041853514,623722.6277372263,36.0,32400.0,54.5885207628836,0,0
apartamento,4000000,115.0,3,3,1,laureles,6.239752292633057,-75.59512329101562,7,16.428571428571427,37952.470484611345,680619.6840826245,38.333333333333336,13225.0,64.88068391909857,1,1
apartamento,5200000,189.0,3,3,2,la florida,6.2020392417907715,-75.56185150146484,8,23.625,45025.656955191065,832086.513994911,63.0,35721.0,76.97247056272704,1,4
apartamento,4050000,91.0,3,2,2,santa maria de los angeles,6.190091133117676,-75.5792007446289,7,13.0,47391.397443391514,760224.6376811594,30.333333333333332,8281.0,81.01676224887126,1,4
apartamento,3950000,78.0,2,2,1,santa maria de los angeles,6.189963340759277,-75.5792465209961,5,15.6,47391.397443391514,760224.6376811594,39.0,6084.0,81.01676224887126,1,1
apartamento,6100000,240.0,4,5,4,laureles,6.242116928100586,-75.59554290771484,13,18.46153846153846,37952.470484611345,680619.6840826245,60.0,57600.0,64.88068391909857,1,16
apartamento,3800000,77.0,3,2,1,san diego,6.233272,-75.569117,6,12.833333333333334,47227.322103995706,654899.8185117968,25.666666666666668,5929.0,80.73627141129654,1,1
apartamento,3250000,84.0,3,2,1,el diamante no.2,6.185547351837158,-75.57561492919922,6,14.0,43639.65496971377,774744.3419949707,28.0,7056.0,74.60306600005285,1,1
casa,3500000,200.0,5,2,0,barrio caycedo,6.24150743,-75.55067491,7,28.571428571428573,20576.923076923078,486363.63636363635,40.0,40000.0,35.17675727388483,0,0
casa,3480000,230.0,4,3,2,los naranjos,6.199604511260986,-75.55934143066406,9,25.555555555555557,49565.6761295771,827000.8873114464,57.5,52900.0,84.733745264447,1,4
apartamento,4180000,85.0,2,2,1,castropol,6.215199,-75.568377,5,17.0,48917.86962109346,739745.95924104,42.5,7225.0,83.62630406810368,1,1
apartamento,6200000,168.0,3,4,2,la florida,6.207310676574707,-75.56078338623047,9,18.666666666666668,45025.656955191065,832086.513994911,56.0,28224.0,76.97247056272704,1,4
apartamento,3000000,82.0,1,2,1,alejandria,6.199657,-75.567363,4,20.5,48842.610337435945,852482.6560951438,82.0,6724.0,83.49764646735697,1,1
apartamento,9700000,220.0,3,4,3,alejandria,6.2021284103393555,-75.56873321533203,10,22.0,48842.610337435945,852482.6560951438,73.33333333333333,48400.0,83.49764646735697,1,9
apartamento,5650000,220.0,3,3,2,san lucas,6.179586410522461,-75.56299591064453,8,27.5,47354.22828936933,904097.3871733967,73.33333333333333,48400.0,80.95322066375543,1,4
apartamento,8700000,220.0,3,4,3,alejandria,6.201014518737793,-75.56893920898438,10,22.0,48842.610337435945,852482.6560951438,73.33333333333333,48400.0,83.49764646735697,1,9
apartamento,8200000,240.0,3,4,3,el tesoro,6.200634956359863,-75.553955078125,10,24.0,46307.752975324685,855149.2240350179,80.0,57600.0,79.1642453160979,1,9
casa,4500000,134.0,4,3,2,la mota,6.209683418273926,-75.5986099243164,9,14.88888888888889,31054.252952250557,508263.3053221289,33.5,17956.0,53.08801098878807,1,4
apartamento,2600000,50.0,2,2,1,santa fe,6.222091,-75.577712,5,10.0,48109.58350181965,701917.4041297935,25.0,2500.0,82.24451902088094,1,1
apartamento,4200000,53.0,1,2,1,los balsos no.1,6.187277317047119,-75.56346130371094,4,13.25,48115.75526148983,871145.722446916,53.0,2809.0,82.2550697961868,1,1
apartamento,4800000,98.0,2,2,1,castropol,6.2149786949157715,-75.56629180908203,5,19.6,48917.86962109346,739745.95924104,49.0,9604.0,83.62630406810368,1,1
apartamento,5200000,175.0,3,3,2,las acacias,6.240963935852051,-75.60116577148438,8,21.875,34935.06493506493,672500.0,58.333333333333336,30625.0,59.7223547453697,1,4
apartamento,3000000,70.0,3,2,1,la castellana,6.24177501,-75.60665133,6,11.666666666666666,32305.993690851734,627000.0,23.333333333333332,4900.0,55.22789264004374,1,1
apartamento,5000000,100.0,3,3,2,villa carlota,6.221945762634277,-75.57394409179688,8,12.5,54977.83356366141,748492.5201380898,33.333333333333336,10000.0,93.98596182156422,1,4
apartamento,9000000,175.0,3,4,3,el tesoro,6.20423,-75.55865,10,17.5,46307.752975324685,855149.2240350179,58.333333333333336,30625.0,79.1642453160979,1,9
apartamento,1200000,48.0,2,1,0,santa fe,6.2206539,-75.5826697,3,16.0,48109.58350181965,701917.4041297935,24.0,2304.0,82.24451902088094,0,0
apartamento,3700000,70.0,2,2,1,la florida,6.20562,-75.56195,5,14.0,45025.656955191065,832086.513994911,35.0,4900.0,76.97247056272704,1,1
apartamento,6500000,157.0,3,4,2,san lucas,6.18134,-75.56269,9,17.444444444444443,47354.22828936933,904097.3871733967,52.333333333333336,24649.0,80.95322066375543,1,4
apartamento,6500000,140.0,3,3,2,santa maria de los angeles,6.18879,-75.5795,8,17.5,47391.397443391514,760224.6376811594,46.666666666666664,19600.0,81.01676224887126,1,4
apartamento,3300000,70.0,2,2,1,santa teresita,6.24372,-75.61497,5,14.0,26323.37946103423,520028.77697841724,35.0,4900.0,45.00046612739874,1,1
casa,2850000,180.0,4,2,1,santa fe,6.22099,-75.58862,7,25.714285714285715,48109.58350181965,701917.4041297935,45.0,32400.0,82.24451902088094,1,1
apartamento,6500000,90.0,3,3,2,asomadera no.2,6.22428,-75.562,8,11.25,51821.74887892377,772562.6740947075,30.0,8100.0,88.59055724742987,1,4
apartamento,6500000,90.0,2,3,2,los balsos no.2,6.194361209869385,-75.56967163085938,7,12.857142857142858,47300.9517913736,836162.823200559,45.0,8100.0,80.86214317702954,1,4
casa,7000000,244.0,4,3,1,estadio,6.26051,-75.59657,8,30.5,28935.940737376888,589306.3583815029,61.0,59536.0,49.466704035636994,1,1
apartamento,5200000,153.0,3,3,2,los balsos no.1,6.190019130706787,-75.5635757446289,8,19.125,48115.75526148983,871145.722446916,51.0,23409.0,82.2550697961868,1,4
apartamento,4900000,110.0,2,2,2,las lomas no.2,6.208471298217773,-75.55748748779297,6,18.333333333333332,41861.648016276704,816005.6657223796,55.0,12100.0,71.56351928072442,1,4
apartamento,3150000,88.0,2,3,2,los naranjos,6.192508220672607,-75.55963897705078,7,12.571428571428571,49565.6761295771,827000.8873114464,44.0,7744.0,84.733745264447,1,4
apartamento,4400000,90.0,2,2,2,el tesoro,6.2064528465271,-75.55963897705078,6,15.0,46307.752975324685,855149.2240350179,45.0,8100.0,79.1642453160979,1,4
apartamento,4200000,55.0,1,1,1,altos del poblado,6.214498519897461,-75.55554962158203,3,18.333333333333332,58495.7928802589,930019.3704600484,55.0,3025.0,100.0,1,1
apartamento,3600000,108.0,3,2,1,laureles,6.242560863494873,-75.59698486328125,6,18.0,37952.470484611345,680619.6840826245,36.0,11664.0,64.88068391909857,1,1
apartamento,4750000,82.0,2,2,1,los balsos no.2,6.195743083953857,-75.56614685058594,5,16.4,47300.9517913736,836162.823200559,41.0,6724.0,80.86214317702954,1,1
apartamento,4350000,128.0,3,2,1,el diamante no.2,6.1877522468566895,-75.57644653320312,6,21.333333333333332,43639.65496971377,774744.3419949707,42.666666666666664,16384.0,74.60306600005285,1,1
apartamento,5800000,135.0,3,3,2,el tesoro,6.203347682952881,-75.55573272705078,8,16.875,46307.752975324685,855149.2240350179,45.0,18225.0,79.1642453160979,1,4
apartamento,5500000,110.0,3,3,2,castropol,6.214487552642822,-75.56771087646484,8,13.75,48917.86962109346,739745.95924104,36.666666666666664,12100.0,83.62630406810368,1,4
casa,3500000,80.0,3,3,1,la mota,6.209928512573242,-75.59856414794922,7,11.428571428571429,31054.252952250557,508263.3053221289,26.666666666666668,6400.0,53.08801098878807,1,1
apartamento,4650000,86.0,3,2,1,villa carlota,6.220068454742432,-75.57520294189453,6,14.333333333333334,54977.83356366141,748492.5201380898,28.666666666666668,7396.0,93.98596182156422,1,1
apartamento,6200000,136.0,3,3,2,los balsos no.2,6.1969895362854,-75.56990051269531,8,17.0,47300.9517913736,836162.823200559,45.333333333333336,18496.0,80.86214317702954,1,4
apartamento,5700000,116.0,3,4,2,castropol,6.2158894538879395,-75.56684112548828,9,12.88888888888889,48917.86962109346,739745.95924104,38.666666666666664,13456.0,83.62630406810368,1,4
apartamento,2200000,36.0,1,1,0,san joaquin,6.246715545654297,-75.58601379394531,2,18.0,32753.58855757907,569436.2017804154,36.0,1296.0,55.9930670990746,0,0
apartamento,6800000,140.0,3,4,3,santa maria de los angeles,6.188703536987305,-75.57886505126953,10,14.0,47391.397443391514,760224.6376811594,46.666666666666664,19600.0,81.01676224887126,1,9
apartamento,3150000,50.0,1,1,1,la aguacatala,6.197278022766113,-75.5754165649414,3,16.666666666666668,51442.75043487159,795490.506329114,50.0,2500.0,87.9426500640398,1,1
apartamento,4800000,115.0,3,3,1,laureles,6.242844104766846,-75.59593200683594,7,16.428571428571427,37952.470484611345,680619.6840826245,38.333333333333336,13225.0,64.88068391909857,1,1
apartamento,4400000,144.0,3,2,1,los conquistadores,6.242354869842529,-75.5815200805664,6,24.0,30995.98034836981,625225.2252252252,48.0,20736.0,52.98839253588492,1,1
apartamento,7800000,90.0,2,3,2,los balsos no.2,6.194361209869385,-75.56967163085938,7,12.857142857142858,47300.9517913736,836162.823200559,45.0,8100.0,80.86214317702954,1,4
apartamento,3800000,143.0,3,3,2,el tesoro,6.202733993530273,-75.5591812133789,8,17.875,46307.752975324685,855149.2240350179,47.666666666666664,20449.0,79.1642453160979,1,4
apartamento,2900000,47.0,1,2,1,la aguacatala,6.196389675140381,-75.57738494873047,4,11.75,51442.75043487159,795490.506329114,47.0,2209.0,87.9426500640398,1,1
apartamento,3400000,75.0,3,2,1,los naranjos,6.199676513671875,-75.55934143066406,6,12.5,49565.6761295771,827000.8873114464,25.0,5625.0,84.733745264447,1,1
apartamento,3200000,66.0,2,2,1,castropol,6.216827869415283,-75.5655746459961,5,13.2,48917.86962109346,739745.95924104,33.0,4356.0,83.62630406810368,1,1
apartamento,5700000,153.0,3,3,1,laureles,6.245274543762207,-75.5971450805664,7,21.857142857142858,37952.470484611345,680619.6840826245,51.0,23409.0,64.88068391909857,1,1
apartamento,5300000,150.0,3,3,2,la florida,6.20209,-75.5652,8,18.75,45025.656955191065,832086.513994911,50.0,22500.0,76.97247056272704,1,4
apartamento,2300000,80.0,3,2,1,la gloria,6.22278,-75.608,6,13.333333333333334,34291.07710077967,552325.5813953489,26.666666666666668,6400.0,58.62144166670863,1,1
apartamento,2800000,65.0,2,2,1,asomadera no.1,6.22546,-75.56105,5,13.0,48571.57944764218,665557.1635311143,32.5,4225.0,83.03431247964855,1,1
apartamento,8000000,220.0,2,2,1,el diamante no.2,6.1839,-75.57329,5,44.0,43639.65496971377,774744.3419949707,110.0,48400.0,74.60306600005285,1,1
apartamento,5800000,110.0,2,2,2,los naranjos,6.197476,-75.565268,6,18.333333333333332,49565.6761295771,827000.8873114464,55.0,12100.0,84.733745264447,1,4
apartamento,4300000,110.0,3,2,2,castropol,6.21925,-75.56901,7,15.714285714285714,48917.86962109346,739745.95924104,36.666666666666664,12100.0,83.62630406810368,1,4
apartamento,4500000,100.0,3,3,1,los conquistadores,6.24106,-75.5833,7,14.285714285714286,30995.98034836981,625225.2252252252,33.333333333333336,10000.0,52.98839253588492,1,1
apartamento,2350000,65.0,3,2,0,ferrini,6.26962,-75.59589,5,13.0,34752.10477081384,530714.2857142857,21.666666666666668,4225.0,59.40957983414555,0,0
apartamento,7100000,114.0,3,4,2,santa maria de los angeles,6.189920425415039,-75.5792465209961,9,12.666666666666666,47391.397443391514,760224.6376811594,38.0,12996.0,81.01676224887126,1,4
apartamento,8200000,171.0,3,4,2,el tesoro,6.203125476837158,-75.55571746826172,9,19.0,46307.752975324685,855149.2240350179,57.0,29241.0,79.1642453160979,1,4
apartamento,4200000,78.0,3,2,1,los colores,6.265225410461426,-75.59288787841797,6,13.0,34639.764996907856,599064.1711229946,26.0,6084.0,59.21753222118996,1,1
apartamento,7200000,180.0,3,3,2,los balsos no.1,6.187114238739014,-75.56001281738281,8,22.5,48115.75526148983,871145.722446916,60.0,32400.0,82.2550697961868,1,4
apartamento,6700000,134.0,3,4,2,los balsos no.1,6.186577796936035,-75.5617446899414,9,14.88888888888889,48115.75526148983,871145.722446916,44.666666666666664,17956.0,82.2550697961868,1,4
apartamento,2850000,89.0,3,2,1,los colores,6.266347408294678,-75.5921859741211,6,14.833333333333334,34639.764996907856,599064.1711229946,29.666666666666668,7921.0,59.21753222118996,1,1
apartamento,3500000,87.0,2,2,1,los conquistadores,6.24409,-75.5842,5,17.4,30995.98034836981,625225.2252252252,43.5,7569.0,52.98839253588492,1,1
apartamento,3350000,84.0,3,2,1,villa carlota,6.217075347900391,-75.5740966796875,6,14.0,54977.83356366141,748492.5201380898,28.0,7056.0,93.98596182156422,1,1
apartamento,3950000,84.0,2,2,1,el diamante no.2,6.184103965759277,-75.57196807861328,5,16.8,43639.65496971377,774744.3419949707,42.0,7056.0,74.60306600005285,1,1
apartamento,8700000,147.0,3,3,2,san lucas,6.184329509735107,-75.56351470947266,8,18.375,47354.22828936933,904097.3871733967,49.0,21609.0,80.95322066375543,1,4
apartamento,3750000,84.0,3,2,1,villa carlota,6.21825647354126,-75.57398986816406,6,14.0,54977.83356366141,748492.5201380898,28.0,7056.0,93.98596182156422,1,1
apartamento,7500000,109.0,2,3,0,las acacias,6.23937133,-75.59908247,5,21.8,34935.06493506493,672500.0,54.5,11881.0,59.7223547453697,0,0
apartamento,4300000,80.0,2,2,1,miravalle,6.234503746032715,-75.59971618652344,5,16.0,42041.52249134948,650892.8571428572,40.0,6400.0,71.87101913022809,1,1
apartamento,3600000,141.0,3,2,1,laureles,6.242885112762451,-75.5961685180664,6,23.5,37952.470484611345,680619.6840826245,47.0,19881.0,64.88068391909857,1,1
apartamento,5600000,92.0,2,3,2,alejandria,6.200577259063721,-75.56989288330078,7,13.142857142857142,48842.610337435945,852482.6560951438,46.0,8464.0,83.49764646735697,1,4
casa,5700000,260.0,3,4,2,los naranjos,6.193504333496094,-75.55579376220703,9,28.88888888888889,49565.6761295771,827000.8873114464,86.66666666666667,67600.0,84.733745264447,1,4
apartamento,3300000,106.0,3,3,2,santa maria de los angeles,6.190635681152344,-75.578125,8,13.25,47391.397443391514,760224.6376811594,35.333333333333336,11236.0,81.01676224887126,1,4
apartamento,4350000,131.0,3,3,2,castropol,6.215184211730957,-75.56710052490234,8,16.375,48917.86962109346,739745.95924104,43.666666666666664,17161.0,83.62630406810368,1,4
apartamento,8200000,160.0,3,4,2,la florida,6.205845355987549,-75.56404113769531,9,17.77777777777778,45025.656955191065,832086.513994911,53.333333333333336,25600.0,76.97247056272704,1,4
apartamento,4650000,107.0,3,2,2,las acacias,6.240963935852051,-75.60116577148438,7,15.285714285714286,34935.06493506493,672500.0,35.666666666666664,11449.0,59.7223547453697,1,4
apartamento,4450000,115.0,3,2,2,el diamante no.2,6.18741512298584,-75.5766372680664,7,16.428571428571427,43639.65496971377,774744.3419949707,38.333333333333336,13225.0,74.60306600005285,1,4
apartamento,6800000,246.0,4,4,1,san diego,6.230595588684082,-75.56830596923828,9,27.333333333333332,47227.322103995706,654899.8185117968,61.5,60516.0,80.73627141129654,1,1
apartamento,6000000,126.0,3,4,2,la loma de los bernal,6.217579364776611,-75.60416412353516,9,14.0,40721.08579809159,584155.2990556138,42.0,15876.0,69.61370005095546,1,4
casa,8900000,235.0,2,4,2,san lucas,6.179832458496094,-75.56441497802734,8,29.375,47354.22828936933,904097.3871733967,117.5,55225.0,80.95322066375543,1,4
apartamento,6350000,162.0,3,4,2,el diamante no.2,6.188287258148193,-75.57586669921875,9,18.0,43639.65496971377,774744.3419949707,54.0,26244.0,74.60306600005285,1,4
apartamento,5500000,104.0,2,3,1,manila,6.21099,-75.57114,6,17.333333333333332,48813.76037959668,888129.4964028777,52.0,10816.0,83.44832675320535,1,1
apartamento,7000000,64.0,1,2,1,la florida,6.20309,-75.56681,4,16.0,45025.656955191065,832086.513994911,64.0,4096.0,76.97247056272704,1,1
apartamento,2900000,70.0,2,2,1,san cristobal,6.26979033,-75.60738907,5,14.0,38232.46878001921,545205.4794520548,35.0,4900.0,65.35934790777384,1,1
apartamento,5200000,110.0,3,3,1,santa maria de los angeles,6.1899517616,-75.5784379873,7,15.714285714285714,47391.397443391514,760224.6376811594,36.666666666666664,12100.0,81.01676224887126,1,1
apartamento,7500000,152.0,3,3,2,el tesoro,6.203782,-75.560025,8,19.0,46307.752975324685,855149.2240350179,50.666666666666664,23104.0,79.1642453160979,1,4
apartamento,8500000,155.0,3,3,2,el poblado,6.21029,-75.56652,8,19.375,51331.92389006342,930592.3344947735,51.666666666666664,24025.0,87.7531893535319,1,4
apartamento,7000000,110.0,2,2,2,asomadera no.3,6.21823,-75.55733,6,18.333333333333332,56742.24343675418,834210.5263157894,55.0,12100.0,97.0022639968412,1,4
apartamento,3500000,145.0,5,3,1,calasanz parte alta,6.2633795756,-75.6034308672,9,16.11111111111111,33556.33802816901,458173.07692307694,29.0,21025.0,57.36538710887971,1,1
apartamento,7600000,214.0,2,3,2,las lomas no.1,6.212221622467041,-75.55931854248047,7,30.571428571428573,42753.43481316735,816268.3823529412,107.0,45796.0,73.08805079483885,1,4
casa,3000000,84.0,3,3,0,la loma de los bernal,6.217579364776611,-75.60416412353516,6,14.0,40721.08579809159,584155.2990556138,28.0,7056.0,69.61370005095546,0,0
apartamento,5750000,117.0,3,4,2,los balsos no.2,6.194300174713135,-75.56649780273438,9,13.0,47300.9517913736,836162.823200559,39.0,13689.0,80.86214317702954,1,4
apartamento,3350000,135.0,3,2,1,los conquistadores,6.242354869842529,-75.5815200805664,6,22.5,30995.98034836981,625225.2252252252,45.0,18225.0,52.98839253588492,1,1
apartamento,3900000,60.0,2,2,1,los naranjos,6.199115753173828,-75.56226348876953,5,12.0,49565.6761295771,827000.8873114464,30.0,3600.0,84.733745264447,1,1
apartamento,3100000,126.0,3,4,2,castropol,6.216522693634033,-75.56827545166016,9,14.0,48917.86962109346,739745.95924104,42.0,15876.0,83.62630406810368,1,4
apartamento,4600000,110.0,3,3,1,la castellana,6.240499973297119,-75.60771179199219,7,15.714285714285714,32305.993690851734,627000.0,36.666666666666664,12100.0,55.22789264004374,1,1
apartamento,4600000,135.0,3,2,2,la aguacatala,6.198080539703369,-75.57640075683594,7,19.285714285714285,51442.75043487159,795490.506329114,45.0,18225.0,87.9426500640398,1,4
apartamento,9200000,128.0,3,2,2,alejandria,6.199948787689209,-75.56999206542969,7,18.285714285714285,48842.610337435945,852482.6560951438,42.666666666666664,16384.0,83.49764646735697,1,4
apartamento,4650000,65.0,1,2,1,villa carlota,6.220809459686279,-75.57341003417969,4,16.25,54977.83356366141,748492.5201380898,65.0,4225.0,93.98596182156422,1,1
apartamento,2500000,84.0,3,2,1,villa carlota,6.221323490142822,-75.57263946533203,6,14.0,54977.83356366141,748492.5201380898,28.0,7056.0,93.98596182156422,1,1
apartamento,7650000,98.0,2,2,2,castropol,6.220851898193359,-75.5682144165039,6,16.333333333333332,48917.86962109346,739745.95924104,49.0,9604.0,83.62630406810368,1,4
apartamento,3550000,130.0,4,3,1,la castellana,6.239602088928223,-75.60661315917969,8,16.25,32305.993690851734,627000.0,32.5,16900.0,55.22789264004374,1,1
apartamento,2850000,60.0,2,2,1,diego echavarria,6.214990139007568,-75.59534454345703,5,12.0,30825.838103025348,571212.1212121212,30.0,3600.0,52.69753017302621,1,1
apartamento,2500000,106.0,1,2,1,la palma,6.229538440704346,-75.6022720336914,4,26.5,30263.43970871707,611688.3116883116,106.0,11236.0,51.73609625339456,1,1
apartamento,7200000,108.0,3,2,2,los balsos no.1,6.186973571777344,-75.56109619140625,7,15.428571428571429,48115.75526148983,871145.722446916,36.0,11664.0,82.2550697961868,1,4
apartamento,5500000,135.0,3,4,2,la aguacatala,6.197235584259033,-75.5757827758789,9,15.0,51442.75043487159,795490.506329114,45.0,18225.0,87.9426500640398,1,4
apartamento,5700000,118.0,2,2,2,la florida,6.201653957366943,-75.56745147705078,6,19.666666666666668,45025.656955191065,832086.513994911,59.0,13924.0,76.97247056272704,1,4
apartamento,6700000,136.0,3,4,2,alejandria,6.2015380859375,-75.56957244873047,9,15.11111111111111,48842.610337435945,852482.6560951438,45.333333333333336,18496.0,83.49764646735697,1,4
apartamento,5200000,74.0,2,2,2,alejandria,6.197996616363525,-75.57015991210938,6,12.333333333333334,48842.610337435945,852482.6560951438,37.0,5476.0,83.49764646735697,1,4
apartamento,2600000,56.0,1,1,1,los conquistadores,6.2413740158081055,-75.58100128173828,3,18.666666666666668,30995.98034836981,625225.2252252252,56.0,3136.0,52.98839253588492,1,1
apartamento,6050000,190.0,3,3,2,la aguacatala,6.198988437652588,-75.5776138305664,8,23.75,51442.75043487159,795490.506329114,63.333333333333336,36100.0,87.9426500640398,1,4
apartamento,3800000,106.0,1,2,1,la palma,6.22891092300415,-75.60186767578125,4,26.5,30263.43970871707,611688.3116883116,106.0,11236.0,51.73609625339456,1,1
apartamento,4200000,120.0,3,2,1,san diego,6.224812030792236,-75.56653594970703,6,20.0,47227.322103995706,654899.8185117968,40.0,14400.0,80.73627141129654,1,1
apartamento,6300000,134.0,3,2,2,la florida,6.20717,-75.5617,7,19.142857142857142,45025.656955191065,832086.513994911,44.666666666666664,17956.0,76.97247056272704,1,4
apartamento,8800000,250.0,4,4,3,el diamante no.2,6.183125019073486,-75.57344055175781,11,22.727272727272727,43639.65496971377,774744.3419949707,62.5,62500.0,74.60306600005285,1,9
apartamento,6000000,96.0,2,2,2,lalinde,6.21184,-75.56656,6,16.0,53427.21397778484,890320.987654321,48.0,9216.0,91.33513941276176,1,4
apartamento,1700000,60.0,2,1,0,guayabal,6.19998,-75.58565,3,20.0,37948.717948717946,569230.7692307692,30.0,3600.0,64.87426886647918,0,0
apartamento,7200000,146.0,2,3,2,villa hermosa,6.25514,-75.55037,7,20.857142857142858,49315.068493150684,1028571.4285714285,73.0,21316.0,84.30532533185558,1,4
apartamento,3500000,80.0,2,2,1,altos del poblado,6.2168276133,-75.5550482248,5,16.0,58495.7928802589,930019.3704600484,40.0,6400.0,100.0,1,1
apartamento,5500000,100.0,2,3,1,los balsos no.1,6.19571,-75.56606,6,16.666666666666668,48115.75526148983,871145.722446916,50.0,10000.0,82.2550697961868,1,1
apartamento,3000000,75.0,3,2,1,san german,6.26958,-75.59162,6,12.5,39001.584786053885,502244.89795918367,25.0,5625.0,66.67417068077062,1,1
apartamento,6850000,87.0,3,2,1,el tesoro,6.2064528465271,-75.55963897705078,6,14.5,46307.752975324685,855149.2240350179,29.0,7569.0,79.1642453160979,1,1
apartamento,5200000,100.0,2,3,2,lalinde,6.212449,-75.567155,7,14.285714285714286,53427.21397778484,890320.987654321,50.0,10000.0,91.33513941276176,1,4
apartamento,3350000,80.0,3,2,1,la loma de los bernal,6.217579364776611,-75.60416412353516,6,13.333333333333334,40721.08579809159,584155.2990556138,26.666666666666668,6400.0,69.61370005095546,1,1
apartamento,3500000,70.0,3,2,1,castropol,6.22231,-75.56726,6,11.666666666666666,48917.86962109346,739745.95924104,23.333333333333332,4900.0,83.62630406810368,1,1
apartamento,5500000,102.0,4,2,1,castropol,6.216140270233154,-75.56697082519531,7,14.571428571428571,48917.86962109346,739745.95924104,25.5,10404.0,83.62630406810368,1,1
apartamento,3400000,80.0,2,2,1,astorga,6.211167335510254,-75.57246398925781,5,16.0,38915.5662264906,771825.3968253968,40.0,6400.0,66.52711983261925,1,1
apartamento,6500000,120.0,2,2,2,los naranjos,6.19489,-75.55802,6,20.0,49565.6761295771,827000.8873114464,60.0,14400.0,84.733745264447,1,4
apartamento,2100000,42.0,1,2,1,laureles,6.243520259857178,-75.59516143798828,4,10.5,37952.470484611345,680619.6840826245,42.0,1764.0,64.88068391909857,1,1
apartamento,4150000,75.0,2,3,1,villa carlota,6.21825647354126,-75.57398986816406,6,12.5,54977.83356366141,748492.5201380898,37.5,5625.0,93.98596182156422,1,1
apartamento,4700000,77.0,2,2,1,alejandria,6.199296951293945,-75.56919860839844,5,15.4,48842.610337435945,852482.6560951438,38.5,5929.0,83.49764646735697,1,1
apartamento,5500000,87.0,1,1,1,el poblado,6.2090645,-75.5676977,3,29.0,51331.92389006342,930592.3344947735,87.0,7569.0,87.7531893535319,1,1
apartamento,6150000,104.0,3,3,2,santa maria de los angeles,6.188781261444092,-75.57971954345703,8,13.0,47391.397443391514,760224.6376811594,34.666666666666664,10816.0,81.01676224887126,1,4
apartamento,3650000,127.0,3,3,1,san joaquin,6.246960639953613,-75.58503723144531,7,18.142857142857142,32753.58855757907,569436.2017804154,42.333333333333336,16129.0,55.9930670990746,1,1
apartamento,4300000,84.0,3,2,1,villa carlota,6.22196,-75.5735,6,14.0,54977.83356366141,748492.5201380898,28.0,7056.0,93.98596182156422,1,1
apartamento,3300000,70.0,2,2,1,lalinde,6.2115797996521,-75.56721496582031,5,14.0,53427.21397778484,890320.987654321,35.0,4900.0,91.33513941276176,1,1
apartamento,5000000,102.0,2,3,2,castropol,6.219854831695557,-75.56715393066406,7,14.571428571428571,48917.86962109346,739745.95924104,51.0,10404.0,83.62630406810368,1,4
apartamento,4400000,100.0,3,2,2,san lucas,6.179964065551758,-75.56400299072266,7,14.285714285714286,47354.22828936933,904097.3871733967,33.333333333333336,10000.0,80.95322066375543,1,4
apartamento,7700000,120.0,4,4,2,alejandria,6.199612140655518,-75.56756591796875,10,12.0,48842.610337435945,852482.6560951438,30.0,14400.0,83.49764646735697,1,4
apartamento,5750000,114.0,3,3,2,el diamante no.2,6.181866645812988,-75.5706558227539,8,14.25,43639.65496971377,774744.3419949707,38.0,12996.0,74.60306600005285,1,4
apartamento,1550000,50.0,1,1,1,sucre,6.246319,-75.555169,3,16.666666666666668,1213.733075435203,836666.6666666666,50.0,2500.0,2.0749066140871344,1,1
apartamento,3000000,95.0,2,2,1,los conquistadores,6.240952491760254,-75.58158874511719,5,19.0,30995.98034836981,625225.2252252252,47.5,9025.0,52.98839253588492,1,1
apartamento,5800000,110.0,3,3,2,santa maria de los angeles,6.190048694610596,-75.57907104492188,8,13.75,47391.397443391514,760224.6376811594,36.666666666666664,12100.0,81.01676224887126,1,4
apartamento,3100000,150.0,3,2,1,florida nueva,6.251861095428467,-75.58988189697266,6,25.0,34915.907498248074,668791.9463087248,50.0,22500.0,59.68960463485137,1,1
apartamento,4250000,100.0,4,2,1,los conquistadores,6.241286277770996,-75.5816879272461,7,14.285714285714286,30995.98034836981,625225.2252252252,25.0,10000.0,52.98839253588492,1,1
apartamento,3400000,78.0,3,2,1,castropol,6.21902,-75.5692,6,13.0,48917.86962109346,739745.95924104,26.0,6084.0,83.62630406810368,1,1
apartamento,3700000,75.0,2,2,2,los balsos no.2,6.195546627044678,-75.57054901123047,6,12.5,47300.9517913736,836162.823200559,37.5,5625.0,80.86214317702954,1,4
apartamento,4300000,98.0,2,2,2,los balsos no.1,6.186925888061523,-75.56139373779297,6,16.333333333333332,48115.75526148983,871145.722446916,49.0,9604.0,82.2550697961868,1,4
apartamento,7800000,250.0,4,3,2,el castillo,6.19155,-75.56758,9,27.77777777777778,56343.83279364145,907109.0047393364,62.5,62500.0,96.32117118059666,1,4
apartamento,5000000,186.0,4,2,1,laureles,6.24483,-75.59832,7,26.571428571428573,37952.470484611345,680619.6840826245,46.5,34596.0,64.88068391909857,1,1
apartamento,2200000,65.0,2,2,0,san joaquin,6.24551,-75.58776,4,16.25,32753.58855757907,569436.2017804154,32.5,4225.0,55.9930670990746,0,0
apartamento,4600000,86.0,2,2,1,asomadera no.2,6.21933,-75.56329,5,17.2,51821.74887892377,772562.6740947075,43.0,7396.0,88.59055724742987,1,1
apartamento,4000000,100.0,3,2,1,castropol,6.21888,-75.56896,6,16.666666666666668,48917.86962109346,739745.95924104,33.333333333333336,10000.0,83.62630406810368,1,1
apartamento,4000000,104.0,3,3,2,los balsos no.2,6.1945,-75.56954,8,13.0,47300.9517913736,836162.823200559,34.666666666666664,10816.0,80.86214317702954,1,4
apartamento,8000000,121.0,3,4,2,castropol,6.2208531745714,-75.56859759057,9,13.444444444444445,48917.86962109346,739745.95924104,40.333333333333336,14641.0,83.62630406810368,1,4
apartamento,3300000,60.0,2,1,0,florida nueva,6.251451015472412,-75.59000396728516,3,20.0,34915.907498248074,668791.9463087248,30.0,3600.0,59.68960463485137,0,0
apartamento,6800000,103.0,2,2,2,altos del poblado,6.2170406,-75.5560194,6,17.166666666666668,58495.7928802589,930019.3704600484,51.5,10609.0,100.0,1,4
apartamento,3200000,70.0,3,2,1,castropol,6.223451614379883,-75.56769561767578,6,11.666666666666666,48917.86962109346,739745.95924104,23.333333333333332,4900.0,83.62630406810368,1,1
apartamento,7000000,146.0,3,4,2,santa maria de los angeles,6.189276218414307,-75.58000946044922,9,16.22222222222222,47391.397443391514,760224.6376811594,48.666666666666664,21316.0,81.01676224887126,1,4
apartamento,5700000,137.0,3,3,2,los balsos no.2,6.195546627044678,-75.57054901123047,8,17.125,47300.9517913736,836162.823200559,45.666666666666664,18769.0,80.86214317702954,1,4
apartamento,4000000,116.0,3,2,1,las lomas no.2,6.208293437957764,-75.55877685546875,6,19.333333333333332,41861.648016276704,816005.6657223796,38.666666666666664,13456.0,71.56351928072442,1,1
apartamento,8700000,170.0,3,4,2,el tesoro,6.206271648406982,-75.55966186523438,9,18.88888888888889,46307.752975324685,855149.2240350179,56.666666666666664,28900.0,79.1642453160979,1,4
casa,7900000,220.0,3,4,3,los naranjos,6.194756984710693,-75.56208801269531,10,22.0,49565.6761295771,827000.8873114464,73.33333333333333,48400.0,84.733745264447,1,9
apartamento,5000000,100.0,2,2,2,el tesoro,6.203347682952881,-75.55573272705078,6,16.666666666666668,46307.752975324685,855149.2240350179,50.0,10000.0,79.1642453160979,1,4
apartamento,3700000,168.0,3,3,2,las lomas no.2,6.211649417877197,-75.55757904052734,8,21.0,41861.648016276704,816005.6657223796,56.0,28224.0,71.56351928072442,1,4
apartamento,2300000,69.0,2,2,1,la loma de los bernal,6.217977523803711,-75.602783203125,5,13.8,40721.08579809159,584155.2990556138,34.5,4761.0,69.61370005095546,1,1
casa,4400000,150.0,3,3,1,calasanz,6.260441303253174,-75.59859466552734,7,21.428571428571427,32548.10882548109,537043.795620438,50.0,22500.0,55.64179443145114,1,1
apartamento,3200000,50.0,1,2,1,patio bonito,6.209,-75.57617,4,12.5,43819.79935642627,741195.3041622199,50.0,2500.0,74.91102727015866,1,1
apartamento,3400000,120.0,3,2,1,rosales,6.237124919891357,-75.58821868896484,6,20.0,31678.50652568974,626633.9869281045,40.0,14400.0,54.15518786203267,1,1
apartamento,2600000,50.0,1,1,1,rosales,6.236356258392334,-75.59423828125,3,16.666666666666668,31678.50652568974,626633.9869281045,50.0,2500.0,54.15518786203267,1,1
apartamento,4500000,79.0,1,2,1,los naranjos,6.19466495513916,-75.56161499023438,4,19.75,49565.6761295771,827000.8873114464,79.0,6241.0,84.733745264447,1,1
apartamento,8500000,208.0,3,4,2,alejandria,6.200315952301025,-75.56929779052734,9,23.11111111111111,48842.610337435945,852482.6560951438,69.33333333333333,43264.0,83.49764646735697,1,4
apartamento,4000000,100.0,3,2,1,manila,6.21359920501709,-75.57714080810547,6,16.666666666666668,48813.76037959668,888129.4964028777,33.333333333333336,10000.0,83.44832675320535,1,1
apartamento,3300000,60.0,2,1,0,florida nueva,6.251410961151123,-75.5921401977539,3,20.0,34915.907498248074,668791.9463087248,30.0,3600.0,59.68960463485137,0,0
apartamento,8700000,145.0,3,2,1,san lucas,6.179790496826172,-75.56442260742188,6,24.166666666666668,47354.22828936933,904097.3871733967,48.333333333333336,21025.0,80.95322066375543,1,1
apartamento,9900000,245.0,3,4,2,astorga,6.209931373596191,-75.5731201171875,9,27.22222222222222,38915.5662264906,771825.3968253968,81.66666666666667,60025.0,66.52711983261925,1,4
apartamento,6200000,85.99,2,2,2,lalinde,6.2127313,-75.5699364,6,14.331666666666665,53427.21397778484,890320.987654321,42.995,7394.280099999999,91.33513941276176,1,4
apartamento,5650000,200.0,3,4,2,las lomas no.2,6.208159446716309,-75.55874633789062,9,22.22222222222222,41861.648016276704,816005.6657223796,66.66666666666667,40000.0,71.56351928072442,1,4
apartamento,6500000,114.0,2,3,2,lalinde,6.21292,-75.56922,7,16.285714285714285,53427.21397778484,890320.987654321,57.0,12996.0,91.33513941276176,1,4
apartamento,7500000,110.0,2,3,2,las palmas,6.23866,-75.56479,7,15.714285714285714,44135.83717530642,781094.527363184,55.0,12100.0,75.45130171267638,1,4
apartamento,5500000,150.0,3,3,2,san lucas,6.18704,-75.56633,8,18.75,47354.22828936933,904097.3871733967,50.0,22500.0,80.95322066375543,1,4
apartamento,7500000,168.0,3,3,2,los balsos no.2,6.19719,-75.56982,8,21.0,47300.9517913736,836162.823200559,56.0,28224.0,80.86214317702954,1,4
apartamento,5000000,85.0,2,2,2,altos del poblado,6.21725,-75.55566,6,14.166666666666666,58495.7928802589,930019.3704600484,42.5,7225.0,100.0,1,4
apartamento,1850000,65.0,3,2,0,la hondonada,6.2038,-75.60524,5,13.0,35058.243727598565,399234.693877551,21.666666666666668,4225.0,59.93293192787884,0,0
apartamento,4000000,100.0,3,2,2,asomadera no.1,6.22739,-75.56402,7,14.285714285714286,48571.57944764218,665557.1635311143,33.333333333333336,10000.0,83.03431247964855,1,4
apartamento,3500000,103.0,4,2,1,el diamante no.2,6.18211,-75.57564,7,14.714285714285714,43639.65496971377,774744.3419949707,25.75,10609.0,74.60306600005285,1,1
apartamento,3700000,90.0,3,3,1,asomadera no.1,6.225461483001709,-75.56105041503906,7,12.857142857142858,48571.57944764218,665557.1635311143,30.0,8100.0,83.03431247964855,1,1
apartamento,8700000,235.0,3,3,1,castropol,6.223520278930664,-75.5669937133789,7,33.57142857142857,48917.86962109346,739745.95924104,78.33333333333333,55225.0,83.62630406810368,1,1
apartamento,3900000,110.0,2,3,2,el tesoro,6.203347682952881,-75.55573272705078,7,15.714285714285714,46307.752975324685,855149.2240350179,55.0,12100.0,79.1642453160979,1,4
apartamento,2350000,60.0,2,2,0,la america,6.2525739669799805,-75.60213470458984,4,15.0,26048.171275646742,423188.40579710144,30.0,3600.0,44.529990949891804,0,0
apartamento,4800000,110.0,3,2,2,los balsos no.1,6.18696403503418,-75.5599594116211,7,15.714285714285714,48115.75526148983,871145.722446916,36.666666666666664,12100.0,82.2550697961868,1,4
apartamento,9500000,168.0,3,5,2,los balsos no.2,6.1939848,-75.5691221,10,16.8,47300.9517913736,836162.823200559,56.0,28224.0,80.86214317702954,1,4
apartamento,3650000,74.0,3,2,1,villa carlota,6.218216896057129,-75.57360076904297,6,12.333333333333334,54977.83356366141,748492.5201380898,24.666666666666668,5476.0,93.98596182156422,1,1
apartamento,3450000,53.0,1,2,1,el poblado,6.208394527435303,-75.56559753417969,4,13.25,51331.92389006342,930592.3344947735,53.0,2809.0,87.7531893535319,1,1
apartamento,3350000,84.0,3,2,1,el diamante no.2,6.1808037757873535,-75.5717544555664,6,14.0,43639.65496971377,774744.3419949707,28.0,7056.0,74.60306600005285,1,1
apartamento,7000000,133.0,2,2,2,san lucas,6.1833205511,-75.5647286809,6,22.166666666666668,47354.22828936933,904097.3871733967,66.5,17689.0,80.95322066375543,1,4
apartamento,6000000,87.0,2,3,2,castropol,6.220864,-75.5689994,7,12.428571428571429,48917.86962109346,739745.95924104,43.5,7569.0,83.62630406810368,1,4
apartamento,4900000,134.0,3,3,2,san lucas,6.1799445152282715,-75.56405639648438,8,16.75,47354.22828936933,904097.3871733967,44.666666666666664,17956.0,80.95322066375543,1,4
apartamento,3200000,65.0,1,2,1,altos del poblado,6.215446949005127,-75.55396270751953,4,16.25,58495.7928802589,930019.3704600484,65.0,4225.0,100.0,1,1
apartamento,3500000,77.0,2,2,1,los conquistadores,6.242353439331055,-75.58139038085938,5,15.4,30995.98034836981,625225.2252252252,38.5,5929.0,52.98839253588492,1,1
apartamento,7500000,180.0,3,3,2,san lucas,6.1867185268,-75.5676455047,8,22.5,47354.22828936933,904097.3871733967,60.0,32400.0,80.95322066375543,1,4
apartamento,4000000,76.0,2,2,1,los balsos no.1,6.186925888061523,-75.56139373779297,5,15.2,48115.75526148983,871145.722446916,38.0,5776.0,82.2550697961868,1,1
apartamento,2800000,98.0,3,2,2,san lucas,6.182790279388428,-75.56269073486328,7,14.0,47354.22828936933,904097.3871733967,32.666666666666664,9604.0,80.95322066375543,1,4
apartamento,2800000,52.0,1,2,1,santa maria de los angeles,6.190091133117676,-75.57907104492188,4,13.0,47391.397443391514,760224.6376811594,52.0,2704.0,81.01676224887126,1,1
apartamento,4850000,120.0,3,3,2,san lucas,6.179790496826172,-75.56442260742188,8,15.0,47354.22828936933,904097.3871733967,40.0,14400.0,80.95322066375543,1,4
apartamento,2750000,65.0,3,2,1,el rodeo,6.203530788421631,-75.593017578125,6,10.833333333333334,34192.43986254295,414583.3333333333,21.666666666666668,4225.0,58.452818876282265,1,1
apartamento,8000000,138.0,3,3,2,el tesoro,6.2029128,-75.5562535,8,17.25,46307.752975324685,855149.2240350179,46.0,19044.0,79.1642453160979,1,4
apartamento,5800000,120.0,2,4,1,laureles,6.2420549392700195,-75.59576416015625,7,17.142857142857142,37952.470484611345,680619.6840826245,60.0,14400.0,64.88068391909857,1,1
apartamento,3600000,100.0,3,3,1,santa maria de los angeles,6.189147472381592,-75.58257293701172,7,14.285714285714286,47391.397443391514,760224.6376811594,33.333333333333336,10000.0,81.01676224887126,1,1
apartamento,6000000,54.0,1,2,1,el tesoro,6.2029128,-75.5562535,4,13.5,46307.752975324685,855149.2240350179,54.0,2916.0,79.1642453160979,1,1
apartamento,6000000,85.0,2,2,1,altos del poblado,6.2143852,-75.5567748,5,17.0,58495.7928802589,930019.3704600484,42.5,7225.0,100.0,1,1
apartamento,7700000,145.0,4,3,2,alejandria,6.1985764503479,-75.57109069824219,9,16.11111111111111,48842.610337435945,852482.6560951438,36.25,21025.0,83.49764646735697,1,4
apartamento,1900000,60.0,3,2,0,belen rincon,6.21067,-75.60668,5,12.0,42767.5585284281,568333.3333333334,20.0,3600.0,73.11219563426286,0,0
apartamento,5000000,154.0,5,5,1,laureles,6.24343,-75.59585,11,14.0,37952.470484611345,680619.6840826245,30.8,23716.0,64.88068391909857,1,1
apartamento,2800000,85.0,3,2,0,san joaquin,6.2477422,-75.5875159,5,17.0,32753.58855757907,569436.2017804154,28.333333333333332,7225.0,55.9930670990746,0,0
apartamento,3400000,50.0,1,2,1,villa carlota,6.21993,-75.57311,4,12.5,54977.83356366141,748492.5201380898,50.0,2500.0,93.98596182156422,1,1
apartamento,6600000,226.0,3,4,3,lalinde,6.21357,-75.56701,10,22.6,53427.21397778484,890320.987654321,75.33333333333333,51076.0,91.33513941276176,1,9
apartamento,3900000,155.0,5,3,1,suramericana,6.25406,-75.58014,9,17.22222222222222,26951.114922813034,661578.947368421,31.0,24025.0,46.07359537459739,1,1
apartamento,1650000,68.0,3,2,1,la hondonada,6.20373,-75.60529,6,11.333333333333334,35058.243727598565,399234.693877551,22.666666666666668,4624.0,59.93293192787884,1,1
apartamento,5500000,100.0,2,3,2,las lomas no.1,6.21077,-75.56145,7,14.285714285714286,42753.43481316735,816268.3823529412,50.0,10000.0,73.08805079483885,1,4
apartamento,4600000,76.0,2,3,1,castropol,6.2209,-75.56886,6,12.666666666666666,48917.86962109346,739745.95924104,38.0,5776.0,83.62630406810368,1,1
apartamento,3000000,75.0,3,2,1,la loma de los bernal,6.219013690948486,-75.60345458984375,6,12.5,40721.08579809159,584155.2990556138,25.0,5625.0,69.61370005095546,1,1
apartamento,4750000,132.0,3,2,2,santa maria de los angeles,6.189764022827148,-75.57858276367188,7,18.857142857142858,47391.397443391514,760224.6376811594,44.0,17424.0,81.01676224887126,1,4
casa,4100000,140.0,3,3,1,la loma de los bernal,6.217579364776611,-75.60416412353516,7,20.0,40721.08579809159,584155.2990556138,46.666666666666664,19600.0,69.61370005095546,1,1
apartamento,4200000,70.0,1,2,1,san lucas,6.179840087890625,-75.56393432617188,4,17.5,47354.22828936933,904097.3871733967,70.0,4900.0,80.95322066375543,1,1
apartamento,6000000,120.0,3,2,2,alejandria,6.2002094709,-75.5658960048,7,17.142857142857142,48842.610337435945,852482.6560951438,40.0,14400.0,83.49764646735697,1,4
apartamento,5700000,80.0,1,2,1,san lucas,6.179964065551758,-75.56400299072266,4,20.0,47354.22828936933,904097.3871733967,80.0,6400.0,80.95322066375543,1,1
apartamento,4100000,90.0,3,2,1,san joaquin,6.246667385101318,-75.58586120605469,6,15.0,32753.58855757907,569436.2017804154,30.0,8100.0,55.9930670990746,1,1
apartamento,6500000,60.0,3,2,1,san jose del manzanillo,6.1986898,-75.6060497,6,10.0,47112.462006079026,534482.7586206896,20.0,3600.0,80.53991524231222,1,1
casa,7000000,261.0,3,4,2,patio bonito,6.2067963,-75.5716306,9,29.0,43819.79935642627,741195.3041622199,87.0,68121.0,74.91102727015866,1,4
apartamento,4650000,104.0,2,2,1,la aguacatala,6.198534965515137,-75.57560729980469,5,20.8,51442.75043487159,795490.506329114,52.0,10816.0,87.9426500640398,1,1
apartamento,5500000,138.0,3,3,2,los balsos no.2,6.194524765014648,-75.56732177734375,8,17.25,47300.9517913736,836162.823200559,46.0,19044.0,80.86214317702954,1,4
apartamento,3150000,53.0,1,1,1,alejandria,6.200739860534668,-75.56987762451172,3,17.666666666666668,48842.610337435945,852482.6560951438,53.0,2809.0,83.49764646735697,1,1
apartamento,6300000,79.0,1,2,1,villa carlota,6.224460601806641,-75.5741195678711,4,19.75,54977.83356366141,748492.5201380898,79.0,6241.0,93.98596182156422,1,1
apartamento,6800000,160.0,4,4,0,santa maria de los angeles,6.19374461,-75.58033743,8,20.0,47391.397443391514,760224.6376811594,40.0,25600.0,81.01676224887126,0,0
apartamento,5700000,145.0,4,3,2,alejandria,6.1985764503479,-75.57109069824219,9,16.11111111111111,48842.610337435945,852482.6560951438,36.25,21025.0,83.49764646735697,1,4
apartamento,5400000,58.0,1,2,1,los balsos no.1,6.1908302,-75.5631712,4,14.5,48115.75526148983,871145.722446916,58.0,3364.0,82.2550697961868,1,1
apartamento,6700000,124.0,3,3,2,los balsos no.1,6.186925888061523,-75.56139373779297,8,15.5,48115.75526148983,871145.722446916,41.333333333333336,15376.0,82.2550697961868,1,4
apartamento,8600000,260.0,3,4,4,laureles,6.242308139801025,-75.59518432617188,11,23.636363636363637,37952.470484611345,680619.6840826245,86.66666666666667,67600.0,64.88068391909857,1,16
apartamento,3700000,78.0,2,2,1,san lucas,6.180576801300049,-75.56585693359375,5,15.6,47354.22828936933,904097.3871733967,39.0,6084.0,80.95322066375543,1,1
apartamento,7700000,128.0,3,3,2,el poblado,6.211043362,-75.57012502,8,16.0,51331.92389006342,930592.3344947735,42.666666666666664,16384.0,87.7531893535319,1,4
apartamento,7800000,170.0,4,4,1,san lucas,6.18103502,-75.5687978,9,18.88888888888889,47354.22828936933,904097.3871733967,42.5,28900.0,80.95322066375543,1,1
apartamento,4400000,139.0,3,2,1,la castellana,6.240267276763916,-75.60710144042969,6,23.166666666666668,32305.993690851734,627000.0,46.333333333333336,19321.0,55.22789264004374,1,1
apartamento,3700000,74.0,3,2,1,santa fe,6.220670700073242,-75.58153533935547,6,12.333333333333334,48109.58350181965,701917.4041297935,24.666666666666668,5476.0,82.24451902088094,1,1
apartamento,6600000,162.0,3,3,1,laureles,6.242016792297363,-75.59490966796875,7,23.142857142857142,37952.470484611345,680619.6840826245,54.0,26244.0,64.88068391909857,1,1
apartamento,3450000,60.0,2,1,1,santa maria de los angeles,6.1895365715026855,-75.5792007446289,4,15.0,47391.397443391514,760224.6376811594,30.0,3600.0,81.01676224887126,1,1
apartamento,2900000,60.0,2,2,1,asomadera no.1,6.226457595825195,-75.56455993652344,5,12.0,48571.57944764218,665557.1635311143,30.0,3600.0,83.03431247964855,1,1
apartamento,2800000,62.0,1,1,1,rosales,6.235631465911865,-75.5942611694336,3,20.666666666666668,31678.50652568974,626633.9869281045,62.0,3844.0,54.15518786203267,1,1
apartamento,4900000,70.0,1,2,1,las lomas no.1,6.20903205871582,-75.56535339355469,4,17.5,42753.43481316735,816268.3823529412,70.0,4900.0,73.08805079483885,1,1
apartamento,6200000,95.0,2,2,1,la florida,6.2065749168396,-75.56478118896484,5,19.0,45025.656955191065,832086.513994911,47.5,9025.0,76.97247056272704,1,1
apartamento,6500000,87.97,2,2,1,los naranjos,6.19761757,-75.55709591,5,17.594,49565.6761295771,827000.8873114464,43.985,7738.720899999999,84.733745264447,1,1
apartamento,3800000,100.0,3,3,1,santa maria de los angeles,6.18814,-75.5819,7,14.285714285714286,47391.397443391514,760224.6376811594,33.333333333333336,10000.0,81.01676224887126,1,1
apartamento,2300000,60.0,3,2,0,la loma de los bernal,6.21868,-75.60917,5,12.0,40721.08579809159,584155.2990556138,20.0,3600.0,69.61370005095546,0,0
apartamento,3500000,165.0,3,2,1,la candelaria,6.24818,-75.56297,6,27.5,33260.86956521739,689189.1891891892,55.0,27225.0,56.86027648740912,1,1
apartamento,6000000,121.0,3,2,1,rosales,6.23896854,-75.5898321,6,20.166666666666668,31678.50652568974,626633.9869281045,40.333333333333336,14641.0,54.15518786203267,1,1
casa,3500000,140.0,3,2,0,laureles,6.24578,-75.59413,5,28.0,37952.470484611345,680619.6840826245,46.666666666666664,19600.0,64.88068391909857,0,0
apartamento,6600000,110.0,2,2,2,san lucas,6.18066,-75.56244,6,18.333333333333332,47354.22828936933,904097.3871733967,55.0,12100.0,80.95322066375543,1,4
casa,4200000,190.0,4,2,0,belen,6.23499,-75.59435,6,31.666666666666668,34214.434214434215,771428.5714285715,47.5,36100.0,58.49041876305752,0,0
apartamento,3900000,101.0,3,2,1,la candelaria,6.2476376,-75.5658153,6,16.833333333333332,33260.86956521739,689189.1891891892,33.666666666666664,10201.0,56.86027648740912,1,1
apartamento,3350000,65.0,1,2,1,villa carlota,6.218269348144531,-75.57412719726562,4,16.25,54977.83356366141,748492.5201380898,65.0,4225.0,93.98596182156422,1,1
apartamento,4100000,68.0,2,2,1,los naranjos,6.1956586837768555,-75.56539916992188,5,13.6,49565.6761295771,827000.8873114464,34.0,4624.0,84.733745264447,1,1
apartamento,5200000,105.0,1,2,2,san lucas,6.179832458496094,-75.56441497802734,5,21.0,47354.22828936933,904097.3871733967,105.0,11025.0,80.95322066375543,1,4
apartamento,3500000,178.0,3,2,0,la castellana,6.24237,-75.60579,5,35.6,32305.993690851734,627000.0,59.333333333333336,31684.0,55.22789264004374,0,0
apartamento,3000000,73.0,3,2,1,san joaquin,6.247093677520752,-75.58495330810547,6,12.166666666666666,32753.58855757907,569436.2017804154,24.333333333333332,5329.0,55.9930670990746,1,1
casa,7000000,230.0,4,3,1,el nogal-los almendros,6.238067150115967,-75.59938049316406,8,28.75,31931.988041853514,623722.6277372263,57.5,52900.0,54.5885207628836,1,1
apartamento,4350000,85.0,3,2,1,villa carlota,6.218216896057129,-75.57360076904297,6,14.166666666666666,54977.83356366141,748492.5201380898,28.333333333333332,7225.0,93.98596182156422,1,1
apartamento,6800000,108.0,3,3,2,castropol,6.216162204742432,-75.56681823730469,8,13.5,48917.86962109346,739745.95924104,36.0,11664.0,83.62630406810368,1,4
apartamento,3300000,60.0,2,1,0,florida nueva,6.250784873962402,-75.5907211303711,3,20.0,34915.907498248074,668791.9463087248,30.0,3600.0,59.68960463485137,0,0
apartamento,4800000,86.0,3,2,1,villa carlota,6.22306,-75.5745,6,14.333333333333334,54977.83356366141,748492.5201380898,28.666666666666668,7396.0,93.98596182156422,1,1
apartamento,3300000,60.0,2,1,0,florida nueva,6.2513556480407715,-75.59002685546875,3,20.0,34915.907498248074,668791.9463087248,30.0,3600.0,59.68960463485137,0,0
apartamento,2650000,78.0,2,2,1,la hondonada,6.202782154083252,-75.60188293457031,5,15.6,35058.243727598565,399234.693877551,39.0,6084.0,59.93293192787884,1,1
apartamento,3800000,125.0,3,2,2,las acacias,6.241321563720703,-75.59928894042969,7,17.857142857142858,34935.06493506493,672500.0,41.666666666666664,15625.0,59.7223547453697,1,4
apartamento,8100000,160.0,3,4,2,castropol,6.216109752655029,-75.56694793701172,9,17.77777777777778,48917.86962109346,739745.95924104,53.333333333333336,25600.0,83.62630406810368,1,4
casa,8800000,234.0,5,5,2,la candelaria,6.2476376,-75.5658153,12,19.5,33260.86956521739,689189.1891891892,46.8,54756.0,56.86027648740912,1,4
apartamento,8700000,130.0,3,4,2,lalinde,6.212959289550781,-75.56752014160156,9,14.444444444444445,53427.21397778484,890320.987654321,43.333333333333336,16900.0,91.33513941276176,1,4
apartamento,7000000,149.0,3,4,3,castropol,6.216162204742432,-75.56681823730469,10,14.9,48917.86962109346,739745.95924104,49.666666666666664,22201.0,83.62630406810368,1,9
apartamento,5950000,114.0,2,3,2,santa maria de los angeles,6.190048694610596,-75.5793685913086,7,16.285714285714285,47391.397443391514,760224.6376811594,57.0,12996.0,81.01676224887126,1,4
apartamento,5350000,86.0,2,2,2,el castillo,6.191030025482178,-75.57405090332031,6,14.333333333333334,56343.83279364145,907109.0047393364,43.0,7396.0,96.32117118059666,1,4
apartamento,6500000,137.0,3,4,2,alejandria,6.20014762878418,-75.57012939453125,9,15.222222222222221,48842.610337435945,852482.6560951438,45.666666666666664,18769.0,83.49764646735697,1,4
apartamento,4300000,103.0,3,3,1,castropol,6.215636253356934,-75.56621551513672,7,14.714285714285714,48917.86962109346,739745.95924104,34.333333333333336,10609.0,83.62630406810368,1,1
apartamento,5200000,64.0,2,2,1,asomadera no.2,6.2180392,-75.56136404,5,12.8,51821.74887892377,772562.6740947075,32.0,4096.0,88.59055724742987,1,1
apartamento,4500000,150.0,3,4,2,laureles,6.24171,-75.59821,9,16.666666666666668,37952.470484611345,680619.6840826245,50.0,22500.0,64.88068391909857,1,4
apartamento,9000000,156.0,3,3,2,los balsos no.1,6.19107,-75.56424,8,19.5,48115.75526148983,871145.722446916,52.0,24336.0,82.2550697961868,1,4
apartamento,5500000,150.0,3,3,2,alejandria,6.20153,-75.56736,8,18.75,48842.610337435945,852482.6560951438,50.0,22500.0,83.49764646735697,1,4
apartamento,3000000,92.0,3,2,1,la loma de los bernal,6.22035,-75.60273,6,15.333333333333334,40721.08579809159,584155.2990556138,30.666666666666668,8464.0,69.61370005095546,1,1
apartamento,3500000,106.0,3,3,1,la palma,6.22872,-75.6031,7,15.142857142857142,30263.43970871707,611688.3116883116,35.333333333333336,11236.0,51.73609625339456,1,1
apartamento,2400000,52.0,2,2,1,la loma de los bernal,6.21707,-75.60212,5,10.4,40721.08579809159,584155.2990556138,26.0,2704.0,69.61370005095546,1,1
casa,5500000,160.0,4,5,0,la aguacatala,6.20033,-75.57607,9,17.77777777777778,51442.75043487159,795490.506329114,40.0,25600.0,87.9426500640398,0,0
apartamento,7700000,68.0,1,2,1,san lucas,6.18319,-75.56622,4,17.0,47354.22828936933,904097.3871733967,68.0,4624.0,80.95322066375543,1,1
casa,3500000,160.0,4,2,0,san cristobal,6.2697324,-75.6025597,6,26.666666666666668,38232.46878001921,545205.4794520548,40.0,25600.0,65.35934790777384,0,0
apartamento,3600000,90.0,2,3,3,el tesoro,6.2009,-75.55861,8,11.25,46307.752975324685,855149.2240350179,45.0,8100.0,79.1642453160979,1,9
apartamento,2900000,100.0,5,3,1,la america,6.25276812,-75.60218511,9,11.11111111111111,26048.171275646742,423188.40579710144,20.0,10000.0,44.529990949891804,1,1
apartamento,6400000,200.0,4,3,2,los balsos no.1,6.190079212188721,-75.56366729736328,9,22.22222222222222,48115.75526148983,871145.722446916,50.0,40000.0,82.2550697961868,1,4
apartamento,7700000,170.0,3,3,2,el tesoro,6.205365180969238,-75.55542755126953,8,21.25,46307.752975324685,855149.2240350179,56.666666666666664,28900.0,79.1642453160979,1,4
apartamento,3150000,105.0,3,2,2,las lomas no.1,6.210258483886719,-75.56473541259766,7,15.0,42753.43481316735,816268.3823529412,35.0,11025.0,73.08805079483885,1,4
apartamento,7600000,120.0,3,3,2,el tesoro,6.204051494598389,-75.55583953857422,8,15.0,46307.752975324685,855149.2240350179,40.0,14400.0,79.1642453160979,1,4
apartamento,3000000,70.0,3,2,1,alejandria,6.199944019317627,-75.57036590576172,6,11.666666666666666,48842.610337435945,852482.6560951438,23.333333333333332,4900.0,83.49764646735697,1,1
apartamento,2800000,60.0,2,2,1,los conquistadores,6.242410659790039,-75.58174896240234,5,12.0,30995.98034836981,625225.2252252252,30.0,3600.0,52.98839253588492,1,1
apartamento,6800000,172.0,3,3,3,los balsos no.2,6.195840358734131,-75.57015991210938,9,19.11111111111111,47300.9517913736,836162.823200559,57.333333333333336,29584.0,80.86214317702954,1,9
apartamento,2750000,67.0,3,2,1,la mota,6.209683418273926,-75.5986099243164,6,11.166666666666666,31054.252952250557,508263.3053221289,22.333333333333332,4489.0,53.08801098878807,1,1
apartamento,4600000,136.0,2,3,2,santa maria de los angeles,6.188520908355713,-75.57913208007812,7,19.428571428571427,47391.397443391514,760224.6376811594,68.0,18496.0,81.01676224887126,1,4
apartamento,6000000,129.0,3,2,2,el castillo,6.187652111053467,-75.57444763183594,7,18.428571428571427,56343.83279364145,907109.0047393364,43.0,16641.0,96.32117118059666,1,4
apartamento,3400000,65.0,3,2,1,san diego,6.233372688293457,-75.5699462890625,6,10.833333333333334,47227.322103995706,654899.8185117968,21.666666666666668,4225.0,80.73627141129654,1,1
apartamento,4500000,90.0,3,3,2,asomadera no.1,6.228872299194336,-75.56610870361328,8,11.25,48571.57944764218,665557.1635311143,30.0,8100.0,83.03431247964855,1,4
apartamento,3800000,77.0,3,2,1,san diego,6.233372688293457,-75.5699462890625,6,12.833333333333334,47227.322103995706,654899.8185117968,25.666666666666668,5929.0,80.73627141129654,1,1
apartamento,5100000,87.0,3,3,1,castropol,6.2206268310546875,-75.56832885742188,7,12.428571428571429,48917.86962109346,739745.95924104,29.0,7569.0,83.62630406810368,1,1
apartamento,2100000,98.0,3,2,2,patio bonito,6.205712795257568,-75.57516479492188,7,14.0,43819.79935642627,741195.3041622199,32.666666666666664,9604.0,74.91102727015866,1,4
apartamento,3000000,176.0,4,3,0,san joaquin,6.247062683105469,-75.58507537841797,7,25.142857142857142,32753.58855757907,569436.2017804154,44.0,30976.0,55.9930670990746,0,0
apartamento,4000000,115.0,3,3,1,asomadera no.1,6.230109691619873,-75.56379699707031,7,16.428571428571427,48571.57944764218,665557.1635311143,38.333333333333336,13225.0,83.03431247964855,1,1
apartamento,9300000,170.0,3,3,2,el tesoro,6.204042434692383,-75.55559539794922,8,21.25,46307.752975324685,855149.2240350179,56.666666666666664,28900.0,79.1642453160979,1,4
apartamento,7800000,190.0,3,3,2,san lucas,6.180607795715332,-75.56562042236328,8,23.75,47354.22828936933,904097.3871733967,63.333333333333336,36100.0,80.95322066375543,1,4
apartamento,7200000,160.0,3,3,2,las lomas no.1,6.210911273956299,-75.56095886230469,8,20.0,42753.43481316735,816268.3823529412,53.333333333333336,25600.0,73.08805079483885,1,4
apartamento,5800000,113.0,2,2,1,laureles,6.242885112762451,-75.5961685180664,5,22.6,37952.470484611345,680619.6840826245,56.5,12769.0,64.88068391909857,1,1
apartamento,9300000,70.0,2,2,2,el diamante no.2,6.186291694641113,-75.5773696899414,6,11.666666666666666,43639.65496971377,774744.3419949707,35.0,4900.0,74.60306600005285,1,4
apartamento,3600000,78.0,2,2,1,los balsos no.1,6.189791202545166,-75.56267547607422,5,15.6,48115.75526148983,871145.722446916,39.0,6084.0,82.2550697961868,1,1
apartamento,5000000,129.0,3,2,2,el castillo,6.187652111053467,-75.57444763183594,7,18.428571428571427,56343.83279364145,907109.0047393364,43.0,16641.0,96.32117118059666,1,4
apartamento,3350000,57.0,1,2,1,patio bonito,6.206687927246094,-75.57559204101562,4,14.25,43819.79935642627,741195.3041622199,57.0,3249.0,74.91102727015866,1,1
apartamento,6800000,140.0,3,4,2,los balsos no.1,6.19309,-75.5613,9,15.555555555555555,48115.75526148983,871145.722446916,46.666666666666664,19600.0,82.2550697961868,1,4
apartamento,4500000,160.0,3,4,1,bolivariana,6.24769,-75.58825,8,20.0,37400.24554941682,658648.6486486486,53.333333333333336,25600.0,63.936641778623724,1,1
apartamento,5300000,95.0,2,3,1,los balsos no.1,6.1932,-75.56233,6,15.833333333333334,48115.75526148983,871145.722446916,47.5,9025.0,82.2550697961868,1,1
apartamento,5200000,120.0,3,2,1,san lucas,6.17839725,-75.56747523,6,20.0,47354.22828936933,904097.3871733967,40.0,14400.0,80.95322066375543,1,1
apartamento,2400000,60.0,3,2,0,calasanz,6.26388,-75.59981,5,12.0,32548.10882548109,537043.795620438,20.0,3600.0,55.64179443145114,0,0
casa,2000000,70.0,3,2,0,sucre,6.24636286,-75.55398526666,5,14.0,1213.733075435203,836666.6666666666,23.333333333333332,4900.0,2.0749066140871344,0,0
apartamento,7000000,125.0,3,2,1,san lucas,6.17908,-75.56258,6,20.833333333333332,47354.22828936933,904097.3871733967,41.666666666666664,15625.0,80.95322066375543,1,1
apartamento,7000000,136.0,3,3,2,los naranjos,6.19293,-75.56063,8,17.0,49565.6761295771,827000.8873114464,45.333333333333336,18496.0,84.733745264447,1,4
apartamento,5000000,90.0,3,3,2,villa carlota,6.22359,-75.57273,8,11.25,54977.83356366141,748492.5201380898,30.0,8100.0,93.98596182156422,1,4
apartamento,2700000,113.0,3,2,2,los balsos no.1,6.189282417297363,-75.56141662597656,7,16.142857142857142,48115.75526148983,871145.722446916,37.666666666666664,12769.0,82.2550697961868,1,4
apartamento,5600000,250.0,3,3,2,laureles,6.244509696960449,-75.59467315673828,8,31.25,37952.470484611345,680619.6840826245,83.33333333333333,62500.0,64.88068391909857,1,4
apartamento,2650000,53.0,1,1,1,la florida,6.205738544464111,-75.56405639648438,3,17.666666666666668,45025.656955191065,832086.513994911,53.0,2809.0,76.97247056272704,1,1
apartamento,3300000,83.0,2,2,1,carlos e. restrepo,6.256511688232422,-75.57665252685547,5,16.6,32596.68508287293,561904.7619047619,41.5,6889.0,55.72483674099171,1,1
apartamento,3600000,98.0,3,2,1,lorena,6.249390602111816,-75.60043334960938,6,16.333333333333332,35721.295387634935,652329.7491039427,32.666666666666664,9604.0,61.06643508663359,1,1
apartamento,7000000,78.0,3,2,1,santa maria de los angeles,6.18994522,-75.58078308,6,13.0,47391.397443391514,760224.6376811594,26.0,6084.0,81.01676224887126,1,1
apartamento,3750000,93.0,3,2,1,la loma de los bernal,6.2178120613098145,-75.60408020019531,6,15.5,40721.08579809159,584155.2990556138,31.0,8649.0,69.61370005095546,1,1
apartamento,3300000,100.0,3,2,1,lorena,6.248704433441162,-75.59989929199219,6,16.666666666666668,35721.295387634935,652329.7491039427,33.333333333333336,10000.0,61.06643508663359,1,1
apartamento,5000000,150.0,3,3,2,castropol,6.216109752655029,-75.56694793701172,8,18.75,48917.86962109346,739745.95924104,50.0,22500.0,83.62630406810368,1,4
apartamento,5400000,150.0,3,3,2,san lucas,6.181174278259277,-75.56898498535156,8,18.75,47354.22828936933,904097.3871733967,50.0,22500.0,80.95322066375543,1,4
apartamento,5200000,100.0,2,2,1,la loma de los bernal,6.217579364776611,-75.60416412353516,5,20.0,40721.08579809159,584155.2990556138,50.0,10000.0,69.61370005095546,1,1
apartamento,8200000,145.0,3,3,2,los balsos no.2,6.1955952644348145,-75.56988525390625,8,18.125,47300.9517913736,836162.823200559,48.333333333333336,21025.0,80.86214317702954,1,4
apartamento,6200000,89.0,2,3,2,los balsos no.2,6.19558048248291,-75.56987762451172,7,12.714285714285714,47300.9517913736,836162.823200559,44.5,7921.0,80.86214317702954,1,4
apartamento,4650000,54.0,1,2,1,patio bonito,6.20618200302124,-75.57391357421875,4,13.5,43819.79935642627,741195.3041622199,54.0,2916.0,74.91102727015866,1,1
apartamento,5300000,155.0,3,3,2,los balsos no.2,6.194789886474609,-75.56903839111328,8,19.375,47300.9517913736,836162.823200559,51.666666666666664,24025.0,80.86214317702954,1,4
apartamento,3500000,93.0,3,1,1,san diego,6.230391,-75.567689,5,18.6,47227.322103995706,654899.8185117968,31.0,8649.0,80.73627141129654,1,1
apartamento,3300000,80.0,2,3,2,laureles,6.242758750915527,-75.59607696533203,7,11.428571428571429,37952.470484611345,680619.6840826245,40.0,6400.0,64.88068391909857,1,4
apartamento,9100000,167.0,3,4,3,el diamante no.2,6.183346271514893,-75.57118225097656,10,16.7,43639.65496971377,774744.3419949707,55.666666666666664,27889.0,74.60306600005285,1,9
apartamento,6150000,130.0,3,2,2,el diamante no.2,6.187390327453613,-75.5766372680664,7,18.571428571428573,43639.65496971377,774744.3419949707,43.333333333333336,16900.0,74.60306600005285,1,4
apartamento,8600000,220.0,3,4,2,los naranjos,6.197387218475342,-75.5653076171875,9,24.444444444444443,49565.6761295771,827000.8873114464,73.33333333333333,48400.0,84.733745264447,1,4
apartamento,3350000,67.0,2,2,1,los conquistadores,6.241839408874512,-75.58187103271484,5,13.4,30995.98034836981,625225.2252252252,33.5,4489.0,52.98839253588492,1,1
apartamento,5700000,58.0,1,2,1,el diamante no.2,6.182455539703369,-75.57171630859375,4,14.5,43639.65496971377,774744.3419949707,58.0,3364.0,74.60306600005285,1,1
apartamento,6700000,145.0,3,3,2,alejandria,6.1985764503479,-75.57109069824219,8,18.125,48842.610337435945,852482.6560951438,48.333333333333336,21025.0,83.49764646735697,1,4
apartamento,5650000,90.0,2,3,2,los balsos no.1,6.186979293823242,-75.5619888305664,7,12.857142857142858,48115.75526148983,871145.722446916,45.0,8100.0,82.2550697961868,1,4
apartamento,4200000,85.0,2,2,2,lalinde,6.213160514831543,-75.56800079345703,6,14.166666666666666,53427.21397778484,890320.987654321,42.5,7225.0,91.33513941276176,1,4
apartamento,4250000,85.0,2,3,2,villa carlota,6.21825647354126,-75.57398986816406,7,12.142857142857142,54977.83356366141,748492.5201380898,42.5,7225.0,93.98596182156422,1,4
apartamento,8500000,108.0,3,3,2,asomadera no.3,6.21744,-75.55636,8,13.5,56742.24343675418,834210.5263157894,36.0,11664.0,97.0022639968412,1,4
apartamento,3500000,122.0,4,3,1,estadio,6.25913,-75.59501,8,15.25,28935.940737376888,589306.3583815029,30.5,14884.0,49.466704035636994,1,1
apartamento,4500000,155.0,3,2,1,suramericana,6.25358,-75.58111,6,25.833333333333332,26951.114922813034,661578.947368421,51.666666666666664,24025.0,46.07359537459739,1,1
apartamento,4200000,58.0,1,1,1,patio bonito,6.202912,-75.575483,3,19.333333333333332,43819.79935642627,741195.3041622199,58.0,3364.0,74.91102727015866,1,1
casa,3000000,180.0,4,3,0,los colores,6.26781,-75.5947,7,25.714285714285715,34639.764996907856,599064.1711229946,45.0,32400.0,59.21753222118996,0,0
apartamento,2700000,80.0,2,2,0,calasanz parte alta,6.2683081618,-75.6028279068,4,20.0,33556.33802816901,458173.07692307694,40.0,6400.0,57.36538710887971,0,0
apartamento,6500000,111.0,2,3,2,alejandria,6.19966,-75.56736,7,15.857142857142858,48842.610337435945,852482.6560951438,55.5,12321.0,83.49764646735697,1,4
apartamento,5500000,111.0,3,2,1,el tesoro,6.20609,-75.55915,6,18.5,46307.752975324685,855149.2240350179,37.0,12321.0,79.1642453160979,1,1
apartamento,4300000,130.0,3,3,1,castropol,6.223326206207275,-75.56778717041016,7,18.571428571428573,48917.86962109346,739745.95924104,43.333333333333336,16900.0,83.62630406810368,1,1
apartamento,5200000,146.0,3,3,2,la florida,6.2049384117126465,-75.56314849853516,8,18.25,45025.656955191065,832086.513994911,48.666666666666664,21316.0,76.97247056272704,1,4
apartamento,3300000,100.0,3,3,1,la gloria,6.22066486,-75.60225263,7,14.285714285714286,34291.07710077967,552325.5813953489,33.333333333333336,10000.0,58.62144166670863,1,1
casa,4500000,230.0,3,2,1,estadio,6.2593584060668945,-75.59188842773438,6,38.333333333333336,28935.940737376888,589306.3583815029,76.66666666666667,52900.0,49.466704035636994,1,1
apartamento,3100000,55.0,1,1,1,altos del poblado,6.214498519897461,-75.55554962158203,3,18.333333333333332,58495.7928802589,930019.3704600484,55.0,3025.0,100.0,1,1
apartamento,8100000,136.0,3,3,2,santa maria de los angeles,6.188480377197266,-75.58077239990234,8,17.0,47391.397443391514,760224.6376811594,45.333333333333336,18496.0,81.01676224887126,1,4
apartamento,4500000,106.0,2,2,1,los balsos no.2,6.19393889,-75.57197206,5,21.2,47300.9517913736,836162.823200559,53.0,11236.0,80.86214317702954,1,1
apartamento,5700000,170.0,3,4,2,santa maria de los angeles,6.190206050872803,-75.57931518554688,9,18.88888888888889,47391.397443391514,760224.6376811594,56.666666666666664,28900.0,81.01676224887126,1,4
apartamento,3600000,89.0,2,2,1,laureles,6.242131233215332,-75.59481811523438,5,17.8,37952.470484611345,680619.6840826245,44.5,7921.0,64.88068391909857,1,1
apartamento,3500000,93.0,3,2,1,fatima,6.233886241912842,-75.5849838256836,6,15.5,31102.18652387327,606086.9565217391,31.0,8649.0,53.16995461116248,1,1
apartamento,2650000,68.0,3,2,1,la loma de los bernal,6.217579364776611,-75.60416412353516,6,11.333333333333334,40721.08579809159,584155.2990556138,22.666666666666668,4624.0,69.61370005095546,1,1
apartamento,3700000,87.0,2,2,1,castropol,6.219616413116455,-75.56819152832031,5,17.4,48917.86962109346,739745.95924104,43.5,7569.0,83.62630406810368,1,1
apartamento,7700000,105.0,2,2,1,rosales,6.23567008972168,-75.59065246582031,5,21.0,31678.50652568974,626633.9869281045,52.5,11025.0,54.15518786203267,1,1
apartamento,7200000,170.0,3,3,2,los naranjos,6.1951751708984375,-75.55643463134766,8,21.25,49565.6761295771,827000.8873114464,56.666666666666664,28900.0,84.733745264447,1,4
apartamento,4700000,60.0,1,2,1,patio bonito,6.2033491134643555,-75.573974609375,4,15.0,43819.79935642627,741195.3041622199,60.0,3600.0,74.91102727015866,1,1
apartamento,2600000,90.0,3,4,0,ferrini,6.266234385,-75.596984715,7,12.857142857142858,34752.10477081384,530714.2857142857,30.0,8100.0,59.40957983414555,0,0
apartamento,2900000,84.0,3,2,1,la floresta,6.256298542022705,-75.60118103027344,6,14.0,27946.058091286308,552049.1803278689,28.0,7056.0,47.77447524900123,1,1
apartamento,7800000,96.0,2,2,2,altos del poblado,6.213791370391846,-75.55433654785156,6,16.0,58495.7928802589,930019.3704600484,48.0,9216.0,100.0,1,4
apartamento,4700000,230.0,3,3,2,el tesoro,6.204051494598389,-75.55583953857422,8,28.75,46307.752975324685,855149.2240350179,76.66666666666667,52900.0,79.1642453160979,1,4
casa,4600000,100.0,3,2,1,castropol,6.223726272583008,-75.5662612915039,6,16.666666666666668,48917.86962109346,739745.95924104,33.333333333333336,10000.0,83.62630406810368,1,1
apartamento,3900000,110.0,3,3,1,asomadera no.1,6.227219104766846,-75.56226348876953,7,15.714285714285714,48571.57944764218,665557.1635311143,36.666666666666664,12100.0,83.03431247964855,1,1
apartamento,7200000,180.0,3,3,2,los balsos no.1,6.19008,-75.56711,8,22.5,48115.75526148983,871145.722446916,60.0,32400.0,82.2550697961868,1,4
apartamento,8000000,260.0,4,5,3,manila,6.2113,-75.57174,12,21.666666666666668,48813.76037959668,888129.4964028777,65.0,67600.0,83.44832675320535,1,9
apartamento,4800000,102.0,3,3,1,el diamante no.2,6.18275692,-75.57183774,7,14.571428571428571,43639.65496971377,774744.3419949707,34.0,10404.0,74.60306600005285,1,1
apartamento,6000000,178.3,3,3,2,san lucas,6.17994,-75.56948,8,22.2875,47354.22828936933,904097.3871733967,59.43333333333334,31790.890000000003,80.95322066375543,1,4
apartamento,7500000,98.0,2,3,2,las palmas,6.238662,-75.564787,7,14.0,44135.83717530642,781094.527363184,49.0,9604.0,75.45130171267638,1,4
apartamento,5300000,100.0,2,3,2,lalinde,6.2123082,-75.5668971,7,14.285714285714286,53427.21397778484,890320.987654321,50.0,10000.0,91.33513941276176,1,4
apartamento,3000000,85.0,3,2,0,santa monica,6.24918,-75.61419,5,17.0,33578.94736842105,543750.0,28.333333333333332,7225.0,57.40403833341875,0,0
apartamento,3800000,100.0,3,3,2,calasanz,6.2621396,-75.5992094,8,12.5,32548.10882548109,537043.795620438,33.333333333333336,10000.0,55.64179443145114,1,4
casa,3500000,100.0,4,2,0,la castellana,6.2401142,-75.60479867,6,16.666666666666668,32305.993690851734,627000.0,25.0,10000.0,55.22789264004374,0,0
apartamento,3350000,72.0,3,2,1,astorga,6.210765838623047,-75.57347106933594,6,12.0,38915.5662264906,771825.3968253968,24.0,5184.0,66.52711983261925,1,1
apartamento,3450000,70.0,2,2,1,santa maria de los angeles,6.188781261444092,-75.57971954345703,5,14.0,47391.397443391514,760224.6376811594,35.0,4900.0,81.01676224887126,1,1
apartamento,3700000,70.0,1,2,1,los balsos no.2,6.1969099044799805,-75.56769561767578,4,17.5,47300.9517913736,836162.823200559,70.0,4900.0,80.86214317702954,1,1
apartamento,3050000,35.0,1,1,1,la aguacatala,6.196400165557861,-75.57653045654297,3,11.666666666666666,51442.75043487159,795490.506329114,35.0,1225.0,87.9426500640398,1,1
apartamento,3000000,63.0,3,2,1,santa maria de los angeles,6.190037727355957,-75.57933807373047,6,10.5,47391.397443391514,760224.6376811594,21.0,3969.0,81.01676224887126,1,1
apartamento,4750000,98.0,3,2,1,los balsos no.1,6.18703031539917,-75.55986785888672,6,16.333333333333332,48115.75526148983,871145.722446916,32.666666666666664,9604.0,82.2550697961868,1,1
apartamento,6200000,134.0,3,2,2,manila,6.213780403137207,-75.57707214355469,7,19.142857142857142,48813.76037959668,888129.4964028777,44.666666666666664,17956.0,83.44832675320535,1,4
apartamento,2800000,90.0,3,2,1,florida nueva,6.250945568084717,-75.59095764160156,6,15.0,34915.907498248074,668791.9463087248,30.0,8100.0,59.68960463485137,1,1
apartamento,4550000,85.0,2,3,2,villa carlota,6.218226432800293,-75.57369232177734,7,12.142857142857142,54977.83356366141,748492.5201380898,42.5,7225.0,93.98596182156422,1,4
apartamento,2450000,60.0,2,1,1,la loma de los bernal,6.217579364776611,-75.60416412353516,4,15.0,40721.08579809159,584155.2990556138,30.0,3600.0,69.61370005095546,1,1
apartamento,8700000,140.0,2,3,2,castropol,6.215263366699219,-75.56649780273438,7,20.0,48917.86962109346,739745.95924104,70.0,19600.0,83.62630406810368,1,4
apartamento,5200000,90.0,2,2,2,los naranjos,6.193474292755127,-75.55982971191406,6,15.0,49565.6761295771,827000.8873114464,45.0,8100.0,84.733745264447,1,4
apartamento,7000000,200.0,3,3,2,alejandria,6.199336051940918,-75.57052612304688,8,25.0,48842.610337435945,852482.6560951438,66.66666666666667,40000.0,83.49764646735697,1,4
apartamento,3800000,70.0,3,2,1,san diego,6.233372688293457,-75.5699462890625,6,11.666666666666666,47227.322103995706,654899.8185117968,23.333333333333332,4900.0,80.73627141129654,1,1
apartamento,7500000,80.0,2,3,1,los naranjos,6.19755744934082,-75.56517028808594,6,13.333333333333334,49565.6761295771,827000.8873114464,40.0,6400.0,84.733745264447,1,1
apartamento,6200000,115.0,3,3,2,laureles,6.242353439331055,-75.5960693359375,8,14.375,37952.470484611345,680619.6840826245,38.333333333333336,13225.0,64.88068391909857,1,4
apartamento,2350000,60.0,3,2,1,la colina,6.2015252113342285,-75.59233093261719,6,10.0,42341.269841269845,569066.6666666666,20.0,3600.0,72.38344461445728,1,1
apartamento,6600000,121.0,3,4,2,castropol,6.216109752655029,-75.56694793701172,9,13.444444444444445,48917.86962109346,739745.95924104,40.333333333333336,14641.0,83.62630406810368,1,4
apartamento,6150000,165.0,3,4,2,el tesoro,6.204051494598389,-75.55583953857422,9,18.333333333333332,46307.752975324685,855149.2240350179,55.0,27225.0,79.1642453160979,1,4
apartamento,2350000,55.0,3,1,0,belen rincon,6.216382026672363,-75.60733032226562,4,13.75,42767.5585284281,568333.3333333334,18.333333333333332,3025.0,73.11219563426286,0,0
apartamento,7500000,264.0,3,4,2,los balsos no.1,6.188368320465088,-75.55868530273438,9,29.333333333333332,48115.75526148983,871145.722446916,88.0,69696.0,82.2550697961868,1,4
apartamento,2600000,80.0,2,2,1,los conquistadores,6.241839408874512,-75.58187103271484,5,16.0,30995.98034836981,625225.2252252252,40.0,6400.0,52.98839253588492,1,1
apartamento,2800000,75.0,2,2,1,laureles,6.243476867675781,-75.59454345703125,5,15.0,37952.470484611345,680619.6840826245,37.5,5625.0,64.88068391909857,1,1
apartamento,3100000,75.0,2,2,1,el diamante no.2,6.1869378089904785,-75.57513427734375,5,15.0,43639.65496971377,774744.3419949707,37.5,5625.0,74.60306600005285,1,1
casa,6000000,105.0,3,1,0,el poblado,6.2106,-75.56999,4,26.25,51331.92389006342,930592.3344947735,35.0,11025.0,87.7531893535319,0,0
apartamento,8500000,100.0,3,2,2,los balsos no.2,6.19602,-75.5704,7,14.285714285714286,47300.9517913736,836162.823200559,33.333333333333336,10000.0,80.86214317702954,1,4
apartamento,6600000,138.5,3,3,2,laureles,6.24087,-75.59304,8,17.3125,37952.470484611345,680619.6840826245,46.166666666666664,19182.25,64.88068391909857,1,4
casa,4500000,147.3,5,4,1,estadio,6.26225,-75.59629,10,14.73,28935.940737376888,589306.3583815029,29.46,21697.290000000005,49.466704035636994,1,1
casa,7000000,180.0,5,5,0,los conquistadores,6.242355,-75.581523,10,18.0,30995.98034836981,625225.2252252252,36.0,32400.0,52.98839253588492,0,0
apartamento,3500000,85.0,1,2,1,castropol,6.2237,-75.56698,4,21.25,48917.86962109346,739745.95924104,85.0,7225.0,83.62630406810368,1,1
apartamento,5500000,121.0,3,4,2,barrio colombia,6.22838,-75.57268,9,13.444444444444445,46276.59574468085,644444.4444444445,40.333333333333336,14641.0,79.11098126220669,1,4
apartamento,4000000,90.0,2,2,1,los conquistadores,6.24106,-75.58334,5,18.0,30995.98034836981,625225.2252252252,45.0,8100.0,52.98839253588492,1,1
apartamento,4500000,120.0,4,3,1,el diamante no.2,6.1826781,-75.5755201,8,15.0,43639.65496971377,774744.3419949707,30.0,14400.0,74.60306600005285,1,1
apartamento,3600000,70.0,3,2,0,villa carlota,6.22194557,-75.57394646,5,14.0,54977.83356366141,748492.5201380898,23.333333333333332,4900.0,93.98596182156422,0,0
apartamento,6500000,200.0,3,3,1,los balsos no.1,6.19054,-75.56187,7,28.571428571428573,48115.75526148983,871145.722446916,66.66666666666667,40000.0,82.2550697961868,1,1
apartamento,6300000,136.0,3,5,1,castropol,6.215575218200684,-75.56543731689453,9,15.11111111111111,48917.86962109346,739745.95924104,45.333333333333336,18496.0,83.62630406810368,1,1
apartamento,5700000,76.0,3,2,1,alejandria,6.197608947753906,-75.56944274902344,6,12.666666666666666,48842.610337435945,852482.6560951438,25.333333333333332,5776.0,83.49764646735697,1,1
apartamento,7100000,135.0,3,3,2,los balsos no.2,6.19558048248291,-75.56987762451172,8,16.875,47300.9517913736,836162.823200559,45.0,18225.0,80.86214317702954,1,4
apartamento,2900000,53.0,2,2,1,san diego,6.226141929626465,-75.56735229492188,5,10.6,47227.322103995706,654899.8185117968,26.5,2809.0,80.73627141129654,1,1
apartamento,5950000,95.0,2,2,2,santa maria de los angeles,6.190037727355957,-75.57933807373047,6,15.833333333333334,47391.397443391514,760224.6376811594,47.5,9025.0,81.01676224887126,1,4
apartamento,3650000,103.0,3,3,1,castropol,6.215518951416016,-75.56757354736328,7,14.714285714285714,48917.86962109346,739745.95924104,34.333333333333336,10609.0,83.62630406810368,1,1
apartamento,3000000,70.0,3,2,1,asomadera no.1,6.225459575653076,-75.56092071533203,6,11.666666666666666,48571.57944764218,665557.1635311143,23.333333333333332,4900.0,83.03431247964855,1,1
apartamento,5400000,125.0,3,2,2,alejandria,6.201523780822754,-75.57217407226562,7,17.857142857142858,48842.610337435945,852482.6560951438,41.666666666666664,15625.0,83.49764646735697,1,4
apartamento,6700000,135.0,3,4,2,castropol,6.215575218200684,-75.56543731689453,9,15.0,48917.86962109346,739745.95924104,45.0,18225.0,83.62630406810368,1,4
apartamento,3450000,75.0,3,2,1,castropol,6.216140270233154,-75.56697082519531,6,12.5,48917.86962109346,739745.95924104,25.0,5625.0,83.62630406810368,1,1
apartamento,3900000,78.0,3,2,1,los balsos no.1,6.195618629455566,-75.56561279296875,6,13.0,48115.75526148983,871145.722446916,26.0,6084.0,82.2550697961868,1,1
apartamento,5700000,94.0,2,2,2,alejandria,6.198483467102051,-75.57054138183594,6,15.666666666666666,48842.610337435945,852482.6560951438,47.0,8836.0,83.49764646735697,1,4
apartamento,3800000,78.0,3,2,1,san diego,6.233184337615967,-75.5680923461914,6,13.0,47227.322103995706,654899.8185117968,26.0,6084.0,80.73627141129654,1,1
apartamento,3800000,95.0,3,2,2,los naranjos,6.196528434753418,-75.56552124023438,7,13.571428571428571,49565.6761295771,827000.8873114464,31.666666666666668,9025.0,84.733745264447,1,4
apartamento,5150000,86.0,3,3,1,castropol,6.222192287445068,-75.56877899169922,7,12.285714285714286,48917.86962109346,739745.95924104,28.666666666666668,7396.0,83.62630406810368,1,1
casa,9500000,250.0,4,4,3,los balsos no.1,6.187114238739014,-75.56001281738281,11,22.727272727272727,48115.75526148983,871145.722446916,62.5,62500.0,82.2550697961868,1,9
apartamento,4300000,76.0,3,2,1,alejandria,6.197012901306152,-75.5689697265625,6,12.666666666666666,48842.610337435945,852482.6560951438,25.333333333333332,5776.0,83.49764646735697,1,1
apartamento,5600000,100.0,3,2,1,alejandria,6.1985764503479,-75.57109069824219,6,16.666666666666668,48842.610337435945,852482.6560951438,33.333333333333336,10000.0,83.49764646735697,1,1
apartamento,7200000,160.0,3,3,2,el tesoro,6.198020935058594,-75.55680847167969,8,20.0,46307.752975324685,855149.2240350179,53.333333333333336,25600.0,79.1642453160979,1,4
apartamento,3500000,52.0,1,2,1,santa maria de los angeles,6.1900248527526855,-75.57930755615234,4,13.0,47391.397443391514,760224.6376811594,52.0,2704.0,81.01676224887126,1,1
apartamento,5800000,147.0,3,2,2,alejandria,6.1985764503479,-75.57109069824219,7,21.0,48842.610337435945,852482.6560951438,49.0,21609.0,83.49764646735697,1,4
apartamento,9700000,108.0,3,3,1,altos del poblado,6.214477062225342,-75.55789184570312,7,15.428571428571429,58495.7928802589,930019.3704600484,36.0,11664.0,100.0,1,1
casa,7400000,210.0,3,4,2,san lucas,6.18418025970459,-75.5631103515625,9,23.333333333333332,47354.22828936933,904097.3871733967,70.0,44100.0,80.95322066375543,1,4
apartamento,8500000,160.0,3,4,3,castropol,6.216109752655029,-75.56694793701172,10,16.0,48917.86962109346,739745.95924104,53.333333333333336,25600.0,83.62630406810368,1,9
apartamento,3600000,78.0,3,2,1,patio bonito,6.206228102,-75.5744173091,6,13.0,43819.79935642627,741195.3041622199,26.0,6084.0,74.91102727015866,1,1
apartamento,6500000,190.0,3,3,2,laureles,6.240318,-75.592676,8,23.75,37952.470484611345,680619.6840826245,63.333333333333336,36100.0,64.88068391909857,1,4
apartamento,5200000,122.0,4,3,1,patio bonito,6.20651,-75.57172,8,15.25,43819.79935642627,741195.3041622199,30.5,14884.0,74.91102727015866,1,1
apartamento,3300000,86.0,3,3,1,florida nueva,6.253412,-75.59188856,7,12.285714285714286,34915.907498248074,668791.9463087248,28.666666666666668,7396.0,59.68960463485137,1,1
apartamento,5200000,85.0,3,2,1,el castillo,6.191044330596924,-75.57283782958984,6,14.166666666666666,56343.83279364145,907109.0047393364,28.333333333333332,7225.0,96.32117118059666,1,1
apartamento,5800000,160.0,4,4,1,altos del poblado,6.215240955352783,-75.55532836914062,9,17.77777777777778,58495.7928802589,930019.3704600484,40.0,25600.0,100.0,1,1
apartamento,3400000,75.0,2,2,1,villa carlota,6.22137,-75.57453,5,15.0,54977.83356366141,748492.5201380898,37.5,5625.0,93.98596182156422,1,1
apartamento,4300000,84.0,3,2,1,barrio colombia,6.22757,-75.57401,6,14.0,46276.59574468085,644444.4444444445,28.0,7056.0,79.11098126220669,1,1
apartamento,2600000,70.0,3,2,1,san cristobal,6.26652,-75.60847,6,11.666666666666666,38232.46878001921,545205.4794520548,23.333333333333332,4900.0,65.35934790777384,1,1
apartamento,3450000,88.0,3,2,1,el diamante no.2,6.181491851806641,-75.57107543945312,6,14.666666666666666,43639.65496971377,774744.3419949707,29.333333333333332,7744.0,74.60306600005285,1,1
apartamento,6750000,180.0,3,3,1,san lucas,6.181158065795898,-75.56927490234375,7,25.714285714285715,47354.22828936933,904097.3871733967,60.0,32400.0,80.95322066375543,1,1
apartamento,7200000,64.0,1,2,0,la florida,6.205738544464111,-75.56405639648438,3,21.333333333333332,45025.656955191065,832086.513994911,64.0,4096.0,76.97247056272704,0,0
apartamento,8200000,119.0,3,4,1,la loma de los bernal,6.220277309417725,-75.6038818359375,8,14.875,40721.08579809159,584155.2990556138,39.666666666666664,14161.0,69.61370005095546,1,1
casa,9500000,450.0,5,5,4,san lucas,6.179393291473389,-75.56027221679688,14,32.142857142857146,47354.22828936933,904097.3871733967,90.0,202500.0,80.95322066375543,1,16
apartamento,4500000,160.0,3,3,2,laureles,6.24165,-75.59821,8,20.0,37952.470484611345,680619.6840826245,53.333333333333336,25600.0,64.88068391909857,1,4
apartamento,5650000,100.0,3,2,1,el tesoro,6.203347682952881,-75.55573272705078,6,16.666666666666668,46307.752975324685,855149.2240350179,33.333333333333336,10000.0,79.1642453160979,1,1
apartamento,6700000,136.0,2,3,2,el poblado,6.209064483642578,-75.56769561767578,7,19.428571428571427,51331.92389006342,930592.3344947735,68.0,18496.0,87.7531893535319,1,4
apartamento,5000000,80.0,3,2,1,villa carlota,6.22439432144165,-75.57479095458984,6,13.333333333333334,54977.83356366141,748492.5201380898,26.666666666666668,6400.0,93.98596182156422,1,1
apartamento,6300000,80.0,3,2,1,san diego,6.233943939208984,-75.57000732421875,6,13.333333333333334,47227.322103995706,654899.8185117968,26.666666666666668,6400.0,80.73627141129654,1,1
apartamento,5500000,95.0,3,2,1,bolivariana,6.247739315032959,-75.59027862548828,6,15.833333333333334,37400.24554941682,658648.6486486486,31.666666666666668,9025.0,63.936641778623724,1,1
apartamento,3500000,95.0,2,2,1,los conquistadores,6.241191,-75.57959,5,19.0,30995.98034836981,625225.2252252252,47.5,9025.0,52.98839253588492,1,1
apartamento,2600000,60.0,3,2,1,el rodeo,6.2039570808410645,-75.59366607666016,6,10.0,34192.43986254295,414583.3333333333,20.0,3600.0,58.452818876282265,1,1
apartamento,3700000,78.0,3,2,2,los colores,6.266544818878174,-75.59243774414062,7,11.142857142857142,34639.764996907856,599064.1711229946,26.0,6084.0,59.21753222118996,1,4
apartamento,3350000,70.0,2,2,1,santa fe,6.22181,-75.577846,5,14.0,48109.58350181965,701917.4041297935,35.0,4900.0,82.24451902088094,1,1
apartamento,4600000,105.0,3,2,2,el tesoro,6.204051494598389,-75.55583953857422,7,15.0,46307.752975324685,855149.2240350179,35.0,11025.0,79.1642453160979,1,4
apartamento,6700000,270.0,3,4,2,las lomas no.2,6.209529876708984,-75.55829620361328,9,30.0,41861.648016276704,816005.6657223796,90.0,72900.0,71.56351928072442,1,4
apartamento,7400000,175.0,3,2,0,los balsos no.2,6.19861947,-75.57264407,5,35.0,47300.9517913736,836162.823200559,58.333333333333336,30625.0,80.86214317702954,0,0
apartamento,8200000,170.0,3,4,2,el tesoro,6.203347682952881,-75.55573272705078,9,18.88888888888889,46307.752975324685,855149.2240350179,56.666666666666664,28900.0,79.1642453160979,1,4
apartamento,7200000,130.0,3,3,1,altos del poblado,6.214477062225342,-75.55789184570312,7,18.571428571428573,58495.7928802589,930019.3704600484,43.333333333333336,16900.0,100.0,1,1
apartamento,3450000,60.0,2,2,2,santa maria de los angeles,6.1897501945495605,-75.57902526855469,6,10.0,47391.397443391514,760224.6376811594,30.0,3600.0,81.01676224887126,1,4
apartamento,3350000,95.0,2,2,1,los conquistadores,6.242647647857666,-75.58167266845703,5,19.0,30995.98034836981,625225.2252252252,47.5,9025.0,52.98839253588492,1,1
apartamento,3600000,100.0,2,2,2,santa maria de los angeles,6.192005,-75.579225,6,16.666666666666668,47391.397443391514,760224.6376811594,50.0,10000.0,81.01676224887126,1,4
apartamento,3900000,97.0,2,3,2,el tesoro,6.2042131423950195,-75.55533599853516,7,13.857142857142858,46307.752975324685,855149.2240350179,48.5,9409.0,79.1642453160979,1,4
apartamento,6800000,122.0,2,3,2,san lucas,6.1799798011779785,-75.56417846679688,7,17.428571428571427,47354.22828936933,904097.3871733967,61.0,14884.0,80.95322066375543,1,4
apartamento,4200000,80.0,3,2,1,san diego,6.233943939208984,-75.57000732421875,6,13.333333333333334,47227.322103995706,654899.8185117968,26.666666666666668,6400.0,80.73627141129654,1,1
apartamento,3650000,100.0,3,2,1,el diamante no.2,6.182648658752441,-75.5733871459961,6,16.666666666666668,43639.65496971377,774744.3419949707,33.333333333333336,10000.0,74.60306600005285,1,1
apartamento,2700000,65.0,3,3,2,simon bolivar,6.24711798,-75.60534183,8,8.125,28965.474716228782,659298.245614035,21.666666666666668,4225.0,49.51719310057257,1,4
casa,4000000,210.0,5,3,0,cristo rey,6.210293,-75.588799,8,26.25,25753.871230643847,585185.1851851852,42.0,44100.0,44.02687776770906,0,0
apartamento,3300000,68.0,2,2,1,villa carlota,6.22137,-75.57453,5,13.6,54977.83356366141,748492.5201380898,34.0,4624.0,93.98596182156422,1,1
apartamento,4600000,80.0,2,2,1,villa carlota,6.21927,-75.5757,5,16.0,54977.83356366141,748492.5201380898,40.0,6400.0,93.98596182156422,1,1
casa,3600000,160.0,5,2,0,fatima,6.2365,-75.58336,7,22.857142857142858,31102.18652387327,606086.9565217391,32.0,25600.0,53.16995461116248,0,0
apartamento,3700000,125.0,4,3,0,patio bonito,6.2062969,-75.576225,7,17.857142857142858,43819.79935642627,741195.3041622199,31.25,15625.0,74.91102727015866,0,0
apartamento,5000000,67.0,1,2,1,los balsos no.1,6.192943,-75.563137,4,16.75,48115.75526148983,871145.722446916,67.0,4489.0,82.2550697961868,1,1
apartamento,3000000,48.0,2,1,0,florida nueva,6.251488208770752,-75.59112548828125,3,16.0,34915.907498248074,668791.9463087248,24.0,2304.0,59.68960463485137,0,0
casa,9900000,168.0,3,3,2,san lucas,6.180745601654053,-75.5618667602539,8,21.0,47354.22828936933,904097.3871733967,56.0,28224.0,80.95322066375543,1,4
apartamento,4000000,103.0,2,2,1,los balsos no.1,6.18585729598999,-75.56092834472656,5,20.6,48115.75526148983,871145.722446916,51.5,10609.0,82.2550697961868,1,1
apartamento,4200000,100.0,3,2,1,el diamante no.2,6.183598041534424,-75.57119750976562,6,16.666666666666668,43639.65496971377,774744.3419949707,33.333333333333336,10000.0,74.60306600005285,1,1
apartamento,3400000,100.0,3,2,2,alejandria,6.19909143447876,-75.56861114501953,7,14.285714285714286,48842.610337435945,852482.6560951438,33.333333333333336,10000.0,83.49764646735697,1,4
apartamento,8400000,199.0,2,3,2,san lucas,6.179638385772705,-75.56391906738281,7,28.428571428571427,47354.22828936933,904097.3871733967,99.5,39601.0,80.95322066375543,1,4
apartamento,2600000,90.0,2,3,2,lalinde,6.213520526885986,-75.56737518310547,7,12.857142857142858,53427.21397778484,890320.987654321,45.0,8100.0,91.33513941276176,1,4
apartamento,2950000,57.0,1,2,1,la aguacatala,6.196288585662842,-75.5771713256836,4,14.25,51442.75043487159,795490.506329114,57.0,3249.0,87.9426500640398,1,1
apartamento,4800000,117.0,3,2,2,la florida,6.2069478034973145,-75.5623550415039,7,16.714285714285715,45025.656955191065,832086.513994911,39.0,13689.0,76.97247056272704,1,4
apartamento,3000000,48.0,2,1,0,florida nueva,6.251488208770752,-75.59112548828125,3,16.0,34915.907498248074,668791.9463087248,24.0,2304.0,59.68960463485137,0,0
apartamento,4000000,79.0,2,2,1,alejandria,6.199613571166992,-75.56948852539062,5,15.8,48842.610337435945,852482.6560951438,39.5,6241.0,83.49764646735697,1,1
apartamento,6500000,136.0,2,2,1,alejandria,6.2018826,-75.57059015,5,27.2,48842.610337435945,852482.6560951438,68.0,18496.0,83.49764646735697,1,1
apartamento,5600000,122.0,2,3,2,san lucas,6.176936626434326,-75.56451416015625,7,17.428571428571427,47354.22828936933,904097.3871733967,61.0,14884.0,80.95322066375543,1,4
apartamento,4400000,81.0,3,2,1,castropol,6.223730087280273,-75.56568908691406,6,13.5,48917.86962109346,739745.95924104,27.0,6561.0,83.62630406810368,1,1
apartamento,6800000,148.0,3,3,1,altos del poblado,6.215214252471924,-75.55479431152344,7,21.142857142857142,58495.7928802589,930019.3704600484,49.333333333333336,21904.0,100.0,1,1
apartamento,3000000,48.0,2,1,0,florida nueva,6.251488208770752,-75.59112548828125,3,16.0,34915.907498248074,668791.9463087248,24.0,2304.0,59.68960463485137,0,0
apartamento,5000000,100.0,3,2,1,los naranjos,6.1956586837768555,-75.56539916992188,6,16.666666666666668,49565.6761295771,827000.8873114464,33.333333333333336,10000.0,84.733745264447,1,1
apartamento,4300000,94.0,2,2,2,los balsos no.1,6.1902971267700195,-75.560791015625,6,15.666666666666666,48115.75526148983,871145.722446916,47.0,8836.0,82.2550697961868,1,4
apartamento,5950000,150.0,3,3,2,laureles,6.24623441696167,-75.59576416015625,8,18.75,37952.470484611345,680619.6840826245,50.0,22500.0,64.88068391909857,1,4
apartamento,3000000,48.0,2,1,0,florida nueva,6.251488208770752,-75.59112548828125,3,16.0,34915.907498248074,668791.9463087248,24.0,2304.0,59.68960463485137,0,0
apartamento,5500000,106.0,3,3,2,villa carlota,6.220574378967285,-75.5745849609375,8,13.25,54977.83356366141,748492.5201380898,35.333333333333336,11236.0,93.98596182156422,1,4
apartamento,4500000,100.0,3,2,2,los balsos no.2,6.196910381317139,-75.56908416748047,7,14.285714285714286,47300.9517913736,836162.823200559,33.333333333333336,10000.0,80.86214317702954,1,4
apartamento,4400000,131.0,3,2,2,la aguacatala,6.20089,-75.5744,7,18.714285714285715,51442.75043487159,795490.506329114,43.666666666666664,17161.0,87.9426500640398,1,4
apartamento,5000000,130.0,3,3,2,los conquistadores,6.24348024,-75.58023318,8,16.25,30995.98034836981,625225.2252252252,43.333333333333336,16900.0,52.98839253588492,1,4
apartamento,4000000,80.0,2,2,1,altos del poblado,6.20836844,-75.55482468,5,16.0,58495.7928802589,930019.3704600484,40.0,6400.0,100.0,1,1
apartamento,4000000,133.0,3,2,1,asomadera no.1,6.22665,-75.56399,6,22.166666666666668,48571.57944764218,665557.1635311143,44.333333333333336,17689.0,83.03431247964855,1,1
apartamento,5000000,110.0,3,2,1,la candelaria,6.2476376,-75.5658153,6,18.333333333333332,33260.86956521739,689189.1891891892,36.666666666666664,12100.0,56.86027648740912,1,1
apartamento,4100000,90.0,2,2,1,laureles,6.23982,-75.59349,5,18.0,37952.470484611345,680619.6840826245,45.0,8100.0,64.88068391909857,1,1
apartamento,3400000,80.0,3,2,2,la gloria,6.22517,-75.59957,7,11.428571428571429,34291.07710077967,552325.5813953489,26.666666666666668,6400.0,58.62144166670863,1,4
apartamento,1800000,50.0,2,2,0,el danubio,6.2552,-75.60842,4,12.5,32214.765100671142,369230.76923076925,25.0,2500.0,55.07193511611148,0,0
apartamento,5570000,80.0,2,2,1,altos del poblado,6.214367389678955,-75.55345153808594,5,16.0,58495.7928802589,930019.3704600484,40.0,6400.0,100.0,1,1
apartamento,6750000,68.0,3,2,1,santa fe,6.220792770385742,-75.58302307128906,6,11.333333333333334,48109.58350181965,701917.4041297935,22.666666666666668,4624.0,82.24451902088094,1,1
apartamento,7000000,204.0,4,4,3,la florida,6.206491470336914,-75.56605529785156,11,18.545454545454547,45025.656955191065,832086.513994911,51.0,41616.0,76.97247056272704,1,9
apartamento,5000000,78.0,1,2,1,lalinde,6.212959289550781,-75.56752014160156,4,19.5,53427.21397778484,890320.987654321,78.0,6084.0,91.33513941276176,1,1
apartamento,7500000,136.0,3,4,1,castropol,6.215414524078369,-75.56713104248047,8,17.0,48917.86962109346,739745.95924104,45.333333333333336,18496.0,83.62630406810368,1,1
apartamento,8700000,180.0,3,3,2,el tesoro,6.2064528465271,-75.55963897705078,8,22.5,46307.752975324685,855149.2240350179,60.0,32400.0,79.1642453160979,1,4
apartamento,5500000,118.0,3,3,2,los naranjos,6.193474292755127,-75.55982971191406,8,14.75,49565.6761295771,827000.8873114464,39.333333333333336,13924.0,84.733745264447,1,4
apartamento,4500000,134.0,3,3,2,la florida,6.20751428604126,-75.5655746459961,8,16.75,45025.656955191065,832086.513994911,44.666666666666664,17956.0,76.97247056272704,1,4
apartamento,5700000,110.0,3,2,2,san lucas,6.181797981262207,-75.56238555908203,7,15.714285714285714,47354.22828936933,904097.3871733967,36.666666666666664,12100.0,80.95322066375543,1,4
apartamento,6650000,160.0,3,4,3,santa maria de los angeles,6.187450885772705,-75.57841491699219,10,16.0,47391.397443391514,760224.6376811594,53.333333333333336,25600.0,81.01676224887126,1,9
apartamento,3400000,70.0,3,2,1,altos del poblado,6.2146711349487305,-75.55535888671875,6,11.666666666666666,58495.7928802589,930019.3704600484,23.333333333333332,4900.0,100.0,1,1
apartamento,7700000,129.0,3,3,2,los balsos no.2,6.196893692016602,-75.56979370117188,8,16.125,47300.9517913736,836162.823200559,43.0,16641.0,80.86214317702954,1,4
apartamento,4200000,120.0,3,2,2,el nogal-los almendros,6.23605626,-75.59740208,7,17.142857142857142,31931.988041853514,623722.6277372263,40.0,14400.0,54.5885207628836,1,4
apartamento,7500000,72.9,1,2,1,los balsos no.1,6.193278789520264,-75.56242370605469,4,18.225,48115.75526148983,871145.722446916,72.9,5314.410000000001,82.2550697961868,1,1
apartamento,3800000,100.0,3,3,1,laureles,6.240606784820557,-75.59663391113281,7,14.285714285714286,37952.470484611345,680619.6840826245,33.333333333333336,10000.0,64.88068391909857,1,1
apartamento,3750000,65.0,2,2,1,santa maria de los angeles,6.191214561462402,-75.58026123046875,5,13.0,47391.397443391514,760224.6376811594,32.5,4225.0,81.01676224887126,1,1
apartamento,2700000,60.0,3,2,1,castropol,6.22470777,-75.56738356,6,10.0,48917.86962109346,739745.95924104,20.0,3600.0,83.62630406810368,1,1
apartamento,2900000,87.0,3,2,1,la loma de los bernal,6.217579364776611,-75.60416412353516,6,14.5,40721.08579809159,584155.2990556138,29.0,7569.0,69.61370005095546,1,1
apartamento,3000000,82.0,2,2,1,belen rincon,6.216382026672363,-75.60733032226562,5,16.4,42767.5585284281,568333.3333333334,41.0,6724.0,73.11219563426286,1,1
apartamento,4100000,108.0,3,2,1,el diamante no.2,6.185696601867676,-75.57568359375,6,18.0,43639.65496971377,774744.3419949707,36.0,11664.0,74.60306600005285,1,1
apartamento,5600000,150.0,3,3,2,los conquistadores,6.2417168617248535,-75.58184814453125,8,18.75,30995.98034836981,625225.2252252252,50.0,22500.0,52.98839253588492,1,4
apartamento,3600000,82.0,3,2,1,asomadera no.1,6.228992938995361,-75.56195831298828,6,13.666666666666666,48571.57944764218,665557.1635311143,27.333333333333332,6724.0,83.03431247964855,1,1
apartamento,9700000,235.0,3,4,2,el tesoro,6.20088529586792,-75.55361938476562,9,26.11111111111111,46307.752975324685,855149.2240350179,78.33333333333333,55225.0,79.1642453160979,1,4
apartamento,2800000,86.0,2,3,1,la castellana,6.239324569702148,-75.60321044921875,6,14.333333333333334,32305.993690851734,627000.0,43.0,7396.0,55.22789264004374,1,1
apartamento,7200000,156.0,3,4,2,el tesoro,6.2048797607421875,-75.56106567382812,9,17.333333333333332,46307.752975324685,855149.2240350179,52.0,24336.0,79.1642453160979,1,4
apartamento,4350000,117.0,3,2,1,la castellana,6.240499973297119,-75.60771179199219,6,19.5,32305.993690851734,627000.0,39.0,13689.0,55.22789264004374,1,1
apartamento,7600000,240.0,3,4,3,los naranjos,6.195707321166992,-75.5531234741211,10,24.0,49565.6761295771,827000.8873114464,80.0,57600.0,84.733745264447,1,9
apartamento,4000000,98.0,3,2,2,asomadera no.1,6.225461,-75.561049,7,14.0,48571.57944764218,665557.1635311143,32.666666666666664,9604.0,83.03431247964855,1,4
apartamento,3500000,85.0,3,5,0,villa carlota,6.2218313,-75.5742172,8,10.625,54977.83356366141,748492.5201380898,28.333333333333332,7225.0,93.98596182156422,0,0
casa,6700000,186.0,5,5,0,florida nueva,6.251009,-75.590982,10,18.6,34915.907498248074,668791.9463087248,37.2,34596.0,59.68960463485137,0,0
apartamento,2500000,60.0,2,5,0,san german,6.2689876,-75.5889798,7,8.571428571428571,39001.584786053885,502244.89795918367,30.0,3600.0,66.67417068077062,0,0
apartamento,3200000,54.0,2,5,0,el diamante no.2,6.1860236,-75.5744724,7,7.714285714285714,43639.65496971377,774744.3419949707,27.0,2916.0,74.60306600005285,0,0
apartamento,5950000,150.0,4,3,2,los balsos no.2,6.1953,-75.56858,9,16.666666666666668,47300.9517913736,836162.823200559,37.5,22500.0,80.86214317702954,1,4
apartamento,5200000,121.0,3,4,2,villa carlota,6.21746,-75.57081,9,13.444444444444445,54977.83356366141,748492.5201380898,40.333333333333336,14641.0,93.98596182156422,1,4
apartamento,5300000,100.0,2,3,2,lalinde,6.2124,-75.5674,7,14.285714285714286,53427.21397778484,890320.987654321,50.0,10000.0,91.33513941276176,1,4
apartamento,4200000,80.0,3,2,1,asomadera no.1,6.22566,-75.56284,6,13.333333333333334,48571.57944764218,665557.1635311143,26.666666666666668,6400.0,83.03431247964855,1,1
casa,4200000,100.0,4,2,0,rosales,6.23607,-75.59328,6,16.666666666666668,31678.50652568974,626633.9869281045,25.0,10000.0,54.15518786203267,0,0
apartamento,7350000,105.0,2,3,2,los balsos no.1,6.186933994293213,-75.56002044677734,7,15.0,48115.75526148983,871145.722446916,52.5,11025.0,82.2550697961868,1,4
apartamento,4450000,85.0,3,2,1,el castillo,6.187644004821777,-75.56865692138672,6,14.166666666666666,56343.83279364145,907109.0047393364,28.333333333333332,7225.0,96.32117118059666,1,1
casa,5000000,300.0,4,5,2,el tesoro,6.199774265289307,-75.55690002441406,11,27.272727272727273,46307.752975324685,855149.2240350179,75.0,90000.0,79.1642453160979,1,4
apartamento,4200000,120.0,3,2,2,los conquistadores,6.2453508377075195,-75.58136749267578,7,17.142857142857142,30995.98034836981,625225.2252252252,40.0,14400.0,52.98839253588492,1,4
apartamento,3650000,80.0,3,2,1,altos del poblado,6.215604305267334,-75.55319213867188,6,13.333333333333334,58495.7928802589,930019.3704600484,26.666666666666668,6400.0,100.0,1,1
apartamento,5000000,105.0,3,3,2,villa carlota,6.220215797424316,-75.57522583007812,8,13.125,54977.83356366141,748492.5201380898,35.0,11025.0,93.98596182156422,1,4
apartamento,7750000,139.0,3,4,2,villa carlota,6.218206882476807,-75.5737075805664,9,15.444444444444445,54977.83356366141,748492.5201380898,46.333333333333336,19321.0,93.98596182156422,1,4
apartamento,7200000,140.0,3,3,2,los naranjos,6.197955131530762,-75.55636596679688,8,17.5,49565.6761295771,827000.8873114464,46.666666666666664,19600.0,84.733745264447,1,4
apartamento,6600000,143.0,3,3,2,los balsos no.2,6.194848537445068,-75.56621551513672,8,17.875,47300.9517913736,836162.823200559,47.666666666666664,20449.0,80.86214317702954,1,4
apartamento,3900000,100.0,3,2,1,la loma de los bernal,6.2178120613098145,-75.60408020019531,6,16.666666666666668,40721.08579809159,584155.2990556138,33.333333333333336,10000.0,69.61370005095546,1,1
apartamento,4150000,96.0,2,2,2,el diamante no.2,6.182840824127197,-75.57305145263672,6,16.0,43639.65496971377,774744.3419949707,48.0,9216.0,74.60306600005285,1,4
apartamento,4700000,89.0,2,3,1,castropol,6.216158866882324,-75.56675720214844,6,14.833333333333334,48917.86962109346,739745.95924104,44.5,7921.0,83.62630406810368,1,1
apartamento,5300000,148.0,3,4,1,la floresta,6.254791259765625,-75.6007080078125,8,18.5,27946.058091286308,552049.1803278689,49.333333333333336,21904.0,47.77447524900123,1,1
apartamento,1820000,50.0,2,2,0,simon bolivar,6.24520174,-75.60722921,4,12.5,28965.474716228782,659298.245614035,25.0,2500.0,49.51719310057257,0,0
apartamento,3400000,75.0,2,2,1,castropol,6.215929985046387,-75.5669174194336,5,15.0,48917.86962109346,739745.95924104,37.5,5625.0,83.62630406810368,1,1
apartamento,2400000,60.0,2,2,1,la hondonada,6.201662540435791,-75.59950256347656,5,12.0,35058.243727598565,399234.693877551,30.0,3600.0,59.93293192787884,1,1
apartamento,2700000,114.0,3,3,2,los naranjos,6.197421073913574,-75.56507873535156,8,14.25,49565.6761295771,827000.8873114464,38.0,12996.0,84.733745264447,1,4
casa,9300000,275.0,4,5,2,el tesoro,6.204051494598389,-75.55583953857422,11,25.0,46307.752975324685,855149.2240350179,68.75,75625.0,79.1642453160979,1,4
apartamento,1820000,50.0,2,2,0,simon bolivar,6.24520174,-75.60722921,4,12.5,28965.474716228782,659298.245614035,25.0,2500.0,49.51719310057257,0,0
apartamento,4200000,67.0,1,2,1,alejandria,6.20180606842041,-75.56909942626953,4,16.75,48842.610337435945,852482.6560951438,67.0,4489.0,83.49764646735697,1,1
apartamento,6200000,164.0,3,3,2,la florida,6.2045087814331055,-75.56468200683594,8,20.5,45025.656955191065,832086.513994911,54.666666666666664,26896.0,76.97247056272704,1,4
apartamento,3700000,64.0,3,2,1,altos del poblado,6.214715480804443,-75.55484008789062,6,10.666666666666666,58495.7928802589,930019.3704600484,21.333333333333332,4096.0,100.0,1,1
apartamento,6200000,125.0,3,4,2,las lomas no.1,6.215245246887207,-75.5632553100586,9,13.88888888888889,42753.43481316735,816268.3823529412,41.666666666666664,15625.0,73.08805079483885,1,4
casa,4750000,120.0,4,2,2,la mota,6.2101006507873535,-75.59829711914062,8,15.0,31054.252952250557,508263.3053221289,30.0,14400.0,53.08801098878807,1,4
apartamento,8200000,100.0,2,3,2,lalinde,6.212873935699463,-75.56718444824219,7,14.285714285714286,53427.21397778484,890320.987654321,50.0,10000.0,91.33513941276176,1,4
apartamento,6200000,69.0,1,2,1,los naranjos,6.19466495513916,-75.56161499023438,4,17.25,49565.6761295771,827000.8873114464,69.0,4761.0,84.733745264447,1,1
apartamento,5150000,119.0,3,3,2,los balsos no.2,6.19558048248291,-75.56987762451172,8,14.875,47300.9517913736,836162.823200559,39.666666666666664,14161.0,80.86214317702954,1,4
apartamento,6600000,140.0,3,4,1,bolivariana,6.247344970703125,-75.59031677246094,8,17.5,37400.24554941682,658648.6486486486,46.666666666666664,19600.0,63.936641778623724,1,1
apartamento,3600000,140.0,3,4,2,los conquistadores,6.242355,-75.581523,9,15.555555555555555,30995.98034836981,625225.2252252252,46.666666666666664,19600.0,52.98839253588492,1,4
casa,6500000,190.0,5,5,1,los conquistadores,6.242355,-75.581523,11,17.272727272727273,30995.98034836981,625225.2252252252,38.0,36100.0,52.98839253588492,1,1
apartamento,2850000,87.0,3,2,1,calasanz parte alta,6.26396,-75.60199,6,14.5,33556.33802816901,458173.07692307694,29.0,7569.0,57.36538710887971,1,1
apartamento,2850000,87.0,3,2,1,calasanz parte alta,6.26396,-75.60199,6,14.5,33556.33802816901,458173.07692307694,29.0,7569.0,57.36538710887971,1,1
apartamento,3600000,76.0,2,2,1,patio bonito,6.20547,-75.5748,5,15.2,43819.79935642627,741195.3041622199,38.0,5776.0,74.91102727015866,1,1
apartamento,2750000,70.0,2,2,1,calle nueva,6.2403,-75.57266,5,14.0,37261.14649681529,531818.1818181818,35.0,4900.0,63.69884851905331,1,1
apartamento,2800000,75.0,2,2,0,cristo rey,6.20635,-75.58551,4,18.75,25753.871230643847,585185.1851851852,37.5,5625.0,44.02687776770906,0,0
apartamento,3300000,65.0,3,2,1,la florida,6.2060186055,-75.5672541684,6,10.833333333333334,45025.656955191065,832086.513994911,21.666666666666668,4225.0,76.97247056272704,1,1
apartamento,3500000,86.0,2,2,1,calasanz,6.260910511016846,-75.5979995727539,5,17.2,32548.10882548109,537043.795620438,43.0,7396.0,55.64179443145114,1,1
apartamento,4700000,95.0,3,3,2,villa carlota,6.220553398132324,-75.5733642578125,8,11.875,54977.83356366141,748492.5201380898,31.666666666666668,9025.0,93.98596182156422,1,4
apartamento,3350000,127.0,3,3,1,la palma,6.228213310241699,-75.6018295288086,7,18.142857142857142,30263.43970871707,611688.3116883116,42.333333333333336,16129.0,51.73609625339456,1,1
apartamento,7300000,170.0,3,3,2,los balsos no.1,6.189018249511719,-75.56607055664062,8,21.25,48115.75526148983,871145.722446916,56.666666666666664,28900.0,82.2550697961868,1,4
apartamento,1700000,55.0,2,2,0,la pilarica,6.279528,-75.586744,4,13.75,30057.95574288725,528240.7407407408,27.5,3025.0,51.38481634810215,0,0
casa,4650000,80.0,2,2,1,la florida,6.203103542327881,-75.56497192382812,5,16.0,45025.656955191065,832086.513994911,40.0,6400.0,76.97247056272704,1,1
apartamento,9650000,175.0,3,4,2,los balsos no.1,6.1868977546691895,-75.56021881103516,9,19.444444444444443,48115.75526148983,871145.722446916,58.333333333333336,30625.0,82.2550697961868,1,4
apartamento,4150000,70.0,2,2,2,patio bonito,6.204814434051514,-75.57466888427734,6,11.666666666666666,43819.79935642627,741195.3041622199,35.0,4900.0,74.91102727015866,1,4
apartamento,3200000,60.0,2,2,1,los conquistadores,6.2423834800720215,-75.5810546875,5,12.0,30995.98034836981,625225.2252252252,30.0,3600.0,52.98839253588492,1,1
apartamento,3900000,190.0,4,2,0,laureles,6.242885112762451,-75.5961685180664,6,31.666666666666668,37952.470484611345,680619.6840826245,47.5,36100.0,64.88068391909857,0,0
apartamento,3350000,95.0,3,2,1,laureles,6.242865562438965,-75.59593963623047,6,15.833333333333334,37952.470484611345,680619.6840826245,31.666666666666668,9025.0,64.88068391909857,1,1
apartamento,6350000,155.0,3,3,2,alejandria,6.199065208435059,-75.5717544555664,8,19.375,48842.610337435945,852482.6560951438,51.666666666666664,24025.0,83.49764646735697,1,4
apartamento,3700000,56.0,1,2,1,alejandria,6.199336051940918,-75.57052612304688,4,14.0,48842.610337435945,852482.6560951438,56.0,3136.0,83.49764646735697,1,1
apartamento,9500000,178.0,3,4,3,san lucas,6.181050777435303,-75.57071685791016,10,17.8,47354.22828936933,904097.3871733967,59.333333333333336,31684.0,80.95322066375543,1,9
apartamento,2700000,134.0,3,3,2,el tesoro,6.2050862312316895,-75.5548324584961,8,16.75,46307.752975324685,855149.2240350179,44.666666666666664,17956.0,79.1642453160979,1,4
apartamento,3750000,68.0,1,2,1,villa carlota,6.218216896057129,-75.57360076904297,4,17.0,54977.83356366141,748492.5201380898,68.0,4624.0,93.98596182156422,1,1
apartamento,6250000,150.0,3,3,2,santa maria de los angeles,6.190639495849609,-75.57778930664062,8,18.75,47391.397443391514,760224.6376811594,50.0,22500.0,81.01676224887126,1,4
casa,8700000,300.0,4,4,2,el tesoro,6.203347682952881,-75.55573272705078,10,30.0,46307.752975324685,855149.2240350179,75.0,90000.0,79.1642453160979,1,4
apartamento,6500000,85.0,2,2,1,san lucas,6.179964065551758,-75.56400299072266,5,17.0,47354.22828936933,904097.3871733967,42.5,7225.0,80.95322066375543,1,1
apartamento,3600000,77.0,2,2,2,los conquistadores,6.242647647857666,-75.58167266845703,6,12.833333333333334,30995.98034836981,625225.2252252252,38.5,5929.0,52.98839253588492,1,4
apartamento,3200000,106.0,3,3,2,castropol,6.217245578765869,-75.56576538085938,8,13.25,48917.86962109346,739745.95924104,35.333333333333336,11236.0,83.62630406810368,1,4
apartamento,2600000,47.0,1,2,1,el castillo,6.195302963256836,-75.57543182373047,4,11.75,56343.83279364145,907109.0047393364,47.0,2209.0,96.32117118059666,1,1
apartamento,3100000,74.0,2,2,1,bolivariana,6.249051094055176,-75.58966827392578,5,14.8,37400.24554941682,658648.6486486486,37.0,5476.0,63.936641778623724,1,1
apartamento,2700000,77.0,2,2,1,calasanz parte alta,6.2668378033,-75.6031851766,5,15.4,33556.33802816901,458173.07692307694,38.5,5929.0,57.36538710887971,1,1
apartamento,6500000,111.0,2,3,2,castropol,6.21614,-75.56697,7,15.857142857142858,48917.86962109346,739745.95924104,55.5,12321.0,83.62630406810368,1,4
apartamento,4800000,120.0,3,2,1,patio bonito,6.2063941,-75.5716829,6,20.0,43819.79935642627,741195.3041622199,40.0,14400.0,74.91102727015866,1,1
apartamento,2600000,70.0,2,2,1,la pilarica,6.27674,-75.58447,5,14.0,30057.95574288725,528240.7407407408,35.0,4900.0,51.38481634810215,1,1
apartamento,5500000,120.0,2,2,2,los balsos no.2,6.19602,-75.5704,6,20.0,47300.9517913736,836162.823200559,60.0,14400.0,80.86214317702954,1,4
apartamento,3500000,54.0,1,2,1,corazon de jesus,6.24822,-75.58003,4,13.5,39626.55601659751,682142.8571428572,54.0,2916.0,67.74257440652734,1,1
apartamento,9000000,140.0,2,2,2,la florida,6.202312,-75.562308,6,23.333333333333332,45025.656955191065,832086.513994911,70.0,19600.0,76.97247056272704,1,4
apartamento,8000000,96.0,2,3,1,castropol,6.22037,-75.56725,6,16.0,48917.86962109346,739745.95924104,48.0,9216.0,83.62630406810368,1,1
apartamento,3100000,130.0,3,3,2,los balsos no.2,6.195648193359375,-75.57003784179688,8,16.25,47300.9517913736,836162.823200559,43.333333333333336,16900.0,80.86214317702954,1,4
apartamento,9200000,107.0,3,2,1,los balsos no.2,6.194789886474609,-75.56903839111328,6,17.833333333333332,47300.9517913736,836162.823200559,35.666666666666664,11449.0,80.86214317702954,1,1
apartamento,4300000,128.0,3,2,2,el tesoro,6.203347682952881,-75.55573272705078,7,18.285714285714285,46307.752975324685,855149.2240350179,42.666666666666664,16384.0,79.1642453160979,1,4
apartamento,5250000,115.0,2,2,1,santa maria de los angeles,6.1899495124816895,-75.57872772216797,5,23.0,47391.397443391514,760224.6376811594,57.5,13225.0,81.01676224887126,1,1
apartamento,5550000,158.0,3,4,2,san lucas,6.179915428161621,-75.56391906738281,9,17.555555555555557,47354.22828936933,904097.3871733967,52.666666666666664,24964.0,80.95322066375543,1,4
apartamento,4350000,94.0,2,2,2,los balsos no.1,6.189451217651367,-75.56155395507812,6,15.666666666666666,48115.75526148983,871145.722446916,47.0,8836.0,82.2550697961868,1,4
apartamento,3300000,117.0,3,2,2,laureles,6.242351055145264,-75.59495544433594,7,16.714285714285715,37952.470484611345,680619.6840826245,39.0,13689.0,64.88068391909857,1,4
apartamento,3450000,64.0,2,2,1,villa carlota,6.218226432800293,-75.57369232177734,5,12.8,54977.83356366141,748492.5201380898,32.0,4096.0,93.98596182156422,1,1
apartamento,2800000,112.0,3,2,1,san joaquin,6.246918201446533,-75.58499145507812,6,18.666666666666668,32753.58855757907,569436.2017804154,37.333333333333336,12544.0,55.9930670990746,1,1
apartamento,6300000,134.0,3,2,2,la colina,6.2007053,-75.5888816,7,19.142857142857142,42341.269841269845,569066.6666666666,44.666666666666664,17956.0,72.38344461445728,1,4
apartamento,3200000,74.0,3,2,1,santa fe,6.222130298614502,-75.58153533935547,6,12.333333333333334,48109.58350181965,701917.4041297935,24.666666666666668,5476.0,82.24451902088094,1,1
apartamento,5200000,91.0,2,2,2,los balsos no.1,6.191534996032715,-75.56587982177734,6,15.166666666666666,48115.75526148983,871145.722446916,45.5,8281.0,82.2550697961868,1,4
apartamento,2500000,55.0,3,2,1,cuarta brigada,6.26167106628418,-75.58807373046875,6,9.166666666666666,37951.80722891566,504000.0,18.333333333333332,3025.0,64.87955006713585,1,1
apartamento,5300000,87.0,2,3,1,el tesoro,6.204051494598389,-75.55583953857422,6,14.5,46307.752975324685,855149.2240350179,43.5,7569.0,79.1642453160979,1,1
casa,7300000,267.0,4,4,2,los balsos no.1,6.186925888061523,-75.56139373779297,10,26.7,48115.75526148983,871145.722446916,66.75,71289.0,82.2550697961868,1,4
apartamento,6000000,50.0,1,2,1,astorga,6.210692405700684,-75.57206726074219,4,12.5,38915.5662264906,771825.3968253968,50.0,2500.0,66.52711983261925,1,1
apartamento,3100000,78.0,3,2,1,san lucas,6.180613994598389,-75.56689453125,6,13.0,47354.22828936933,904097.3871733967,26.0,6084.0,80.95322066375543,1,1
apartamento,5800000,330.0,4,5,1,castropol,6.215024948120117,-75.56480407714844,10,33.0,48917.86962109346,739745.95924104,82.5,108900.0,83.62630406810368,1,1
apartamento,5400000,140.0,3,4,1,los balsos no.1,6.19289,-75.56662,8,17.5,48115.75526148983,871145.722446916,46.666666666666664,19600.0,82.2550697961868,1,1
apartamento,4200000,70.0,2,5,0,patio bonito,6.2091114,-75.5762874,7,10.0,43819.79935642627,741195.3041622199,35.0,4900.0,74.91102727015866,0,0
apartamento,1500000,40.0,2,5,0,san cristobal,6.2713975,-75.6036453,7,5.714285714285714,38232.46878001921,545205.4794520548,20.0,1600.0,65.35934790777384,0,0
apartamento,8000000,13.0,3,3,2,asomadera no.2,6.22428,-75.562,8,1.625,51821.74887892377,772562.6740947075,4.333333333333333,169.0,88.59055724742987,1,4
apartamento,3900000,87.0,3,2,1,barrio colombia,6.22568,-75.57323,6,14.5,46276.59574468085,644444.4444444445,29.0,7569.0,79.11098126220669,1,1
apartamento,4000000,92.0,3,2,1,villa carlota,6.22038,-75.5747,6,15.333333333333334,54977.83356366141,748492.5201380898,30.666666666666668,8464.0,93.98596182156422,1,1
apartamento,3700000,78.0,3,2,1,san diego,6.23356,-75.56993,6,13.0,47227.322103995706,654899.8185117968,26.0,6084.0,80.73627141129654,1,1
apartamento,4200000,98.0,3,2,1,la florida,6.20701,-75.56378,6,16.333333333333332,45025.656955191065,832086.513994911,32.666666666666664,9604.0,76.97247056272704,1,1
apartamento,4500000,104.0,3,3,2,laureles,6.2408599853515625,-75.59696960449219,8,13.0,37952.470484611345,680619.6840826245,34.666666666666664,10816.0,64.88068391909857,1,4
apartamento,4900000,104.0,3,2,2,san lucas,6.182260513305664,-75.56961822509766,7,14.857142857142858,47354.22828936933,904097.3871733967,34.666666666666664,10816.0,80.95322066375543,1,4
apartamento,7300000,140.0,2,3,2,el tesoro,6.203347682952881,-75.55573272705078,7,20.0,46307.752975324685,855149.2240350179,70.0,19600.0,79.1642453160979,1,4
apartamento,3200000,154.0,3,3,2,castropol,6.224565029144287,-75.56639099121094,8,19.25,48917.86962109346,739745.95924104,51.333333333333336,23716.0,83.62630406810368,1,4
apartamento,4200000,80.0,3,2,1,castropol,6.224766254425049,-75.56730651855469,6,13.333333333333334,48917.86962109346,739745.95924104,26.666666666666668,6400.0,83.62630406810368,1,1
apartamento,4800000,141.0,3,2,2,laureles,6.242351055145264,-75.59495544433594,7,20.142857142857142,37952.470484611345,680619.6840826245,47.0,19881.0,64.88068391909857,1,4
apartamento,6800000,65.0,1,2,1,san lucas,6.1798505783081055,-75.56471252441406,4,16.25,47354.22828936933,904097.3871733967,65.0,4225.0,80.95322066375543,1,1
apartamento,7400000,175.0,3,4,2,los naranjos,6.193474292755127,-75.55982971191406,9,19.444444444444443,49565.6761295771,827000.8873114464,58.333333333333336,30625.0,84.733745264447,1,4
apartamento,2800000,70.0,3,2,1,la colina,6.197312355041504,-75.59371948242188,6,11.666666666666666,42341.269841269845,569066.6666666666,23.333333333333332,4900.0,72.38344461445728,1,1
apartamento,7200000,156.0,4,3,1,la florida,6.205695152282715,-75.56403350830078,8,19.5,45025.656955191065,832086.513994911,39.0,24336.0,76.97247056272704,1,1
apartamento,6700000,147.0,3,3,2,los balsos no.2,6.195840358734131,-75.57015991210938,8,18.375,47300.9517913736,836162.823200559,49.0,21609.0,80.86214317702954,1,4
apartamento,6250000,116.0,3,3,2,castropol,6.216073513031006,-75.56632232666016,8,14.5,48917.86962109346,739745.95924104,38.666666666666664,13456.0,83.62630406810368,1,4
apartamento,6700000,118.0,3,3,2,los balsos no.1,6.186746597290039,-75.563232421875,8,14.75,48115.75526148983,871145.722446916,39.333333333333336,13924.0,82.2550697961868,1,4
apartamento,4500000,100.0,3,3,2,santa maria de los angeles,6.190048694610596,-75.5792007446289,8,12.5,47391.397443391514,760224.6376811594,33.333333333333336,10000.0,81.01676224887126,1,4
apartamento,5400000,105.0,2,2,2,la florida,6.201703071594238,-75.56663513183594,6,17.5,45025.656955191065,832086.513994911,52.5,11025.0,76.97247056272704,1,4
apartamento,3650000,94.0,3,2,2,castropol,6.216140270233154,-75.56697082519531,7,13.428571428571429,48917.86962109346,739745.95924104,31.333333333333332,8836.0,83.62630406810368,1,4
apartamento,4700000,63.0,2,2,1,los balsos no.1,6.186577796936035,-75.5617446899414,5,12.6,48115.75526148983,871145.722446916,31.5,3969.0,82.2550697961868,1,1
apartamento,3450000,160.0,5,4,0,la castellana,6.239840507507324,-75.60531616210938,9,17.77777777777778,32305.993690851734,627000.0,32.0,25600.0,55.22789264004374,0,0
apartamento,3500000,90.0,3,2,2,la aguacatala,6.196604251861572,-75.57518005371094,7,12.857142857142858,51442.75043487159,795490.506329114,30.0,8100.0,87.9426500640398,1,4
casa,8200000,260.0,3,3,1,laureles,6.24161958694458,-75.5943603515625,7,37.142857142857146,37952.470484611345,680619.6840826245,86.66666666666667,67600.0,64.88068391909857,1,1
apartamento,3000000,80.0,3,2,1,el velodromo,6.253677845001221,-75.5954818725586,6,13.333333333333334,33048.78048780488,624423.9631336406,26.666666666666668,6400.0,56.497704981033166,1,1
apartamento,2400000,58.0,3,2,0,la loma de los bernal,6.217579364776611,-75.60416412353516,5,11.6,40721.08579809159,584155.2990556138,19.333333333333332,3364.0,69.61370005095546,0,0
apartamento,5000000,83.0,2,2,1,altos del poblado,6.217379788,-75.5555000549,5,16.6,58495.7928802589,930019.3704600484,41.5,6889.0,100.0,1,1
casa,6000000,240.0,4,3,1,la castellana,6.243001,-75.604805,8,30.0,32305.993690851734,627000.0,60.0,57600.0,55.22789264004374,1,1
apartamento,4900000,83.0,2,2,1,altos del poblado,6.217379788,-75.5555000549,5,16.6,58495.7928802589,930019.3704600484,41.5,6889.0,100.0,1,1
casa,6000000,140.0,4,3,1,la castellana,6.243001,-75.604805,8,17.5,32305.993690851734,627000.0,35.0,19600.0,55.22789264004374,1,1
casa,8000000,300.0,5,5,0,la gloria,6.22078769,-75.60603515,10,30.0,34291.07710077967,552325.5813953489,60.0,90000.0,58.62144166670863,0,0
apartamento,3600000,75.0,2,2,1,santa fe,6.22097,-75.57804,5,15.0,48109.58350181965,701917.4041297935,37.5,5625.0,82.24451902088094,1,1
casa,7500000,285.0,4,3,1,los conquistadores,6.244772911071777,-75.580810546875,8,35.625,30995.98034836981,625225.2252252252,71.25,81225.0,52.98839253588492,1,1
apartamento,3800000,120.0,3,2,1,la castellana,6.240705966949463,-75.60765838623047,6,20.0,32305.993690851734,627000.0,40.0,14400.0,55.22789264004374,1,1
apartamento,8800000,200.0,3,4,2,el tesoro,6.202737331390381,-75.55543518066406,9,22.22222222222222,46307.752975324685,855149.2240350179,66.66666666666667,40000.0,79.1642453160979,1,4
apartamento,6700000,172.0,3,3,2,la florida,6.205695152282715,-75.56403350830078,8,21.5,45025.656955191065,832086.513994911,57.333333333333336,29584.0,76.97247056272704,1,4
apartamento,4400000,100.0,3,2,1,los balsos no.2,6.194524765014648,-75.56732177734375,6,16.666666666666668,47300.9517913736,836162.823200559,33.333333333333336,10000.0,80.86214317702954,1,1
apartamento,3300000,89.0,2,2,1,laureles,6.242308139801025,-75.59518432617188,5,17.8,37952.470484611345,680619.6840826245,44.5,7921.0,64.88068391909857,1,1
apartamento,2950000,80.0,3,2,1,los conquistadores,6.243017196655273,-75.58161163330078,6,13.333333333333334,30995.98034836981,625225.2252252252,26.666666666666668,6400.0,52.98839253588492,1,1
apartamento,5700000,85.0,2,3,1,alejandria,6.197247505187988,-75.56945037841797,6,14.166666666666666,48842.610337435945,852482.6560951438,42.5,7225.0,83.49764646735697,1,1
apartamento,3900000,109.0,2,3,1,las lomas no.1,6.208994388580322,-75.56005859375,6,18.166666666666668,42753.43481316735,816268.3823529412,54.5,11881.0,73.08805079483885,1,1
apartamento,7800000,140.0,3,3,2,patio bonito,6.205327033996582,-75.57151794433594,8,17.5,43819.79935642627,741195.3041622199,46.666666666666664,19600.0,74.91102727015866,1,4
apartamento,4000000,140.0,3,3,2,los balsos no.1,6.190004348754883,-75.56254577636719,8,17.5,48115.75526148983,871145.722446916,46.666666666666664,19600.0,82.2550697961868,1,4
apartamento,5200000,120.0,3,3,2,la florida,6.205738544464111,-75.56405639648438,8,15.0,45025.656955191065,832086.513994911,40.0,14400.0,76.97247056272704,1,4
apartamento,4150000,72.0,2,2,2,santa maria de los angeles,6.191449165344238,-75.5782470703125,6,12.0,47391.397443391514,760224.6376811594,36.0,5184.0,81.01676224887126,1,4
apartamento,6900000,129.0,3,4,2,alejandria,6.199612140655518,-75.56756591796875,9,14.333333333333334,48842.610337435945,852482.6560951438,43.0,16641.0,83.49764646735697,1,4
apartamento,2300000,80.0,3,2,0,la gloria,6.222262859344482,-75.60440826416016,5,16.0,34291.07710077967,552325.5813953489,26.666666666666668,6400.0,58.62144166670863,0,0
casa,4000000,260.0,4,4,2,las palmas,6.216774940490723,-75.55192565917969,10,26.0,44135.83717530642,781094.527363184,65.0,67600.0,75.45130171267638,1,4
apartamento,5600000,140.0,3,2,2,las lomas no.2,6.211019515991211,-75.55870819091797,7,20.0,41861.648016276704,816005.6657223796,46.666666666666664,19600.0,71.56351928072442,1,4
apartamento,6100000,90.0,3,2,1,los naranjos,6.193557262420654,-75.56099700927734,6,15.0,49565.6761295771,827000.8873114464,30.0,8100.0,84.733745264447,1,1
apartamento,3900000,70.0,2,2,1,alejandria,6.200205326080322,-75.56792449951172,5,14.0,48842.610337435945,852482.6560951438,35.0,4900.0,83.49764646735697,1,1
apartamento,3950000,74.0,2,2,2,los balsos no.1,6.186973571777344,-75.56109619140625,6,12.333333333333334,48115.75526148983,871145.722446916,37.0,5476.0,82.2550697961868,1,4
apartamento,6000000,152.0,3,2,2,san lucas,6.179945,-75.564059,7,21.714285714285715,47354.22828936933,904097.3871733967,50.666666666666664,23104.0,80.95322066375543,1,4
apartamento,6200000,151.0,3,4,2,los balsos no.2,6.19376,-75.57118,9,16.77777777777778,47300.9517913736,836162.823200559,50.333333333333336,22801.0,80.86214317702954,1,4
casa,8000000,300.0,4,3,0,las acacias,6.24441,-75.6023,7,42.857142857142854,34935.06493506493,672500.0,75.0,90000.0,59.7223547453697,0,0
apartamento,7500000,145.0,3,4,1,la florida,6.20321,-75.56561,8,18.125,45025.656955191065,832086.513994911,48.333333333333336,21025.0,76.97247056272704,1,1
apartamento,4000000,80.0,3,2,1,asomadera no.1,6.22566,-75.56284,6,13.333333333333334,48571.57944764218,665557.1635311143,26.666666666666668,6400.0,83.03431247964855,1,1
apartamento,4200000,84.0,3,2,1,villa carlota,6.22196,-75.5735,6,14.0,54977.83356366141,748492.5201380898,28.0,7056.0,93.98596182156422,1,1
apartamento,2300000,70.0,3,2,0,la gloria,6.22259,-75.60811,5,14.0,34291.07710077967,552325.5813953489,23.333333333333332,4900.0,58.62144166670863,0,0
apartamento,3350000,120.0,3,2,1,los conquistadores,6.2413740158081055,-75.58100128173828,6,20.0,30995.98034836981,625225.2252252252,40.0,14400.0,52.98839253588492,1,1
apartamento,5300000,150.0,3,3,3,san lucas,6.1854448318481445,-75.56639099121094,9,16.666666666666668,47354.22828936933,904097.3871733967,50.0,22500.0,80.95322066375543,1,9
casa,6500000,95.0,1,2,1,altos del poblado,6.208442211151123,-75.55481719970703,4,23.75,58495.7928802589,930019.3704600484,95.0,9025.0,100.0,1,1
apartamento,8500000,100.0,2,3,2,el tesoro,6.201257705688477,-75.55394744873047,7,14.285714285714286,46307.752975324685,855149.2240350179,50.0,10000.0,79.1642453160979,1,4
apartamento,4700000,89.0,3,2,1,alejandria,6.197247505187988,-75.56945037841797,6,14.833333333333334,48842.610337435945,852482.6560951438,29.666666666666668,7921.0,83.49764646735697,1,1
apartamento,6400000,135.0,3,3,2,los naranjos,6.1931281089782715,-75.55972290039062,8,16.875,49565.6761295771,827000.8873114464,45.0,18225.0,84.733745264447,1,4
apartamento,2900000,56.0,3,2,1,los colores,6.266544818878174,-75.59243774414062,6,9.333333333333334,34639.764996907856,599064.1711229946,18.666666666666668,3136.0,59.21753222118996,1,1
apartamento,5100000,145.0,3,3,2,patio bonito,6.2056732177734375,-75.57352447509766,8,18.125,43819.79935642627,741195.3041622199,48.333333333333336,21025.0,74.91102727015866,1,4
apartamento,4500000,99.0,3,2,2,los balsos no.1,6.18585729598999,-75.56092834472656,7,14.142857142857142,48115.75526148983,871145.722446916,33.0,9801.0,82.2550697961868,1,4
apartamento,8200000,200.0,3,4,2,el tesoro,6.199151039123535,-75.55363464355469,9,22.22222222222222,46307.752975324685,855149.2240350179,66.66666666666667,40000.0,79.1642453160979,1,4
apartamento,4600000,228.0,4,2,2,laureles,6.242758750915527,-75.59607696533203,8,28.5,37952.470484611345,680619.6840826245,57.0,51984.0,64.88068391909857,1,4
apartamento,4200000,75.0,2,2,2,los balsos no.1,6.186256408691406,-75.56201171875,6,12.5,48115.75526148983,871145.722446916,37.5,5625.0,82.2550697961868,1,4
apartamento,2850000,50.0,1,1,1,la loma de los bernal,6.217579364776611,-75.60416412353516,3,16.666666666666668,40721.08579809159,584155.2990556138,50.0,2500.0,69.61370005095546,1,1
apartamento,2700000,198.0,4,4,3,lalinde,6.213459491729736,-75.56913757324219,11,18.0,53427.21397778484,890320.987654321,49.5,39204.0,91.33513941276176,1,9
apartamento,6200000,140.0,3,4,2,la florida,6.203094482421875,-75.57052612304688,9,15.555555555555555,45025.656955191065,832086.513994911,46.666666666666664,19600.0,76.97247056272704,1,4
apartamento,3950000,75.0,2,2,1,villa carlota,6.2224297523498535,-75.57136535644531,5,15.0,54977.83356366141,748492.5201380898,37.5,5625.0,93.98596182156422,1,1
apartamento,6700000,127.0,3,3,1,asomadera no.1,6.225461483001709,-75.56105041503906,7,18.142857142857142,48571.57944764218,665557.1635311143,42.333333333333336,16129.0,83.03431247964855,1,1
apartamento,3050000,75.0,3,2,1,castropol,6.216943264007568,-75.566650390625,6,12.5,48917.86962109346,739745.95924104,25.0,5625.0,83.62630406810368,1,1
apartamento,3350000,70.0,3,2,1,la castellana,6.240705966949463,-75.60765838623047,6,11.666666666666666,32305.993690851734,627000.0,23.333333333333332,4900.0,55.22789264004374,1,1
casa,5500000,95.0,1,2,1,altos del poblado,6.208442211151123,-75.55481719970703,4,23.75,58495.7928802589,930019.3704600484,95.0,9025.0,100.0,1,1
apartamento,4700000,100.0,2,3,1,lalinde,6.21330451965332,-75.56542205810547,6,16.666666666666668,53427.21397778484,890320.987654321,50.0,10000.0,91.33513941276176,1,1
apartamento,6200000,130.0,3,3,2,castropol,6.215414524078369,-75.56713104248047,8,16.25,48917.86962109346,739745.95924104,43.333333333333336,16900.0,83.62630406810368,1,4
apartamento,3850000,125.0,3,2,1,laureles,6.242758750915527,-75.59607696533203,6,20.833333333333332,37952.470484611345,680619.6840826245,41.666666666666664,15625.0,64.88068391909857,1,1
apartamento,4700000,155.0,3,2,2,san lucas,6.17995023727417,-75.56442260742188,7,22.142857142857142,47354.22828936933,904097.3871733967,51.666666666666664,24025.0,80.95322066375543,1,4
apartamento,3400000,72.0,3,2,1,calasanz,6.260870933532715,-75.59918975830078,6,12.0,32548.10882548109,537043.795620438,24.0,5184.0,55.64179443145114,1,1
apartamento,4750000,90.0,2,2,1,los balsos no.2,6.19558048248291,-75.56987762451172,5,18.0,47300.9517913736,836162.823200559,45.0,8100.0,80.86214317702954,1,1
apartamento,4550000,135.0,2,3,1,laureles,6.2426557540893555,-75.59835052490234,6,22.5,37952.470484611345,680619.6840826245,67.5,18225.0,64.88068391909857,1,1
apartamento,4500000,87.0,3,2,2,altos del poblado,6.207151,-75.551901,7,12.428571428571429,58495.7928802589,930019.3704600484,29.0,7569.0,100.0,1,4
casa,4500000,180.0,5,2,1,miravalle,6.234469,-75.599712,8,22.5,42041.52249134948,650892.8571428572,36.0,32400.0,71.87101913022809,1,1
casa,8000000,300.0,5,5,1,calasanz,6.263406,-75.599405,11,27.272727272727273,32548.10882548109,537043.795620438,60.0,90000.0,55.64179443145114,1,1
apartamento,2600000,72.0,2,5,0,simon bolivar,6.2474864,-75.6056514,7,10.285714285714286,28965.474716228782,659298.245614035,36.0,5184.0,49.51719310057257,0,0
apartamento,6300000,104.0,2,2,1,alejandria,6.19901,-75.56633,5,20.8,48842.610337435945,852482.6560951438,52.0,10816.0,83.49764646735697,1,1
apartamento,4200000,90.0,2,2,1,los naranjos,6.19535,-75.5643,5,18.0,49565.6761295771,827000.8873114464,45.0,8100.0,84.733745264447,1,1
apartamento,2900000,75.0,3,2,1,san german,6.26885,-75.5903,6,12.5,39001.584786053885,502244.89795918367,25.0,5625.0,66.67417068077062,1,1
casa,9500000,350.0,3,4,2,las lomas no.1,6.2103557,-75.5634679,9,38.888888888888886,42753.43481316735,816268.3823529412,116.66666666666667,122500.0,73.08805079483885,1,4
apartamento,3700000,96.0,3,2,1,laureles,6.242308139801025,-75.59518432617188,6,16.0,37952.470484611345,680619.6840826245,32.0,9216.0,64.88068391909857,1,1
apartamento,4650000,114.0,3,3,1,san lucas,6.179996967315674,-75.56529998779297,7,16.285714285714285,47354.22828936933,904097.3871733967,38.0,12996.0,80.95322066375543,1,1
apartamento,5900000,110.0,3,3,2,los balsos no.2,6.196844577789307,-75.56871795654297,8,13.75,47300.9517913736,836162.823200559,36.666666666666664,12100.0,80.86214317702954,1,4
apartamento,4200000,90.0,3,2,1,el diamante no.2,6.185441017150879,-75.5752944946289,6,15.0,43639.65496971377,774744.3419949707,30.0,8100.0,74.60306600005285,1,1
apartamento,5200000,80.0,2,2,2,altos del poblado,6.213791370391846,-75.55433654785156,6,13.333333333333334,58495.7928802589,930019.3704600484,40.0,6400.0,100.0,1,4
apartamento,3150000,50.0,2,2,1,castropol,6.216073513031006,-75.56688690185547,5,10.0,48917.86962109346,739745.95924104,25.0,2500.0,83.62630406810368,1,1
apartamento,6400000,104.0,2,2,1,alejandria,6.199573516845703,-75.57066345214844,5,20.8,48842.610337435945,852482.6560951438,52.0,10816.0,83.49764646735697,1,1
apartamento,7350000,164.0,3,4,3,san lucas,6.1799445152282715,-75.56405639648438,10,16.4,47354.22828936933,904097.3871733967,54.666666666666664,26896.0,80.95322066375543,1,9
apartamento,3150000,51.0,1,2,1,villa carlota,6.218269348144531,-75.57412719726562,4,12.75,54977.83356366141,748492.5201380898,51.0,2601.0,93.98596182156422,1,1
apartamento,2700000,76.0,3,2,1,asomadera no.1,6.225461483001709,-75.56105041503906,6,12.666666666666666,48571.57944764218,665557.1635311143,25.333333333333332,5776.0,83.03431247964855,1,1
apartamento,3400000,130.0,3,3,1,naranjal,6.252506732940674,-75.58670806884766,7,18.571428571428573,25925.925925925927,583333.3333333334,43.333333333333336,16900.0,44.32100951088293,1,1
apartamento,5900000,78.0,2,2,2,alejandria,6.200074672698975,-75.5694580078125,6,13.0,48842.610337435945,852482.6560951438,39.0,6084.0,83.49764646735697,1,4
apartamento,9500000,170.0,3,4,3,el tesoro,6.203347682952881,-75.55573272705078,10,17.0,46307.752975324685,855149.2240350179,56.666666666666664,28900.0,79.1642453160979,1,9
apartamento,3000000,90.0,3,2,2,san lucas,6.1799445152282715,-75.56405639648438,7,12.857142857142858,47354.22828936933,904097.3871733967,30.0,8100.0,80.95322066375543,1,4
apartamento,5100000,165.0,3,2,2,los naranjos,6.199249267578125,-75.56401824951172,7,23.571428571428573,49565.6761295771,827000.8873114464,55.0,27225.0,84.733745264447,1,4
apartamento,7300000,150.0,3,3,2,san lucas,6.177971363067627,-75.56291961669922,8,18.75,47354.22828936933,904097.3871733967,50.0,22500.0,80.95322066375543,1,4
casa,7300000,160.0,3,3,2,san lucas,6.179809093475342,-75.56349182128906,8,20.0,47354.22828936933,904097.3871733967,53.333333333333336,25600.0,80.95322066375543,1,4
apartamento,2650000,60.0,2,2,1,san diego,6.231900215148926,-75.56756591796875,5,12.0,47227.322103995706,654899.8185117968,30.0,3600.0,80.73627141129654,1,1
apartamento,8800000,187.0,3,4,2,el tesoro,6.203347682952881,-75.55573272705078,9,20.77777777777778,46307.752975324685,855149.2240350179,62.333333333333336,34969.0,79.1642453160979,1,4
apartamento,8700000,170.0,3,4,2,el tesoro,6.203680038452148,-75.55545806884766,9,18.88888888888889,46307.752975324685,855149.2240350179,56.666666666666664,28900.0,79.1642453160979,1,4
apartamento,7700000,192.0,3,3,2,los balsos no.1,6.184794902801514,-75.56233978271484,8,24.0,48115.75526148983,871145.722446916,64.0,36864.0,82.2550697961868,1,4
apartamento,5700000,150.0,3,4,2,el tesoro,6.2020134925842285,-75.55805969238281,9,16.666666666666668,46307.752975324685,855149.2240350179,50.0,22500.0,79.1642453160979,1,4
apartamento,2800000,85.0,3,2,0,estadio,6.26089,-75.59229,5,17.0,28935.940737376888,589306.3583815029,28.333333333333332,7225.0,49.466704035636994,0,0
casa,5000000,130.0,5,5,0,la gloria,6.22518,-75.60213,10,13.0,34291.07710077967,552325.5813953489,26.0,16900.0,58.62144166670863,0,0
apartamento,6500000,157.0,3,5,1,san lucas,6.18134,-75.56269,9,17.444444444444443,47354.22828936933,904097.3871733967,52.333333333333336,24649.0,80.95322066375543,1,1
apartamento,8870000,250.0,3,4,3,el diamante no.2,6.18329,-75.57349,10,25.0,43639.65496971377,774744.3419949707,83.33333333333333,62500.0,74.60306600005285,1,9
apartamento,1650000,48.0,2,1,0,robledo,6.27582,-75.59794,3,16.0,31382.113821138213,371153.8461538461,24.0,2304.0,53.648497226762125,0,0
apartamento,5000000,110.0,1,3,1,santa maria de los angeles,6.1898379471,-75.5784951573,5,22.0,47391.397443391514,760224.6376811594,110.0,12100.0,81.01676224887126,1,1
casa,8500000,266.0,4,4,2,las lomas no.2,6.21208,-75.556512,10,26.6,41861.648016276704,816005.6657223796,66.5,70756.0,71.56351928072442,1,4
apartamento,6200000,120.0,3,4,2,los balsos no.1,6.19296,-75.56663,9,13.333333333333334,48115.75526148983,871145.722446916,40.0,14400.0,82.2550697961868,1,4
apartamento,2650000,126.0,3,2,2,san lucas,6.184571743011475,-75.5633544921875,7,18.0,47354.22828936933,904097.3871733967,42.0,15876.0,80.95322066375543,1,4
apartamento,3350000,92.0,3,2,1,patio bonito,6.20047664642334,-75.5733413696289,6,15.333333333333334,43819.79935642627,741195.3041622199,30.666666666666668,8464.0,74.91102727015866,1,1
apartamento,3650000,134.0,3,2,1,laureles,6.241497993469238,-75.59444427490234,6,22.333333333333332,37952.470484611345,680619.6840826245,44.666666666666664,17956.0,64.88068391909857,1,1
apartamento,5650000,110.0,3,3,2,santa maria de los angeles,6.189105033874512,-75.57966613769531,8,13.75,47391.397443391514,760224.6376811594,36.666666666666664,12100.0,81.01676224887126,1,4
apartamento,3200000,80.0,3,2,1,san lucas,6.179888725280762,-75.56471252441406,6,13.333333333333334,47354.22828936933,904097.3871733967,26.666666666666668,6400.0,80.95322066375543,1,1
apartamento,6000000,219.0,3,4,3,alejandria,6.20152371,-75.57217188,10,21.9,48842.610337435945,852482.6560951438,73.0,47961.0,83.49764646735697,1,9
apartamento,9500000,216.0,3,4,3,los balsos no.2,6.195840358734131,-75.57015991210938,10,21.6,47300.9517913736,836162.823200559,72.0,46656.0,80.86214317702954,1,9
apartamento,3350000,113.0,3,3,1,el nogal-los almendros,6.237189769744873,-75.5968246459961,7,16.142857142857142,31931.988041853514,623722.6277372263,37.666666666666664,12769.0,54.5885207628836,1,1
apartamento,6000000,150.0,3,3,2,los balsos no.2,6.196805000305176,-75.57260131835938,8,18.75,47300.9517913736,836162.823200559,50.0,22500.0,80.86214317702954,1,4
apartamento,3100000,64.0,1,2,1,las lomas no.2,6.208906173706055,-75.55675506591797,4,16.0,41861.648016276704,816005.6657223796,64.0,4096.0,71.56351928072442,1,1
apartamento,5600000,115.0,3,3,2,castropol,6.2159013748168945,-75.56682586669922,8,14.375,48917.86962109346,739745.95924104,38.333333333333336,13225.0,83.62630406810368,1,4
apartamento,3450000,85.0,3,2,1,castropol,6.223623752593994,-75.56558227539062,6,14.166666666666666,48917.86962109346,739745.95924104,28.333333333333332,7225.0,83.62630406810368,1,1
apartamento,4100000,64.0,1,2,1,las lomas no.2,6.208735466003418,-75.55577087402344,4,16.0,41861.648016276704,816005.6657223796,64.0,4096.0,71.56351928072442,1,1
apartamento,3300000,51.0,1,2,1,villa carlota,6.218226432800293,-75.57369232177734,4,12.75,54977.83356366141,748492.5201380898,51.0,2601.0,93.98596182156422,1,1
apartamento,6350000,150.0,3,4,2,santa maria de los angeles,6.189764022827148,-75.57858276367188,9,16.666666666666668,47391.397443391514,760224.6376811594,50.0,22500.0,81.01676224887126,1,4
apartamento,4050000,81.0,3,2,1,villa carlota,6.218216896057129,-75.57360076904297,6,13.5,54977.83356366141,748492.5201380898,27.0,6561.0,93.98596182156422,1,1
apartamento,2750000,110.0,2,2,1,villa carlota,6.217846870422363,-75.57034301757812,5,22.0,54977.83356366141,748492.5201380898,55.0,12100.0,93.98596182156422,1,1
apartamento,3400000,127.0,3,2,1,los colores,6.267888,-75.595068,6,21.166666666666668,34639.764996907856,599064.1711229946,42.333333333333336,16129.0,59.21753222118996,1,1
apartamento,2200000,85.0,3,2,0,fatima,6.234691,-75.584433,5,17.0,31102.18652387327,606086.9565217391,28.333333333333332,7225.0,53.16995461116248,0,0
casa,4500000,147.0,5,4,1,san cristobal,6.26973,-75.60256,10,14.7,38232.46878001921,545205.4794520548,29.4,21609.0,65.35934790777384,1,1
apartamento,8400000,214.0,3,5,2,el tesoro,6.20261604,-75.55442607,10,21.4,46307.752975324685,855149.2240350179,71.33333333333333,45796.0,79.1642453160979,1,4
casa,9500000,170.0,3,4,2,san lucas,6.18249,-75.56292,9,18.88888888888889,47354.22828936933,904097.3871733967,56.666666666666664,28900.0,80.95322066375543,1,4
apartamento,6800000,180.0,5,5,0,la castellana,6.2394,-75.60726,10,18.0,32305.993690851734,627000.0,36.0,32400.0,55.22789264004374,0,0
apartamento,3000000,70.0,3,2,1,san diego,6.22886,-75.56669,6,11.666666666666666,47227.322103995706,654899.8185117968,23.333333333333332,4900.0,80.73627141129654,1,1
apartamento,4000000,72.0,3,3,1,villa carlota,6.22378,-75.57306,7,10.285714285714286,54977.83356366141,748492.5201380898,24.0,5184.0,93.98596182156422,1,1
apartamento,4300000,67.0,1,2,1,santa maria de los angeles,6.189042091369629,-75.57904815673828,4,16.75,47391.397443391514,760224.6376811594,67.0,4489.0,81.01676224887126,1,1
apartamento,4300000,67.0,1,2,1,santa maria de los angeles,6.189042091369629,-75.57904815673828,4,16.75,47391.397443391514,760224.6376811594,67.0,4489.0,81.01676224887126,1,1
apartamento,7650000,91.0,2,2,2,alejandria,6.200736045837402,-75.56977844238281,6,15.166666666666666,48842.610337435945,852482.6560951438,45.5,8281.0,83.49764646735697,1,4
apartamento,4650000,103.0,3,2,2,las acacias,6.243462562561035,-75.60078430175781,7,14.714285714285714,34935.06493506493,672500.0,34.333333333333336,10609.0,59.7223547453697,1,4
apartamento,4450000,90.0,2,2,1,alejandria,6.197247505187988,-75.56945037841797,5,18.0,48842.610337435945,852482.6560951438,45.0,8100.0,83.49764646735697,1,1
apartamento,9800000,109.0,2,3,2,el tesoro,6.204051494598389,-75.55583953857422,7,15.571428571428571,46307.752975324685,855149.2240350179,54.5,11881.0,79.1642453160979,1,4
apartamento,4550000,122.0,3,3,1,las lomas no.1,6.215233325958252,-75.5632553100586,7,17.428571428571427,42753.43481316735,816268.3823529412,40.666666666666664,14884.0,73.08805079483885,1,1
apartamento,4150000,130.0,3,3,2,el diamante no.2,6.182635307312012,-75.57339477539062,8,16.25,43639.65496971377,774744.3419949707,43.333333333333336,16900.0,74.60306600005285,1,4
apartamento,4700000,116.0,3,2,1,castropol,6.214315891265869,-75.56798553466797,6,19.333333333333332,48917.86962109346,739745.95924104,38.666666666666664,13456.0,83.62630406810368,1,1
apartamento,8000000,95.0,3,2,1,los naranjos,6.19387674331665,-75.56238555908203,6,15.833333333333334,49565.6761295771,827000.8873114464,31.666666666666668,9025.0,84.733745264447,1,1
casa,5500000,262.0,4,2,2,las acacias,6.240993499755859,-75.60108184814453,8,32.75,34935.06493506493,672500.0,65.5,68644.0,59.7223547453697,1,4
apartamento,4700000,50.0,1,2,1,el tesoro,6.2028350830078125,-75.55504608154297,4,12.5,46307.752975324685,855149.2240350179,50.0,2500.0,79.1642453160979,1,1
apartamento,1000000,40.0,1,1,0,manrique central no.1,6.26732648,-75.55611728,2,20.0,25000.0,500000.0,40.0,1600.0,42.73811631406568,0,0
apartamento,3550000,84.0,3,2,2,patio bonito,6.204015731811523,-75.5736312866211,7,12.0,43819.79935642627,741195.3041622199,28.0,7056.0,74.91102727015866,1,4
apartamento,7200000,125.0,3,3,2,el tesoro,6.197856426239014,-75.55696868896484,8,15.625,46307.752975324685,855149.2240350179,41.666666666666664,15625.0,79.1642453160979,1,4
apartamento,2700000,80.0,3,2,1,la mota,6.206661701202393,-75.5995864868164,6,13.333333333333334,31054.252952250557,508263.3053221289,26.666666666666668,6400.0,53.08801098878807,1,1
apartamento,6500000,143.0,3,4,0,los balsos no.2,6.19244669,-75.56711937,7,20.428571428571427,47300.9517913736,836162.823200559,47.666666666666664,20449.0,80.86214317702954,0,0
apartamento,4500000,79.0,2,2,1,la aguacatala,6.197410583496094,-75.577392578125,5,15.8,51442.75043487159,795490.506329114,39.5,6241.0,87.9426500640398,1,1
apartamento,5700000,120.0,2,2,1,los naranjos,6.1951751708984375,-75.55643463134766,5,24.0,49565.6761295771,827000.8873114464,60.0,14400.0,84.733745264447,1,1
apartamento,3100000,67.0,2,2,1,san diego,6.2327140767,-75.5676969326,5,13.4,47227.322103995706,654899.8185117968,33.5,4489.0,80.73627141129654,1,1
apartamento,3400000,101.0,3,3,1,miravalle,6.2345709800720215,-75.599853515625,7,14.428571428571429,42041.52249134948,650892.8571428572,33.666666666666664,10201.0,71.87101913022809,1,1
apartamento,3200000,174.0,3,3,2,el tesoro,6.199662685394287,-75.55791473388672,8,21.75,46307.752975324685,855149.2240350179,58.0,30276.0,79.1642453160979,1,4
apartamento,3500000,85.0,2,2,1,castropol,6.224435806274414,-75.56761169433594,5,17.0,48917.86962109346,739745.95924104,42.5,7225.0,83.62630406810368,1,1
apartamento,4800000,104.0,3,3,1,los conquistadores,6.242647647857666,-75.58167266845703,7,14.857142857142858,30995.98034836981,625225.2252252252,34.666666666666664,10816.0,52.98839253588492,1,1
apartamento,5000000,174.0,3,4,1,lorena,6.24867,-75.599712,8,21.75,35721.295387634935,652329.7491039427,58.0,30276.0,61.06643508663359,1,1
casa,8700000,341.0,4,5,1,rosales,6.23638549,-75.59471114,10,34.1,31678.50652568974,626633.9869281045,85.25,116281.0,54.15518786203267,1,1
apartamento,7500000,138.0,3,3,1,villa carlota,6.21985,-75.57515,7,19.714285714285715,54977.83356366141,748492.5201380898,46.0,19044.0,93.98596182156422,1,1
casa,7500000,300.0,5,3,1,rosales,6.23636519,-75.59331941,9,33.333333333333336,31678.50652568974,626633.9869281045,60.0,90000.0,54.15518786203267,1,1
casa,2200000,86.0,3,2,0,fatima,6.23551,-75.5836,5,17.2,31102.18652387327,606086.9565217391,28.666666666666668,7396.0,53.16995461116248,0,0
apartamento,2000000,55.0,3,2,0,belen rincon,6.21098403,-75.60516341,5,11.0,42767.5585284281,568333.3333333334,18.333333333333332,3025.0,73.11219563426286,0,0
apartamento,5000000,96.0,2,2,2,lalinde,6.21184,-75.56656,6,16.0,53427.21397778484,890320.987654321,48.0,9216.0,91.33513941276176,1,4
apartamento,4050000,140.0,3,3,1,los colores,6.266699314117432,-75.59253692626953,7,20.0,34639.764996907856,599064.1711229946,46.666666666666664,19600.0,59.21753222118996,1,1
apartamento,3950000,100.0,3,2,2,las lomas no.1,6.210818290710449,-75.56114959716797,7,14.285714285714286,42753.43481316735,816268.3823529412,33.333333333333336,10000.0,73.08805079483885,1,4
casa,8000000,110.0,4,4,0,el castillo,6.19122961,-75.56768877,8,13.75,56343.83279364145,907109.0047393364,27.5,12100.0,96.32117118059666,0,0
apartamento,7800000,134.0,3,3,2,el tesoro,6.204082012176514,-75.55439758300781,8,16.75,46307.752975324685,855149.2240350179,44.666666666666664,17956.0,79.1642453160979,1,4
apartamento,2750000,82.0,3,2,1,carlos e. restrepo,6.258572578430176,-75.58325958251953,6,13.666666666666666,32596.68508287293,561904.7619047619,27.333333333333332,6724.0,55.72483674099171,1,1
apartamento,1800000,50.0,2,1,0,asomadera no.1,6.229232,-75.562935,3,16.666666666666668,48571.57944764218,665557.1635311143,25.0,2500.0,83.03431247964855,0,0
apartamento,7900000,149.0,3,3,2,altos del poblado,6.215419769287109,-75.55437469482422,8,18.625,58495.7928802589,930019.3704600484,49.666666666666664,22201.0,100.0,1,4
apartamento,7200000,137.0,3,3,2,lalinde,6.212024211883545,-75.56797790527344,8,17.125,53427.21397778484,890320.987654321,45.666666666666664,18769.0,91.33513941276176,1,4
apartamento,5800000,137.0,3,3,2,el tesoro,6.204082012176514,-75.55439758300781,8,17.125,46307.752975324685,855149.2240350179,45.666666666666664,18769.0,79.1642453160979,1,4
apartamento,3350000,70.0,3,2,1,villa carlota,6.218286514282227,-75.57432556152344,6,11.666666666666666,54977.83356366141,748492.5201380898,23.333333333333332,4900.0,93.98596182156422,1,1
apartamento,5650000,100.0,2,3,2,el castillo,6.1881608963012695,-75.56910705566406,7,14.285714285714286,56343.83279364145,907109.0047393364,50.0,10000.0,96.32117118059666,1,4
apartamento,6900000,140.0,4,3,2,las lomas no.1,6.208992004394531,-75.5606918334961,9,15.555555555555555,42753.43481316735,816268.3823529412,35.0,19600.0,73.08805079483885,1,4
apartamento,2700000,42.0,1,1,1,laureles,6.242758750915527,-75.59607696533203,3,14.0,37952.470484611345,680619.6840826245,42.0,1764.0,64.88068391909857,1,1
casa,8700000,165.0,2,4,3,los balsos no.1,6.186973571777344,-75.56109619140625,9,18.333333333333332,48115.75526148983,871145.722446916,82.5,27225.0,82.2550697961868,1,9
apartamento,7700000,402.0,3,4,2,las lomas no.1,6.215245246887207,-75.5632553100586,9,44.666666666666664,42753.43481316735,816268.3823529412,134.0,161604.0,73.08805079483885,1,4
apartamento,8850000,87.0,2,3,2,villa carlota,6.221945762634277,-75.57394409179688,7,12.428571428571429,54977.83356366141,748492.5201380898,43.5,7569.0,93.98596182156422,1,4
apartamento,5500000,68.0,2,2,1,los balsos no.2,6.196648,-75.5726029,5,13.6,47300.9517913736,836162.823200559,34.0,4624.0,80.86214317702954,1,1
apartamento,2800000,85.0,3,2,1,el nogal-los almendros,6.238021373748779,-75.59652709960938,6,14.166666666666666,31931.988041853514,623722.6277372263,28.333333333333332,7225.0,54.5885207628836,1,1
apartamento,4200000,88.0,1,2,1,las lomas no.1,6.210335731506348,-75.56351470947266,4,22.0,42753.43481316735,816268.3823529412,88.0,7744.0,73.08805079483885,1,1
apartamento,5600000,52.0,1,2,2,san lucas,6.179407596588135,-75.56230926513672,5,10.4,47354.22828936933,904097.3871733967,52.0,2704.0,80.95322066375543,1,4
apartamento,4100000,100.0,3,2,1,alejandria,6.19748592376709,-75.56643676757812,6,16.666666666666668,48842.610337435945,852482.6560951438,33.333333333333336,10000.0,83.49764646735697,1,1
apartamento,5200000,90.0,3,2,2,los balsos no.1,6.187464237213135,-75.56763458251953,7,12.857142857142858,48115.75526148983,871145.722446916,30.0,8100.0,82.2550697961868,1,4
apartamento,8200000,121.0,3,3,2,los naranjos,6.195441722869873,-75.56298828125,8,15.125,49565.6761295771,827000.8873114464,40.333333333333336,14641.0,84.733745264447,1,4
apartamento,4350000,130.0,3,3,2,lalinde,6.211876392364502,-75.56607055664062,8,16.25,53427.21397778484,890320.987654321,43.333333333333336,16900.0,91.33513941276176,1,4
apartamento,2600000,45.0,1,1,1,el poblado,6.210163116455078,-75.56632995605469,3,15.0,51331.92389006342,930592.3344947735,45.0,2025.0,87.7531893535319,1,1
casa,3500000,80.0,3,2,0,prado,6.26012,-75.55968,5,16.0,28816.08339538347,604687.5,26.666666666666668,6400.0,49.261804954708616,0,0
apartamento,7200000,117.0,2,3,2,manila,6.2123974,-75.5700563,7,16.714285714285715,48813.76037959668,888129.4964028777,58.5,13689.0,83.44832675320535,1,4
casa,4500000,130.0,3,2,0,estadio,6.25889,-75.59223,5,26.0,28935.940737376888,589306.3583815029,43.333333333333336,16900.0,49.466704035636994,0,0
apartamento,7500000,152.0,3,2,2,villa carlota,6.22275,-75.5701,7,21.714285714285715,54977.83356366141,748492.5201380898,50.666666666666664,23104.0,93.98596182156422,1,4
apartamento,9900000,180.0,3,4,2,los balsos no.1,6.187829971313477,-75.55864715576172,9,20.0,48115.75526148983,871145.722446916,60.0,32400.0,82.2550697961868,1,4
apartamento,4700000,220.0,3,3,2,la florida,6.202818393707275,-75.56599426269531,8,27.5,45025.656955191065,832086.513994911,73.33333333333333,48400.0,76.97247056272704,1,4
apartamento,4300000,96.0,3,3,1,los conquistadores,6.242410659790039,-75.58174896240234,7,13.714285714285714,30995.98034836981,625225.2252252252,32.0,9216.0,52.98839253588492,1,1
casa,2800000,80.0,2,2,0,la palma,6.228612422943115,-75.59928131103516,4,20.0,30263.43970871707,611688.3116883116,40.0,6400.0,51.73609625339456,0,0
casa,9500000,340.0,3,4,4,el tesoro,6.203351020812988,-75.55372619628906,11,30.90909090909091,46307.752975324685,855149.2240350179,113.33333333333333,115600.0,79.1642453160979,1,16
apartamento,6700000,110.0,3,3,1,laureles,6.242671489715576,-75.5943603515625,7,15.714285714285714,37952.470484611345,680619.6840826245,36.666666666666664,12100.0,64.88068391909857,1,1
apartamento,5100000,100.0,3,3,2,alejandria,6.197765827178955,-75.56597900390625,8,12.5,48842.610337435945,852482.6560951438,33.333333333333336,10000.0,83.49764646735697,1,4
apartamento,6650000,137.0,3,4,2,santa maria de los angeles,6.190206050872803,-75.57931518554688,9,15.222222222222221,47391.397443391514,760224.6376811594,45.666666666666664,18769.0,81.01676224887126,1,4
apartamento,5100000,70.0,1,2,1,altos del poblado,6.208309173583984,-75.55199432373047,4,17.5,58495.7928802589,930019.3704600484,70.0,4900.0,100.0,1,1
casa,4700000,276.0,4,3,4,la florida,6.201298713684082,-75.56568908691406,11,25.09090909090909,45025.656955191065,832086.513994911,69.0,76176.0,76.97247056272704,1,16
apartamento,4600000,150.0,2,3,2,asomadera no.2,6.216834545135498,-75.56088256835938,7,21.428571428571427,51821.74887892377,772562.6740947075,75.0,22500.0,88.59055724742987,1,4
apartamento,9500000,320.0,3,4,2,los balsos no.1,6.185733795166016,-75.55889129638672,9,35.55555555555556,48115.75526148983,871145.722446916,106.66666666666667,102400.0,82.2550697961868,1,4
apartamento,7800000,139.0,3,4,2,los naranjos,6.19364070892334,-75.55975341796875,9,15.444444444444445,49565.6761295771,827000.8873114464,46.333333333333336,19321.0,84.733745264447,1,4
apartamento,5400000,122.0,2,3,2,alejandria,6.202234745025635,-75.56956481933594,7,17.428571428571427,48842.610337435945,852482.6560951438,61.0,14884.0,83.49764646735697,1,4
apartamento,3800000,105.0,3,3,0,la palma,6.2282280921936035,-75.6018295288086,6,17.5,30263.43970871707,611688.3116883116,35.0,11025.0,51.73609625339456,0,0
apartamento,6300000,121.0,3,3,2,los balsos no.2,6.196192264556885,-75.57027435302734,8,15.125,47300.9517913736,836162.823200559,40.333333333333336,14641.0,80.86214317702954,1,4
apartamento,5800000,130.0,3,3,2,los balsos no.1,6.189059734344482,-75.5609359741211,8,16.25,48115.75526148983,871145.722446916,43.333333333333336,16900.0,82.2550697961868,1,4
apartamento,8700000,180.0,3,4,2,la florida,6.205695152282715,-75.56403350830078,9,20.0,45025.656955191065,832086.513994911,60.0,32400.0,76.97247056272704,1,4
apartamento,7300000,100.0,2,2,2,san lucas,6.1822829246521,-75.56431579589844,6,16.666666666666668,47354.22828936933,904097.3871733967,50.0,10000.0,80.95322066375543,1,4
apartamento,7700000,146.0,3,4,3,castropol,6.2145562171936035,-75.56587219238281,10,14.6,48917.86962109346,739745.95924104,48.666666666666664,21316.0,83.62630406810368,1,9
apartamento,5200000,100.0,3,2,2,los balsos no.1,6.18711519241333,-75.559814453125,7,14.285714285714286,48115.75526148983,871145.722446916,33.333333333333336,10000.0,82.2550697961868,1,4
apartamento,9900000,150.0,3,3,1,el tesoro,6.1994215,-75.55960373,7,21.428571428571427,46307.752975324685,855149.2240350179,50.0,22500.0,79.1642453160979,1,1
casa,3600000,135.0,3,3,0,la castellana,6.240710735321045,-75.60774993896484,6,22.5,32305.993690851734,627000.0,45.0,18225.0,55.22789264004374,0,0
apartamento,7200000,100.0,2,2,2,el tesoro,6.202774524688721,-75.5521240234375,6,16.666666666666668,46307.752975324685,855149.2240350179,50.0,10000.0,79.1642453160979,1,4
apartamento,3600000,78.0,3,2,1,patio bonito,6.205358028411865,-75.57597351074219,6,13.0,43819.79935642627,741195.3041622199,26.0,6084.0,74.91102727015866,1,1
apartamento,3450000,100.0,3,2,1,la loma de los bernal,6.21914529800415,-75.60396575927734,6,16.666666666666668,40721.08579809159,584155.2990556138,33.333333333333336,10000.0,69.61370005095546,1,1
apartamento,5000000,90.0,2,2,1,las lomas no.1,6.209170818328857,-75.56326293945312,5,18.0,42753.43481316735,816268.3823529412,45.0,8100.0,73.08805079483885,1,1
apartamento,5000000,120.0,3,3,2,san joaquin,6.247487,-75.587671,8,15.0,32753.58855757907,569436.2017804154,40.0,14400.0,55.9930670990746,1,4
casa,5800000,253.0,3,3,1,la castellana,6.241356,-75.604475,7,36.142857142857146,32305.993690851734,627000.0,84.33333333333333,64009.0,55.22789264004374,1,1
apartamento,3000000,160.0,3,3,0,calasanz,6.260916,-75.598985,6,26.666666666666668,32548.10882548109,537043.795620438,53.333333333333336,25600.0,55.64179443145114,0,0
apartamento,3300000,80.0,2,3,1,laureles,6.24512,-75.59355,6,13.333333333333334,37952.470484611345,680619.6840826245,40.0,6400.0,64.88068391909857,1,1
apartamento,2700000,65.0,3,2,0,ferrini,6.27087,-75.59661,5,13.0,34752.10477081384,530714.2857142857,21.666666666666668,4225.0,59.40957983414555,0,0
apartamento,7600000,139.0,3,4,2,villa carlota,6.2196680899,-75.574631989,9,15.444444444444445,54977.83356366141,748492.5201380898,46.333333333333336,19321.0,93.98596182156422,1,4
apartamento,2500000,60.0,2,1,1,laureles,6.24389,-75.59759,4,15.0,37952.470484611345,680619.6840826245,30.0,3600.0,64.88068391909857,1,1
apartamento,6700000,160.0,3,4,2,el tesoro,6.200378894805908,-75.55243682861328,9,17.77777777777778,46307.752975324685,855149.2240350179,53.333333333333336,25600.0,79.1642453160979,1,4
apartamento,5650000,100.0,2,3,2,el castillo,6.189358234405518,-75.56795501708984,7,14.285714285714286,56343.83279364145,907109.0047393364,50.0,10000.0,96.32117118059666,1,4
apartamento,3950000,64.0,2,2,1,villa carlota,6.221945762634277,-75.57394409179688,5,12.8,54977.83356366141,748492.5201380898,32.0,4096.0,93.98596182156422,1,1
apartamento,6600000,140.0,3,3,2,el tesoro,6.203347682952881,-75.55573272705078,8,17.5,46307.752975324685,855149.2240350179,46.666666666666664,19600.0,79.1642453160979,1,4
apartamento,6000000,85.0,2,2,1,altos del poblado,6.21359248,-75.55648505,5,17.0,58495.7928802589,930019.3704600484,42.5,7225.0,100.0,1,1
apartamento,2450000,70.0,3,2,0,bolivariana,6.24747956,-75.59087673,5,14.0,37400.24554941682,658648.6486486486,23.333333333333332,4900.0,63.936641778623724,0,0
apartamento,6700000,146.0,3,4,2,la florida,6.204973220825195,-75.5646743774414,9,16.22222222222222,45025.656955191065,832086.513994911,48.666666666666664,21316.0,76.97247056272704,1,4
apartamento,4700000,120.0,3,3,2,san lucas,6.179961204528809,-75.56388092041016,8,15.0,47354.22828936933,904097.3871733967,40.0,14400.0,80.95322066375543,1,4
apartamento,7700000,120.0,3,3,2,alejandria,6.197247505187988,-75.56945037841797,8,15.0,48842.610337435945,852482.6560951438,40.0,14400.0,83.49764646735697,1,4
apartamento,4000000,113.0,3,2,1,san lucas,6.179915428161621,-75.56441497802734,6,18.833333333333332,47354.22828936933,904097.3871733967,37.666666666666664,12769.0,80.95322066375543,1,1
apartamento,3500000,105.0,3,2,1,el velodromo,6.2537126541137695,-75.59534454345703,6,17.5,33048.78048780488,624423.9631336406,35.0,11025.0,56.497704981033166,1,1
apartamento,4150000,164.0,4,3,0,rosales,6.235234260559082,-75.59042358398438,7,23.428571428571427,31678.50652568974,626633.9869281045,41.0,26896.0,54.15518786203267,0,0
casa,2500000,180.0,2,1,0,las palmas,6.24097078,-75.56844959,3,60.0,44135.83717530642,781094.527363184,90.0,32400.0,75.45130171267638,0,0
apartamento,5800000,200.0,4,3,2,san lucas,6.185118675231934,-75.56651306152344,9,22.22222222222222,47354.22828936933,904097.3871733967,50.0,40000.0,80.95322066375543,1,4
apartamento,2600000,78.0,3,3,1,miravalle,6.236597537994385,-75.6002197265625,7,11.142857142857142,42041.52249134948,650892.8571428572,26.0,6084.0,71.87101913022809,1,1
apartamento,3700000,97.0,3,2,1,calasanz,6.260915756225586,-75.59898376464844,6,16.166666666666668,32548.10882548109,537043.795620438,32.333333333333336,9409.0,55.64179443145114,1,1
apartamento,5200000,111.0,2,3,2,santa maria de los angeles,6.188520908355713,-75.57913208007812,7,15.857142857142858,47391.397443391514,760224.6376811594,55.5,12321.0,81.01676224887126,1,4
apartamento,9200000,95.0,2,3,2,los naranjos,6.195401668548584,-75.56057739257812,7,13.571428571428571,49565.6761295771,827000.8873114464,47.5,9025.0,84.733745264447,1,4
apartamento,6900000,187.0,3,4,2,asomadera no.2,6.215518474578857,-75.56187438964844,9,20.77777777777778,51821.74887892377,772562.6740947075,62.333333333333336,34969.0,88.59055724742987,1,4
apartamento,6500000,131.0,2,3,2,san lucas,6.1799445152282715,-75.56405639648438,7,18.714285714285715,47354.22828936933,904097.3871733967,65.5,17161.0,80.95322066375543,1,4
apartamento,3650000,75.0,2,2,1,patio bonito,6.20235013961792,-75.57429504394531,5,15.0,43819.79935642627,741195.3041622199,37.5,5625.0,74.91102727015866,1,1
casa,5500000,190.0,3,3,2,la loma de los bernal,6.217579364776611,-75.60416412353516,8,23.75,40721.08579809159,584155.2990556138,63.333333333333336,36100.0,69.61370005095546,1,4
apartamento,3000000,146.0,5,3,0,las mercedes,6.23569,-75.60734,8,18.25,27118.64406779661,448000.0,29.2,21316.0,46.35999057796955,0,0
apartamento,5750000,90.0,2,2,2,castropol,6.215898513793945,-75.56684112548828,6,15.0,48917.86962109346,739745.95924104,45.0,8100.0,83.62630406810368,1,4
apartamento,3650000,76.0,3,2,1,santa maria de los angeles,6.190037727355957,-75.57933807373047,6,12.666666666666666,47391.397443391514,760224.6376811594,25.333333333333332,5776.0,81.01676224887126,1,1
apartamento,6850000,107.0,2,3,1,altos del poblado,6.216922760009766,-75.5562973022461,6,17.833333333333332,58495.7928802589,930019.3704600484,53.5,11449.0,100.0,1,1
apartamento,2000000,55.0,2,2,0,la america,6.25191293,-75.60678741,4,13.75,26048.171275646742,423188.40579710144,27.5,3025.0,44.529990949891804,0,0
apartamento,7150000,120.0,3,3,2,santa maria de los angeles,6.190206050872803,-75.57931518554688,8,15.0,47391.397443391514,760224.6376811594,40.0,14400.0,81.01676224887126,1,4
apartamento,3500000,90.0,3,2,1,laureles,6.242759,-75.596075,6,15.0,37952.470484611345,680619.6840826245,30.0,8100.0,64.88068391909857,1,1
apartamento,6300000,240.0,4,4,2,el nogal-los almendros,6.23859,-75.59689,10,24.0,31931.988041853514,623722.6277372263,60.0,57600.0,54.5885207628836,1,4
apartamento,4000000,87.0,3,2,1,villa carlota,6.22207,-75.57475,6,14.5,54977.83356366141,748492.5201380898,29.0,7569.0,93.98596182156422,1,1
apartamento,6500000,120.0,3,3,2,villa carlota,6.22175,-75.57365,8,15.0,54977.83356366141,748492.5201380898,40.0,14400.0,93.98596182156422,1,4
apartamento,3600000,64.0,2,2,1,santa maria de los angeles,6.19185,-75.57928,5,12.8,47391.397443391514,760224.6376811594,32.0,4096.0,81.01676224887126,1,1
apartamento,6500000,120.0,3,3,2,santa maria de los angeles,6.18878148,-75.57971933,8,15.0,47391.397443391514,760224.6376811594,40.0,14400.0,81.01676224887126,1,4
apartamento,7000000,130.0,2,2,1,alejandria,6.20075,-75.56742,5,26.0,48842.610337435945,852482.6560951438,65.0,16900.0,83.49764646735697,1,1
apartamento,3500000,75.0,3,2,1,san diego,6.23297,-75.56926,6,12.5,47227.322103995706,654899.8185117968,25.0,5625.0,80.73627141129654,1,1
apartamento,8000000,130.0,2,2,1,alejandria,6.20075,-75.56742,5,26.0,48842.610337435945,852482.6560951438,65.0,16900.0,83.49764646735697,1,1
apartamento,5000000,70.0,3,2,1,villa carlota,6.22036,-75.5737,6,11.666666666666666,54977.83356366141,748492.5201380898,23.333333333333332,4900.0,93.98596182156422,1,1
apartamento,3700000,85.0,3,2,1,san diego,6.22562,-75.5671,6,14.166666666666666,47227.322103995706,654899.8185117968,28.333333333333332,7225.0,80.73627141129654,1,1
apartamento,2550000,58.0,3,2,1,el velodromo,6.253235340118408,-75.59489440917969,6,9.666666666666666,33048.78048780488,624423.9631336406,19.333333333333332,3364.0,56.497704981033166,1,1
apartamento,9200000,127.0,2,2,2,la florida,6.206280708312988,-75.56840515136719,6,21.166666666666668,45025.656955191065,832086.513994911,63.5,16129.0,76.97247056272704,1,4
apartamento,5200000,128.0,3,3,2,castropol,6.2206268310546875,-75.56832885742188,8,16.0,48917.86962109346,739745.95924104,42.666666666666664,16384.0,83.62630406810368,1,4
apartamento,4100000,84.0,3,2,1,santa fe,6.220241069793701,-75.58193969726562,6,14.0,48109.58350181965,701917.4041297935,28.0,7056.0,82.24451902088094,1,1
apartamento,4650000,93.0,3,2,2,villa carlota,6.218225002288818,-75.57209777832031,7,13.285714285714286,54977.83356366141,748492.5201380898,31.0,8649.0,93.98596182156422,1,4
apartamento,3700000,98.0,3,2,1,simon bolivar,6.246150493621826,-75.60443115234375,6,16.333333333333332,28965.474716228782,659298.245614035,32.666666666666664,9604.0,49.51719310057257,1,1
apartamento,5700000,126.0,3,3,3,villa carlota,6.220047950744629,-75.57333374023438,9,14.0,54977.83356366141,748492.5201380898,42.0,15876.0,93.98596182156422,1,9
apartamento,6150000,105.0,3,2,2,patio bonito,6.206610679626465,-75.5737075805664,7,15.0,43819.79935642627,741195.3041622199,35.0,11025.0,74.91102727015866,1,4
apartamento,3600000,71.0,2,2,1,castropol,6.220721244812012,-75.56621551513672,5,14.2,48917.86962109346,739745.95924104,35.5,5041.0,83.62630406810368,1,1
apartamento,6700000,116.0,3,3,2,la florida,6.2052836418151855,-75.56460571289062,8,14.5,45025.656955191065,832086.513994911,38.666666666666664,13456.0,76.97247056272704,1,4
apartamento,8500000,79.0,3,2,2,asomadera no.1,6.2255638,-75.5628095,7,11.285714285714286,48571.57944764218,665557.1635311143,26.333333333333332,6241.0,83.03431247964855,1,4
apartamento,5500000,150.0,3,3,2,los balsos no.2,6.195840358734131,-75.57015991210938,8,18.75,47300.9517913736,836162.823200559,50.0,22500.0,80.86214317702954,1,4
apartamento,4150000,79.0,3,2,1,san diego,6.233372688293457,-75.5699462890625,6,13.166666666666666,47227.322103995706,654899.8185117968,26.333333333333332,6241.0,80.73627141129654,1,1
apartamento,3950000,70.0,2,2,1,la aguacatala,6.198794841766357,-75.57770538330078,5,14.0,51442.75043487159,795490.506329114,35.0,4900.0,87.9426500640398,1,1
apartamento,3750000,84.0,3,2,1,la loma de los bernal,6.2194013595581055,-75.60404968261719,6,14.0,40721.08579809159,584155.2990556138,28.0,7056.0,69.61370005095546,1,1
apartamento,7800000,127.0,2,3,2,los balsos no.1,6.188079833984375,-75.55982208251953,7,18.142857142857142,48115.75526148983,871145.722446916,63.5,16129.0,82.2550697961868,1,4
apartamento,5500000,114.0,2,3,2,santa maria de los angeles,6.188480377197266,-75.58077239990234,7,16.285714285714285,47391.397443391514,760224.6376811594,57.0,12996.0,81.01676224887126,1,4
apartamento,6200000,230.0,4,4,2,patio bonito,6.2051496505737305,-75.575927734375,10,23.0,43819.79935642627,741195.3041622199,57.5,52900.0,74.91102727015866,1,4
apartamento,4300000,70.0,3,2,2,los naranjos,6.193831920623779,-75.56265258789062,7,10.0,49565.6761295771,827000.8873114464,23.333333333333332,4900.0,84.733745264447,1,4
apartamento,5600000,79.0,3,2,1,san diego,6.233372688293457,-75.5699462890625,6,13.166666666666666,47227.322103995706,654899.8185117968,26.333333333333332,6241.0,80.73627141129654,1,1
apartamento,5500000,68.0,2,2,1,santa fe,6.221887588500977,-75.5814437866211,5,13.6,48109.58350181965,701917.4041297935,34.0,4624.0,82.24451902088094,1,1
apartamento,7250000,160.0,3,4,2,la florida,6.200997829437256,-75.5654067993164,9,17.77777777777778,45025.656955191065,832086.513994911,53.333333333333336,25600.0,76.97247056272704,1,4
apartamento,5600000,256.0,3,4,3,alejandria,6.20152371,-75.57217188,10,25.6,48842.610337435945,852482.6560951438,85.33333333333333,65536.0,83.49764646735697,1,9
apartamento,3600000,75.0,3,2,1,los balsos no.2,6.194039344787598,-75.56961059570312,6,12.5,47300.9517913736,836162.823200559,25.0,5625.0,80.86214317702954,1,1
apartamento,4350000,70.0,2,2,1,patio bonito,6.206310272216797,-75.57592010498047,5,14.0,43819.79935642627,741195.3041622199,35.0,4900.0,74.91102727015866,1,1
apartamento,3300000,63.0,2,1,1,san diego,6.229854106903076,-75.56827545166016,4,15.75,47227.322103995706,654899.8185117968,31.5,3969.0,80.73627141129654,1,1
apartamento,4200000,100.0,3,2,1,boston,6.24912,-75.55662,6,16.666666666666668,28429.680759275238,599090.9090909091,33.333333333333336,10000.0,48.60124012246641,1,1
apartamento,6500000,120.0,3,3,2,villa carlota,6.22008,-75.57417,8,15.0,54977.83356366141,748492.5201380898,40.0,14400.0,93.98596182156422,1,4
apartamento,8000000,418.0,3,4,3,astorga,6.20884,-75.57353,10,41.8,38915.5662264906,771825.3968253968,139.33333333333334,174724.0,66.52711983261925,1,9
apartamento,3900000,101.0,3,3,1,el diamante no.2,6.18470957,-75.57635238,7,14.428571428571429,43639.65496971377,774744.3419949707,33.666666666666664,10201.0,74.60306600005285,1,1
apartamento,3360000,110.0,3,3,1,santa maria de los angeles,6.18850593,-75.5820397,7,15.714285714285714,47391.397443391514,760224.6376811594,36.666666666666664,12100.0,81.01676224887126,1,1
apartamento,2800000,80.0,3,2,0,santa lucia,6.25719,-75.60658,5,16.0,36428.57142857143,637500.0,26.666666666666668,6400.0,62.275540914781416,0,0
apartamento,4600000,150.0,2,2,1,el tesoro,6.20399,-75.55437,5,30.0,46307.752975324685,855149.2240350179,75.0,22500.0,79.1642453160979,1,1
casa,5500000,225.0,3,3,0,la floresta,6.25806,-75.60032,6,37.5,27946.058091286308,552049.1803278689,75.0,50625.0,47.77447524900123,0,0
apartamento,4500000,140.0,3,2,2,los conquistadores,6.24124,-75.58061,7,20.0,30995.98034836981,625225.2252252252,46.666666666666664,19600.0,52.98839253588492,1,4
apartamento,5300000,55.0,1,2,1,santa fe,6.222130298614502,-75.58153533935547,4,13.75,48109.58350181965,701917.4041297935,55.0,3025.0,82.24451902088094,1,1
apartamento,3300000,62.0,2,3,1,san diego,6.233372688293457,-75.5699462890625,6,10.333333333333334,47227.322103995706,654899.8185117968,31.0,3844.0,80.73627141129654,1,1
apartamento,4600000,130.0,3,2,2,el tesoro,6.201607704162598,-75.55781555175781,7,18.571428571428573,46307.752975324685,855149.2240350179,43.333333333333336,16900.0,79.1642453160979,1,4
apartamento,6600000,100.0,2,2,2,san lucas,6.180118083953857,-75.56404113769531,6,16.666666666666668,47354.22828936933,904097.3871733967,50.0,10000.0,80.95322066375543,1,4
casa,3000000,75.0,3,2,1,asomadera no.1,6.226680755615234,-75.56175994873047,6,12.5,48571.57944764218,665557.1635311143,25.0,5625.0,83.03431247964855,1,1
apartamento,3400000,76.0,3,2,1,san joaquin,6.246960639953613,-75.58490753173828,6,12.666666666666666,32753.58855757907,569436.2017804154,25.333333333333332,5776.0,55.9930670990746,1,1
apartamento,3600000,120.0,3,2,1,el velodromo,6.2535786628723145,-75.59549713134766,6,20.0,33048.78048780488,624423.9631336406,40.0,14400.0,56.497704981033166,1,1
casa,5200000,149.0,5,4,3,la mota,6.209763526916504,-75.59870910644531,12,12.416666666666666,31054.252952250557,508263.3053221289,29.8,22201.0,53.08801098878807,1,9
apartamento,3750000,93.0,2,3,1,castropol,6.218486785888672,-75.56706237792969,6,15.5,48917.86962109346,739745.95924104,46.5,8649.0,83.62630406810368,1,1
apartamento,3100000,80.0,3,2,1,asomadera no.1,6.226985931396484,-75.56399536132812,6,13.333333333333334,48571.57944764218,665557.1635311143,26.666666666666668,6400.0,83.03431247964855,1,1
apartamento,4000000,78.0,1,2,1,lalinde,6.212890625,-75.56771850585938,4,19.5,53427.21397778484,890320.987654321,78.0,6084.0,91.33513941276176,1,1
apartamento,5800000,85.0,1,2,2,san lucas,6.178462505340576,-75.56034851074219,5,17.0,47354.22828936933,904097.3871733967,85.0,7225.0,80.95322066375543,1,4
apartamento,2600000,60.0,1,2,1,castropol,6.214802265167236,-75.56436157226562,4,15.0,48917.86962109346,739745.95924104,60.0,3600.0,83.62630406810368,1,1
apartamento,3900000,86.0,2,2,2,san lucas,6.185685634613037,-75.56653594970703,6,14.333333333333334,47354.22828936933,904097.3871733967,43.0,7396.0,80.95322066375543,1,4
apartamento,6500000,140.0,3,3,1,la florida,6.206280708312988,-75.56840515136719,7,20.0,45025.656955191065,832086.513994911,46.666666666666664,19600.0,76.97247056272704,1,1
apartamento,3000000,90.0,3,2,1,barrio cristobal,6.248447418212891,-75.60871124267578,6,15.0,27092.70927092709,578846.1538461539,30.0,8100.0,46.315654403361904,1,1
apartamento,8700000,120.0,2,3,1,los naranjos,6.1919171,-75.55858345,6,20.0,49565.6761295771,827000.8873114464,60.0,14400.0,84.733745264447,1,1
apartamento,3650000,65.0,2,2,1,villa carlota,6.22175,-75.57365,5,13.0,54977.83356366141,748492.5201380898,32.5,4225.0,93.98596182156422,1,1
apartamento,3750000,150.0,3,2,1,nueva villa del aburra,6.23537,-75.60182,6,25.0,27963.362068965518,576666.6666666666,50.0,22500.0,47.804056825431225,1,1
apartamento,3600000,85.0,3,2,1,villa carlota,6.22175,-75.57365,6,14.166666666666666,54977.83356366141,748492.5201380898,28.333333333333332,7225.0,93.98596182156422,1,1
apartamento,2600000,60.0,2,2,1,san german,6.26885,-75.5903,5,12.0,39001.584786053885,502244.89795918367,30.0,3600.0,66.67417068077062,1,1
apartamento,2300000,70.0,3,2,0,belen,6.23256,-75.59533,5,14.0,34214.434214434215,771428.5714285715,23.333333333333332,4900.0,58.49041876305752,0,0
casa,3000000,110.0,4,3,0,san joaquin,6.247062683105469,-75.58507537841797,7,15.714285714285714,32753.58855757907,569436.2017804154,27.5,12100.0,55.9930670990746,0,0
apartamento,6200000,180.0,3,4,3,patio bonito,6.20170259475708,-75.57249450683594,10,18.0,43819.79935642627,741195.3041622199,60.0,32400.0,74.91102727015866,1,9
apartamento,4000000,125.0,3,2,1,los conquistadores,6.242410659790039,-75.58174896240234,6,20.833333333333332,30995.98034836981,625225.2252252252,41.666666666666664,15625.0,52.98839253588492,1,1
apartamento,7200000,115.0,2,3,2,alejandria,6.2005228996276855,-75.56497192382812,7,16.428571428571427,48842.610337435945,852482.6560951438,57.5,13225.0,83.49764646735697,1,4
apartamento,2500000,38.0,1,1,0,florida nueva,6.251488208770752,-75.59112548828125,2,19.0,34915.907498248074,668791.9463087248,38.0,1444.0,59.68960463485137,0,0
apartamento,2950000,68.0,3,2,1,alejandria,6.1985764503479,-75.57109069824219,6,11.333333333333334,48842.610337435945,852482.6560951438,22.666666666666668,4624.0,83.49764646735697,1,1
apartamento,4000000,141.0,3,3,2,altos del poblado,6.214146137237549,-75.55559539794922,8,17.625,58495.7928802589,930019.3704600484,47.0,19881.0,100.0,1,4
apartamento,5350000,99.0,3,2,2,el diamante no.2,6.182089805603027,-75.57347106933594,7,14.142857142857142,43639.65496971377,774744.3419949707,33.0,9801.0,74.60306600005285,1,4
apartamento,8400000,210.0,3,4,3,los naranjos,6.194555282592773,-75.56333923339844,10,21.0,49565.6761295771,827000.8873114464,70.0,44100.0,84.733745264447,1,9
apartamento,3800000,120.0,3,2,2,la castellana,6.237682342529297,-75.6037368774414,7,17.142857142857142,32305.993690851734,627000.0,40.0,14400.0,55.22789264004374,1,4
apartamento,4350000,80.0,2,2,1,el castillo,6.187549591064453,-75.56925201416016,5,16.0,56343.83279364145,907109.0047393364,40.0,6400.0,96.32117118059666,1,1
apartamento,6400000,106.0,2,3,1,altos del poblado,6.216899871826172,-75.55632781982422,6,17.666666666666668,58495.7928802589,930019.3704600484,53.0,11236.0,100.0,1,1
apartamento,4700000,65.0,1,2,1,las lomas no.2,6.208196640014648,-75.5588607788086,4,16.25,41861.648016276704,816005.6657223796,65.0,4225.0,71.56351928072442,1,1
apartamento,5650000,120.0,3,2,2,santa maria de los angeles,6.190279483795166,-75.57940673828125,7,17.142857142857142,47391.397443391514,760224.6376811594,40.0,14400.0,81.01676224887126,1,4
apartamento,4150000,99.0,3,2,2,el diamante no.2,6.182089805603027,-75.57347106933594,7,14.142857142857142,43639.65496971377,774744.3419949707,33.0,9801.0,74.60306600005285,1,4
apartamento,8700000,100.0,2,2,2,san lucas,6.183226585388184,-75.56377410888672,6,16.666666666666668,47354.22828936933,904097.3871733967,50.0,10000.0,80.95322066375543,1,4
apartamento,6150000,120.0,3,2,2,santa maria de los angeles,6.190279483795166,-75.57940673828125,7,17.142857142857142,47391.397443391514,760224.6376811594,40.0,14400.0,81.01676224887126,1,4
apartamento,3300000,59.0,2,2,1,la florida,6.204973220825195,-75.5646743774414,5,11.8,45025.656955191065,832086.513994911,29.5,3481.0,76.97247056272704,1,1
casa,4000000,120.0,4,2,1,simon bolivar,6.245967388153076,-75.60359954833984,7,17.142857142857142,28965.474716228782,659298.245614035,30.0,14400.0,49.51719310057257,1,1
apartamento,2600000,65.0,3,2,1,los colores,6.265736103057861,-75.59415435791016,6,10.833333333333334,34639.764996907856,599064.1711229946,21.666666666666668,4225.0,59.21753222118996,1,1
apartamento,8900000,140.0,3,4,2,altos del poblado,6.213791370391846,-75.55433654785156,9,15.555555555555555,58495.7928802589,930019.3704600484,46.666666666666664,19600.0,100.0,1,4
apartamento,8500000,200.0,3,4,2,el tesoro,6.205706596374512,-75.55744171142578,9,22.22222222222222,46307.752975324685,855149.2240350179,66.66666666666667,40000.0,79.1642453160979,1,4
apartamento,8500000,180.0,3,3,2,san lucas,6.1806511878967285,-75.56739044189453,8,22.5,47354.22828936933,904097.3871733967,60.0,32400.0,80.95322066375543,1,4
apartamento,9500000,108.0,3,3,2,altos del poblado,6.2171735763549805,-75.5560073852539,8,13.5,58495.7928802589,930019.3704600484,36.0,11664.0,100.0,1,4
apartamento,3800000,78.0,2,2,2,los balsos no.1,6.1923983,-75.56339932,6,13.0,48115.75526148983,871145.722446916,39.0,6084.0,82.2550697961868,1,4
apartamento,1700000,65.0,3,2,0,los angeles,6.2531773,-75.5587594,5,13.0,22614.840989399294,556521.7391304348,21.666666666666668,4225.0,38.66062818516189,0,0
apartamento,6000000,150.0,3,3,2,la florida,6.201036,-75.565737,8,18.75,45025.656955191065,832086.513994911,50.0,22500.0,76.97247056272704,1,4
apartamento,3500000,115.0,3,3,1,rosales,6.23907895,-75.5899278,7,16.428571428571427,31678.50652568974,626633.9869281045,38.333333333333336,13225.0,54.15518786203267,1,1
casa,7000000,147.22,4,2,1,simon bolivar,6.24355,-75.6033,7,21.03142857142857,28965.474716228782,659298.245614035,36.805,21673.7284,49.51719310057257,1,1
apartamento,9000000,180.0,3,3,2,el castillo,6.1919839,-75.5718804,8,22.5,56343.83279364145,907109.0047393364,60.0,32400.0,96.32117118059666,1,4
apartamento,5000000,146.0,2,3,2,la florida,6.20556,-75.57002,7,20.857142857142858,45025.656955191065,832086.513994911,73.0,21316.0,76.97247056272704,1,4
casa,4700000,137.0,3,3,2,la castellana,6.2388154815,-75.6043162681,8,17.125,32305.993690851734,627000.0,45.666666666666664,18769.0,55.22789264004374,1,4
apartamento,6700000,157.0,3,4,2,san lucas,6.181576251983643,-75.56256866455078,9,17.444444444444443,47354.22828936933,904097.3871733967,52.333333333333336,24649.0,80.95322066375543,1,4
apartamento,6650000,140.0,2,3,2,el tesoro,6.203925132751465,-75.55548858642578,7,20.0,46307.752975324685,855149.2240350179,70.0,19600.0,79.1642453160979,1,4
apartamento,4600000,94.0,3,2,2,castropol,6.216109752655029,-75.56694793701172,7,13.428571428571429,48917.86962109346,739745.95924104,31.333333333333332,8836.0,83.62630406810368,1,4
apartamento,7200000,90.0,2,3,2,los balsos no.1,6.187147617340088,-75.55976104736328,7,12.857142857142858,48115.75526148983,871145.722446916,45.0,8100.0,82.2550697961868,1,4
apartamento,7000000,117.0,2,2,2,el tesoro,6.203743934631348,-75.55512237548828,6,19.5,46307.752975324685,855149.2240350179,58.5,13689.0,79.1642453160979,1,4
apartamento,4500000,85.0,2,3,1,castropol,6.2158894538879395,-75.56684112548828,6,14.166666666666666,48917.86962109346,739745.95924104,42.5,7225.0,83.62630406810368,1,1
apartamento,2650000,120.0,3,2,1,santa teresita,6.244443893432617,-75.60997009277344,6,20.0,26323.37946103423,520028.77697841724,40.0,14400.0,45.00046612739874,1,1
apartamento,1400000,50.0,1,1,0,el danubio,6.25536,-75.60645,2,25.0,32214.765100671142,369230.76923076925,50.0,2500.0,55.07193511611148,0,0
apartamento,4700000,92.0,3,2,2,laureles,6.2427802085876465,-75.5957260131836,7,13.142857142857142,37952.470484611345,680619.6840826245,30.666666666666668,8464.0,64.88068391909857,1,4
apartamento,3400000,116.0,2,2,2,la aguacatala,6.194502353668213,-75.57979583740234,6,19.333333333333332,51442.75043487159,795490.506329114,58.0,13456.0,87.9426500640398,1,4
apartamento,7800000,157.0,3,4,2,el castillo,6.190390110015869,-75.57267761230469,9,17.444444444444443,56343.83279364145,907109.0047393364,52.333333333333336,24649.0,96.32117118059666,1,4
apartamento,6900000,90.0,3,2,2,altos del poblado,6.215419769287109,-75.55437469482422,7,12.857142857142858,58495.7928802589,930019.3704600484,30.0,8100.0,100.0,1,4
apartamento,2500000,56.0,3,2,1,los colores,6.266544818878174,-75.59243774414062,6,9.333333333333334,34639.764996907856,599064.1711229946,18.666666666666668,3136.0,59.21753222118996,1,1
apartamento,6200000,117.0,2,2,2,el tesoro,6.204652786254883,-75.55551147460938,6,19.5,46307.752975324685,855149.2240350179,58.5,13689.0,79.1642453160979,1,4
apartamento,8700000,102.0,2,3,2,los naranjos,6.19466495513916,-75.56161499023438,7,14.571428571428571,49565.6761295771,827000.8873114464,51.0,10404.0,84.733745264447,1,4
apartamento,6150000,104.0,2,3,2,la aguacatala,6.199026107788086,-75.57788848876953,7,14.857142857142858,51442.75043487159,795490.506329114,52.0,10816.0,87.9426500640398,1,4
apartamento,2950000,64.0,3,2,1,calasanz,6.262574195861816,-75.59915924072266,6,10.666666666666666,32548.10882548109,537043.795620438,21.333333333333332,4096.0,55.64179443145114,1,1
apartamento,5100000,92.0,3,3,1,villa carlota,6.220340251922607,-75.57323455810547,7,13.142857142857142,54977.83356366141,748492.5201380898,30.666666666666668,8464.0,93.98596182156422,1,1
apartamento,5800000,145.0,3,3,1,la florida,6.202185153961182,-75.56546020507812,7,20.714285714285715,45025.656955191065,832086.513994911,48.333333333333336,21025.0,76.97247056272704,1,1
apartamento,6200000,106.0,1,2,1,los balsos no.1,6.194777488708496,-75.56413269042969,4,26.5,48115.75526148983,871145.722446916,106.0,11236.0,82.2550697961868,1,1
apartamento,4900000,110.0,3,2,2,san lucas,6.18181037902832,-75.56238555908203,7,15.714285714285714,47354.22828936933,904097.3871733967,36.666666666666664,12100.0,80.95322066375543,1,4
apartamento,9200000,157.0,3,4,2,el castillo,6.190517902374268,-75.57259368896484,9,17.444444444444443,56343.83279364145,907109.0047393364,52.333333333333336,24649.0,96.32117118059666,1,4
apartamento,6750000,129.0,3,3,1,santa maria de los angeles,6.190037727355957,-75.57933807373047,7,18.428571428571427,47391.397443391514,760224.6376811594,43.0,16641.0,81.01676224887126,1,1
apartamento,6800000,117.0,2,2,2,el tesoro,6.2039361000061035,-75.55538177490234,6,19.5,46307.752975324685,855149.2240350179,58.5,13689.0,79.1642453160979,1,4
apartamento,8000000,242.0,4,4,3,la florida,6.206202507019043,-75.56427001953125,11,22.0,45025.656955191065,832086.513994911,60.5,58564.0,76.97247056272704,1,9
apartamento,9300000,272.0,3,4,3,san lucas,6.1798505783081055,-75.56471252441406,10,27.2,47354.22828936933,904097.3871733967,90.66666666666667,73984.0,80.95322066375543,1,9
apartamento,4000000,75.0,2,2,2,las lomas no.2,6.21201,-75.55755,6,12.5,41861.648016276704,816005.6657223796,37.5,5625.0,71.56351928072442,1,4
apartamento,6500000,90.0,3,2,2,el poblado,6.20933,-75.56769,7,12.857142857142858,51331.92389006342,930592.3344947735,30.0,8100.0,87.7531893535319,1,4
casa,3200000,110.0,4,2,1,los conquistadores,6.2400658,-75.5888448,7,15.714285714285714,30995.98034836981,625225.2252252252,27.5,12100.0,52.98839253588492,1,1
apartamento,3200000,75.0,1,2,1,villa carlota,6.22196,-75.57398,4,18.75,54977.83356366141,748492.5201380898,75.0,5625.0,93.98596182156422,1,1
apartamento,9500000,140.0,3,3,2,altos del poblado,6.2170204,-75.553838,8,17.5,58495.7928802589,930019.3704600484,46.666666666666664,19600.0,100.0,1,4
apartamento,6000000,165.0,3,4,2,el diamante no.2,6.1827569007873535,-75.57183837890625,9,18.333333333333332,43639.65496971377,774744.3419949707,55.0,27225.0,74.60306600005285,1,4
apartamento,6300000,166.0,4,3,1,alejandria,6.200108528137207,-75.56945037841797,8,20.75,48842.610337435945,852482.6560951438,41.5,27556.0,83.49764646735697,1,1
apartamento,7100000,127.0,3,4,2,los naranjos,6.19706916809082,-75.56536865234375,9,14.11111111111111,49565.6761295771,827000.8873114464,42.333333333333336,16129.0,84.733745264447,1,4
apartamento,2850000,76.0,3,2,1,las palmas,6.225118160247803,-75.55714416503906,6,12.666666666666666,44135.83717530642,781094.527363184,25.333333333333332,5776.0,75.45130171267638,1,1
apartamento,2900000,60.0,2,2,2,el tesoro,6.203914642333984,-75.55549621582031,6,10.0,46307.752975324685,855149.2240350179,30.0,3600.0,79.1642453160979,1,4
apartamento,2100000,50.0,1,1,1,lorena,6.248704433441162,-75.59989929199219,3,16.666666666666668,35721.295387634935,652329.7491039427,50.0,2500.0,61.06643508663359,1,1
apartamento,3100000,74.0,3,2,2,la florida,6.201788902282715,-75.5624771118164,7,10.571428571428571,45025.656955191065,832086.513994911,24.666666666666668,5476.0,76.97247056272704,1,4
apartamento,5000000,83.0,3,2,1,los balsos no.2,6.19558048248291,-75.56987762451172,6,13.833333333333334,47300.9517913736,836162.823200559,27.666666666666668,6889.0,80.86214317702954,1,1
apartamento,4350000,80.0,2,2,1,el castillo,6.189358234405518,-75.56795501708984,5,16.0,56343.83279364145,907109.0047393364,40.0,6400.0,96.32117118059666,1,1
apartamento,4600000,140.0,3,2,2,el tesoro,6.202991008758545,-75.55998992919922,7,20.0,46307.752975324685,855149.2240350179,46.666666666666664,19600.0,79.1642453160979,1,4
apartamento,5650000,120.0,3,2,1,san lucas,6.179574489593506,-75.5677261352539,6,20.0,47354.22828936933,904097.3871733967,40.0,14400.0,80.95322066375543,1,1
apartamento,2850000,60.0,2,2,1,asomadera no.1,6.228082656860352,-75.56221008300781,5,12.0,48571.57944764218,665557.1635311143,30.0,3600.0,83.03431247964855,1,1
apartamento,3700000,60.0,2,2,1,el tesoro,6.201723575592041,-75.56001281738281,5,12.0,46307.752975324685,855149.2240350179,30.0,3600.0,79.1642453160979,1,1
apartamento,4700000,87.0,2,2,1,asomadera no.1,6.224890232086182,-75.56060028076172,5,17.4,48571.57944764218,665557.1635311143,43.5,7569.0,83.03431247964855,1,1
apartamento,3400000,90.0,2,2,1,suramericana,6.255375385284424,-75.58442687988281,5,18.0,26951.114922813034,661578.947368421,45.0,8100.0,46.07359537459739,1,1
apartamento,3900000,92.0,2,2,2,los balsos no.2,6.196061134338379,-75.57171630859375,6,15.333333333333334,47300.9517913736,836162.823200559,46.0,8464.0,80.86214317702954,1,4
apartamento,3950000,73.0,3,2,2,villa carlota,6.2228522300720215,-75.57453155517578,7,10.428571428571429,54977.83356366141,748492.5201380898,24.333333333333332,5329.0,93.98596182156422,1,4
apartamento,9300000,160.0,2,3,2,san lucas,6.17993688583374,-75.563232421875,7,22.857142857142858,47354.22828936933,904097.3871733967,80.0,25600.0,80.95322066375543,1,4
apartamento,5200000,70.0,2,2,1,altos del poblado,6.215419769287109,-75.55437469482422,5,14.0,58495.7928802589,930019.3704600484,35.0,4900.0,100.0,1,1
apartamento,4000000,105.0,3,2,1,laureles,6.246588230133057,-75.59488677978516,6,17.5,37952.470484611345,680619.6840826245,35.0,11025.0,64.88068391909857,1,1
casa,7700000,160.0,3,3,2,el tesoro,6.204034328460693,-75.55548858642578,8,20.0,46307.752975324685,855149.2240350179,53.333333333333336,25600.0,79.1642453160979,1,4
apartamento,6300000,166.0,4,3,1,alejandria,6.200108528137207,-75.56945037841797,8,20.75,48842.610337435945,852482.6560951438,41.5,27556.0,83.49764646735697,1,1
apartamento,3400000,68.0,2,2,1,asomadera no.1,6.227585792541504,-75.56249237060547,5,13.6,48571.57944764218,665557.1635311143,34.0,4624.0,83.03431247964855,1,1
apartamento,2950000,60.0,2,2,1,los conquistadores,6.242012023925781,-75.58104705810547,5,12.0,30995.98034836981,625225.2252252252,30.0,3600.0,52.98839253588492,1,1
apartamento,3850000,69.0,3,2,1,la loma de los bernal,6.218672275543213,-75.60408782958984,6,11.5,40721.08579809159,584155.2990556138,23.0,4761.0,69.61370005095546,1,1
apartamento,2450000,57.0,3,2,1,asomadera no.1,6.22546,-75.56105,6,9.5,48571.57944764218,665557.1635311143,19.0,3249.0,83.03431247964855,1,1
apartamento,2100000,70.0,3,2,1,la hondonada,6.20313,-75.6037,6,11.666666666666666,35058.243727598565,399234.693877551,23.333333333333332,4900.0,59.93293192787884,1,1
apartamento,3500000,94.0,3,5,0,villa carlota,6.2220797,-75.573502,8,11.75,54977.83356366141,748492.5201380898,31.333333333333332,8836.0,93.98596182156422,0,0
apartamento,7000000,130.0,2,2,1,alejandria,6.20093748,-75.5675402,5,26.0,48842.610337435945,852482.6560951438,65.0,16900.0,83.49764646735697,1,1
apartamento,4100000,70.0,2,2,1,altos del poblado,6.2147156,-75.5548406,5,14.0,58495.7928802589,930019.3704600484,35.0,4900.0,100.0,1,1
apartamento,5500000,136.0,3,3,2,laureles,6.241602,-75.594376,8,17.0,37952.470484611345,680619.6840826245,45.333333333333336,18496.0,64.88068391909857,1,4
apartamento,7500000,75.0,2,3,1,la candelaria,6.2476376,-75.5658153,6,12.5,33260.86956521739,689189.1891891892,37.5,5625.0,56.86027648740912,1,1
apartamento,5700000,128.0,3,2,1,los balsos no.2,6.194524765014648,-75.56732177734375,6,21.333333333333332,47300.9517913736,836162.823200559,42.666666666666664,16384.0,80.86214317702954,1,1
apartamento,3200000,105.0,3,3,2,los naranjos,6.192909240722656,-75.56085968017578,8,13.125,49565.6761295771,827000.8873114464,35.0,11025.0,84.733745264447,1,4
apartamento,5400000,170.0,4,3,2,los naranjos,6.1938886642456055,-75.5620346069336,9,18.88888888888889,49565.6761295771,827000.8873114464,42.5,28900.0,84.733745264447,1,4
apartamento,2950000,65.0,1,2,1,santa maria de los angeles,6.188802242279053,-75.57807159423828,4,16.25,47391.397443391514,760224.6376811594,65.0,4225.0,81.01676224887126,1,1
apartamento,5400000,140.0,3,3,2,el tesoro,6.204051494598389,-75.55583953857422,8,17.5,46307.752975324685,855149.2240350179,46.666666666666664,19600.0,79.1642453160979,1,4
apartamento,4450000,115.0,3,2,2,las lomas no.2,6.208196640014648,-75.5588607788086,7,16.428571428571427,41861.648016276704,816005.6657223796,38.333333333333336,13225.0,71.56351928072442,1,4
apartamento,2700000,90.0,2,2,1,san joaquin,6.2462639808654785,-75.58472442626953,5,18.0,32753.58855757907,569436.2017804154,45.0,8100.0,55.9930670990746,1,1
apartamento,7850000,124.0,3,3,2,los balsos no.1,6.185546398162842,-75.5616226196289,8,15.5,48115.75526148983,871145.722446916,41.333333333333336,15376.0,82.2550697961868,1,4
apartamento,3950000,79.0,3,2,1,patio bonito,6.207370281219482,-75.57366180419922,6,13.166666666666666,43819.79935642627,741195.3041622199,26.333333333333332,6241.0,74.91102727015866,1,1
apartamento,3400000,63.0,2,2,1,castropol,6.21614933013916,-75.56690979003906,5,12.6,48917.86962109346,739745.95924104,31.5,3969.0,83.62630406810368,1,1
apartamento,2900000,84.0,3,2,1,rosales,6.235673427581787,-75.59056091308594,6,14.0,31678.50652568974,626633.9869281045,28.0,7056.0,54.15518786203267,1,1
apartamento,3000000,60.0,2,1,1,la florida,6.2013840675354,-75.56295013427734,4,15.0,45025.656955191065,832086.513994911,30.0,3600.0,76.97247056272704,1,1
apartamento,3750000,54.0,1,2,1,patio bonito,6.2059645652771,-75.57164764404297,4,13.5,43819.79935642627,741195.3041622199,54.0,2916.0,74.91102727015866,1,1
apartamento,7250000,240.0,4,3,2,laureles,6.2464919090271,-75.59896087646484,9,26.666666666666668,37952.470484611345,680619.6840826245,60.0,57600.0,64.88068391909857,1,4
apartamento,3700000,70.0,3,2,1,castropol,6.224766254425049,-75.56730651855469,6,11.666666666666666,48917.86962109346,739745.95924104,23.333333333333332,4900.0,83.62630406810368,1,1
apartamento,3200000,60.0,2,2,1,castropol,6.216162204742432,-75.56681823730469,5,12.0,48917.86962109346,739745.95924104,30.0,3600.0,83.62630406810368,1,1
apartamento,6400000,131.0,2,3,2,san lucas,6.1847615357,-75.5679380489,7,18.714285714285715,47354.22828936933,904097.3871733967,65.5,17161.0,80.95322066375543,1,4
apartamento,6000000,184.0,4,3,2,laureles,6.242758750915527,-75.59607696533203,9,20.444444444444443,37952.470484611345,680619.6840826245,46.0,33856.0,64.88068391909857,1,4
apartamento,3100000,53.0,2,1,1,los balsos no.1,6.1869659423828125,-75.55997467041016,4,13.25,48115.75526148983,871145.722446916,26.5,2809.0,82.2550697961868,1,1
apartamento,4700000,89.0,2,2,1,castropol,6.224457740783691,-75.56582641601562,5,17.8,48917.86962109346,739745.95924104,44.5,7921.0,83.62630406810368,1,1
apartamento,2900000,75.0,3,2,1,la loma de los bernal,6.21738,-75.60379,6,12.5,40721.08579809159,584155.2990556138,25.0,5625.0,69.61370005095546,1,1
casa,4900000,230.0,4,3,1,la floresta,6.25772,-75.59917,8,28.75,27946.058091286308,552049.1803278689,57.5,52900.0,47.77447524900123,1,1
apartamento,4700000,137.0,3,4,2,alejandria,6.19995409,-75.5678532,9,15.222222222222221,48842.610337435945,852482.6560951438,45.666666666666664,18769.0,83.49764646735697,1,4
apartamento,1400000,36.0,2,1,0,sin nombre,6.26919,-75.60045,3,12.0,32965.686274509804,584782.6086956522,18.0,1296.0,56.355653374919946,0,0
apartamento,9400000,95.12,2,2,2,los balsos no.1,6.19097,-75.56328,6,15.853333333333333,48115.75526148983,871145.722446916,47.56,9047.814400000001,82.2550697961868,1,4
casa,2900000,150.0,4,2,0,fatima,6.2379697,-75.5857679,6,25.0,31102.18652387327,606086.9565217391,37.5,22500.0,53.16995461116248,0,0
apartamento,3100000,190.0,3,4,2,las lomas no.2,6.208388805389404,-75.55915069580078,9,21.11111111111111,41861.648016276704,816005.6657223796,63.333333333333336,36100.0,71.56351928072442,1,4
apartamento,2600000,70.0,3,2,1,la loma de los bernal,6.217579364776611,-75.60416412353516,6,11.666666666666666,40721.08579809159,584155.2990556138,23.333333333333332,4900.0,69.61370005095546,1,1
apartamento,6900000,129.0,3,4,2,alejandria,6.199948787689209,-75.56999206542969,9,14.333333333333334,48842.610337435945,852482.6560951438,43.0,16641.0,83.49764646735697,1,4
apartamento,5950000,164.0,3,4,2,el diamante no.2,6.184039115905762,-75.57166290283203,9,18.22222222222222,43639.65496971377,774744.3419949707,54.666666666666664,26896.0,74.60306600005285,1,4
apartamento,6200000,164.0,3,3,1,san lucas,6.184329509735107,-75.56351470947266,7,23.428571428571427,47354.22828936933,904097.3871733967,54.666666666666664,26896.0,80.95322066375543,1,1
casa,3700000,120.0,4,3,1,asomadera no.1,6.225736141204834,-75.56065368652344,8,15.0,48571.57944764218,665557.1635311143,30.0,14400.0,83.03431247964855,1,1
apartamento,3600000,96.0,3,3,1,castropol,6.224766254425049,-75.56730651855469,7,13.714285714285714,48917.86962109346,739745.95924104,32.0,9216.0,83.62630406810368,1,1
apartamento,3500000,90.0,2,2,1,los conquistadores,6.2412928,-75.57960974,5,18.0,30995.98034836981,625225.2252252252,45.0,8100.0,52.98839253588492,1,1
apartamento,2800000,75.0,2,2,1,san joaquin,6.24657678604126,-75.58525085449219,5,15.0,32753.58855757907,569436.2017804154,37.5,5625.0,55.9930670990746,1,1
apartamento,3650000,108.0,3,2,2,el diamante no.2,6.183230400085449,-75.5716552734375,7,15.428571428571429,43639.65496971377,774744.3419949707,36.0,11664.0,74.60306600005285,1,4
casa,7800000,271.0,3,4,2,los balsos no.2,6.193819999694824,-75.56867218017578,9,30.11111111111111,47300.9517913736,836162.823200559,90.33333333333333,73441.0,80.86214317702954,1,4
apartamento,4150000,80.0,2,2,1,patio bonito,6.2029290199279785,-75.57194519042969,5,16.0,43819.79935642627,741195.3041622199,40.0,6400.0,74.91102727015866,1,1
apartamento,4500000,90.0,2,2,2,los balsos no.1,6.186973571777344,-75.56109619140625,6,15.0,48115.75526148983,871145.722446916,45.0,8100.0,82.2550697961868,1,4
apartamento,5300000,140.0,3,2,2,santa maria de los angeles,6.190206050872803,-75.57931518554688,7,20.0,47391.397443391514,760224.6376811594,46.666666666666664,19600.0,81.01676224887126,1,4
apartamento,3550000,81.0,2,3,1,los balsos no.1,6.186925888061523,-75.56139373779297,6,13.5,48115.75526148983,871145.722446916,40.5,6561.0,82.2550697961868,1,1
apartamento,5300000,120.0,2,2,2,castropol,6.21444034576416,-75.5689926147461,6,20.0,48917.86962109346,739745.95924104,60.0,14400.0,83.62630406810368,1,4
casa,3600000,125.0,4,3,1,la gloria,6.22205,-75.60723,8,15.625,34291.07710077967,552325.5813953489,31.25,15625.0,58.62144166670863,1,1
apartamento,9700000,154.0,3,4,2,alejandria,6.199613571166992,-75.56948852539062,9,17.11111111111111,48842.610337435945,852482.6560951438,51.333333333333336,23716.0,83.49764646735697,1,4
apartamento,3100000,80.0,2,2,1,la loma de los bernal,6.217812,-75.604077,5,16.0,40721.08579809159,584155.2990556138,40.0,6400.0,69.61370005095546,1,1
apartamento,5400000,160.0,4,3,4,laureles,6.242759,-75.596075,11,14.545454545454545,37952.470484611345,680619.6840826245,40.0,25600.0,64.88068391909857,1,16
apartamento,4500000,115.0,3,3,1,los balsos no.2,6.195581,-75.569881,7,16.428571428571427,47300.9517913736,836162.823200559,38.333333333333336,13225.0,80.86214317702954,1,1
apartamento,3200000,75.0,3,2,1,las palmas,6.2404967534482,-75.56640671655,6,12.5,44135.83717530642,781094.527363184,25.0,5625.0,75.45130171267638,1,1
apartamento,9000000,170.0,3,4,2,lalinde,6.2124,-75.56534,9,18.88888888888889,53427.21397778484,890320.987654321,56.666666666666664,28900.0,91.33513941276176,1,4
apartamento,2300000,64.0,3,2,1,calasanz parte alta,6.27042,-75.59963,6,10.666666666666666,33556.33802816901,458173.07692307694,21.333333333333332,4096.0,57.36538710887971,1,1
apartamento,3750000,59.0,1,2,1,castropol,6.215177059173584,-75.5657958984375,4,14.75,48917.86962109346,739745.95924104,59.0,3481.0,83.62630406810368,1,1
casa,3500000,200.0,4,2,1,rosales,6.2352161,-75.59229368,7,28.571428571428573,31678.50652568974,626633.9869281045,50.0,40000.0,54.15518786203267,1,1
apartamento,4500000,77.0,2,2,1,san lucas,6.186612606048584,-75.56600189208984,5,15.4,47354.22828936933,904097.3871733967,38.5,5929.0,80.95322066375543,1,1
apartamento,3900000,74.0,2,2,1,castropol,6.216158866882324,-75.56645202636719,5,14.8,48917.86962109346,739745.95924104,37.0,5476.0,83.62630406810368,1,1
apartamento,3550000,63.0,2,2,1,villa carlota,6.218235969543457,-75.57379150390625,5,12.6,54977.83356366141,748492.5201380898,31.5,3969.0,93.98596182156422,1,1
apartamento,4400000,110.0,3,3,2,los conquistadores,6.243162155151367,-75.58423614501953,8,13.75,30995.98034836981,625225.2252252252,36.666666666666664,12100.0,52.98839253588492,1,4
casa,3000000,200.0,5,3,0,lorena,6.249587535858154,-75.59310150146484,8,25.0,35721.295387634935,652329.7491039427,40.0,40000.0,61.06643508663359,0,0
apartamento,2500000,60.0,2,2,0,rosales,6.23540705,-75.59111726,4,15.0,31678.50652568974,626633.9869281045,30.0,3600.0,54.15518786203267,0,0
casa,4300000,116.0,3,3,2,la mota,6.208929538726807,-75.59899139404297,8,14.5,31054.252952250557,508263.3053221289,38.666666666666664,13456.0,53.08801098878807,1,4
apartamento,3800000,60.0,3,2,0,el tesoro,6.20099138,-75.56222887,5,12.0,46307.752975324685,855149.2240350179,20.0,3600.0,79.1642453160979,0,0
apartamento,4200000,94.0,3,2,2,el tesoro,6.203347682952881,-75.55573272705078,7,13.428571428571429,46307.752975324685,855149.2240350179,31.333333333333332,8836.0,79.1642453160979,1,4
apartamento,8000000,136.0,3,3,1,la florida,6.2065229415893555,-75.56608581542969,7,19.428571428571427,45025.656955191065,832086.513994911,45.333333333333336,18496.0,76.97247056272704,1,1
apartamento,7200000,143.0,2,3,2,la florida,6.204074859619141,-75.5697250366211,7,20.428571428571427,45025.656955191065,832086.513994911,71.5,20449.0,76.97247056272704,1,4
apartamento,3800000,80.0,3,2,1,belen rincon,6.216382026672363,-75.60733032226562,6,13.333333333333334,42767.5585284281,568333.3333333334,26.666666666666668,6400.0,73.11219563426286,1,1
apartamento,1800000,65.0,2,2,0,cristo rey,6.204495906829834,-75.5827865600586,4,16.25,25753.871230643847,585185.1851851852,32.5,4225.0,44.02687776770906,0,0
apartamento,4250000,85.0,2,3,2,villa carlota,6.218235969543457,-75.57379150390625,7,12.142857142857142,54977.83356366141,748492.5201380898,42.5,7225.0,93.98596182156422,1,4
apartamento,8700000,186.0,3,3,2,las lomas no.1,6.2135138511657715,-75.5616455078125,8,23.25,42753.43481316735,816268.3823529412,62.0,34596.0,73.08805079483885,1,4
casa,6000000,180.0,5,5,1,las acacias,6.2438247,-75.60090829,11,16.363636363636363,34935.06493506493,672500.0,36.0,32400.0,59.7223547453697,1,1
apartamento,3550000,70.0,2,2,1,la aguacatala,6.195997714996338,-75.57679748535156,5,14.0,51442.75043487159,795490.506329114,35.0,4900.0,87.9426500640398,1,1
apartamento,5200000,98.0,3,3,1,la florida,6.204917907714844,-75.56121063232422,7,14.0,45025.656955191065,832086.513994911,32.666666666666664,9604.0,76.97247056272704,1,1
apartamento,4700000,143.0,3,3,2,las lomas no.2,6.208164215087891,-75.55889129638672,8,17.875,41861.648016276704,816005.6657223796,47.666666666666664,20449.0,71.56351928072442,1,4
apartamento,3350000,68.0,2,2,1,villa carlota,6.2224297523498535,-75.57136535644531,5,13.6,54977.83356366141,748492.5201380898,34.0,4624.0,93.98596182156422,1,1
apartamento,4300000,80.0,3,2,1,los balsos no.1,6.193238735198975,-75.56443786621094,6,13.333333333333334,48115.75526148983,871145.722446916,26.666666666666668,6400.0,82.2550697961868,1,1
apartamento,5700000,143.0,3,3,2,las lomas no.2,6.208164215087891,-75.55889129638672,8,17.875,41861.648016276704,816005.6657223796,47.666666666666664,20449.0,71.56351928072442,1,4
apartamento,4200000,85.0,3,2,1,villa carlota,6.22196,-75.5735,6,14.166666666666666,54977.83356366141,748492.5201380898,28.333333333333332,7225.0,93.98596182156422,1,1
apartamento,4000000,90.0,3,2,1,san diego,6.22469,-75.56623,6,15.0,47227.322103995706,654899.8185117968,30.0,8100.0,80.73627141129654,1,1
apartamento,5000000,100.0,2,3,1,manila,6.21099,-75.57114,6,16.666666666666668,48813.76037959668,888129.4964028777,50.0,10000.0,83.44832675320535,1,1
apartamento,2500000,60.0,3,2,0,lorena,6.2501646,-75.6020949,5,12.0,35721.295387634935,652329.7491039427,20.0,3600.0,61.06643508663359,0,0
apartamento,3500000,75.0,3,2,1,santa maria de los angeles,6.190737247467041,-75.58048248291016,6,12.5,47391.397443391514,760224.6376811594,25.0,5625.0,81.01676224887126,1,1
apartamento,2600000,132.0,3,4,2,castropol,6.217514991760254,-75.56697082519531,9,14.666666666666666,48917.86962109346,739745.95924104,44.0,17424.0,83.62630406810368,1,4
apartamento,3300000,135.0,3,3,2,castropol,6.215660095214844,-75.56392669677734,8,16.875,48917.86962109346,739745.95924104,45.0,18225.0,83.62630406810368,1,4
apartamento,4650000,140.0,3,3,1,las lomas no.2,6.208159446716309,-75.55874633789062,7,20.0,41861.648016276704,816005.6657223796,46.666666666666664,19600.0,71.56351928072442,1,1
apartamento,4350000,85.0,3,2,1,villa carlota,6.223538875579834,-75.57271575927734,6,14.166666666666666,54977.83356366141,748492.5201380898,28.333333333333332,7225.0,93.98596182156422,1,1
apartamento,8200000,170.0,3,4,2,el tesoro,6.203347682952881,-75.55573272705078,9,18.88888888888889,46307.752975324685,855149.2240350179,56.666666666666664,28900.0,79.1642453160979,1,4
apartamento,5100000,166.0,3,3,2,la florida,6.204821586608887,-75.57002258300781,8,20.75,45025.656955191065,832086.513994911,55.333333333333336,27556.0,76.97247056272704,1,4
apartamento,4500000,137.0,3,2,1,laureles,6.242885112762451,-75.5961685180664,6,22.833333333333332,37952.470484611345,680619.6840826245,45.666666666666664,18769.0,64.88068391909857,1,1
apartamento,4400000,67.0,1,2,1,alejandria,6.197247505187988,-75.56945037841797,4,16.75,48842.610337435945,852482.6560951438,67.0,4489.0,83.49764646735697,1,1
apartamento,4600000,153.0,3,2,2,el nogal-los almendros,6.2375898361206055,-75.59648132324219,7,21.857142857142858,31931.988041853514,623722.6277372263,51.0,23409.0,54.5885207628836,1,4
apartamento,4100000,94.0,3,2,1,castropol,6.223730087280273,-75.56568908691406,6,15.666666666666666,48917.86962109346,739745.95924104,31.333333333333332,8836.0,83.62630406810368,1,1
apartamento,5800000,144.0,2,3,2,los naranjos,6.195010662078857,-75.55648040771484,7,20.571428571428573,49565.6761295771,827000.8873114464,72.0,20736.0,84.733745264447,1,4
apartamento,8200000,115.0,3,2,1,santa maria de los angeles,6.193276882171631,-75.57914733886719,6,19.166666666666668,47391.397443391514,760224.6376811594,38.333333333333336,13225.0,81.01676224887126,1,1
apartamento,4000000,95.0,3,2,1,la loma de los bernal,6.217579364776611,-75.60416412353516,6,15.833333333333334,40721.08579809159,584155.2990556138,31.666666666666668,9025.0,69.61370005095546,1,1
apartamento,7000000,78.0,3,2,1,altos del poblado,6.214409828186035,-75.55598449707031,6,13.0,58495.7928802589,930019.3704600484,26.0,6084.0,100.0,1,1
casa,5500000,125.0,3,2,0,astorga,6.21048,-75.57496,5,25.0,38915.5662264906,771825.3968253968,41.666666666666664,15625.0,66.52711983261925,0,0
apartamento,7000000,97.0,3,3,1,castropol,6.224756717681885,-75.56730651855469,7,13.857142857142858,48917.86962109346,739745.95924104,32.333333333333336,9409.0,83.62630406810368,1,1
apartamento,6750000,140.0,3,3,2,los balsos no.1,6.186256408691406,-75.56201171875,8,17.5,48115.75526148983,871145.722446916,46.666666666666664,19600.0,82.2550697961868,1,4
apartamento,3100000,137.0,3,3,0,simon bolivar,6.24538516998291,-75.60440063476562,6,22.833333333333332,28965.474716228782,659298.245614035,45.666666666666664,18769.0,49.51719310057257,0,0
apartamento,3850000,84.0,3,2,1,villa carlota,6.2224297523498535,-75.57136535644531,6,14.0,54977.83356366141,748492.5201380898,28.0,7056.0,93.98596182156422,1,1
casa,9500000,164.0,3,3,2,san lucas,6.1826461987,-75.562505722,8,20.5,47354.22828936933,904097.3871733967,54.666666666666664,26896.0,80.95322066375543,1,4
apartamento,3650000,107.0,3,2,1,los conquistadores,6.244818210601807,-75.57947540283203,6,17.833333333333332,30995.98034836981,625225.2252252252,35.666666666666664,11449.0,52.98839253588492,1,1
apartamento,4800000,90.0,3,2,1,castropol,6.2158894538879395,-75.56684112548828,6,15.0,48917.86962109346,739745.95924104,30.0,8100.0,83.62630406810368,1,1
apartamento,3500000,72.0,3,2,1,castropol,6.223623752593994,-75.56558227539062,6,12.0,48917.86962109346,739745.95924104,24.0,5184.0,83.62630406810368,1,1
apartamento,7500000,187.0,3,4,2,alejandria,6.1990885734558105,-75.5723648071289,9,20.77777777777778,48842.610337435945,852482.6560951438,62.333333333333336,34969.0,83.49764646735697,1,4
apartamento,5200000,152.0,3,3,2,alejandria,6.199870586395264,-75.56961059570312,8,19.0,48842.610337435945,852482.6560951438,50.666666666666664,23104.0,83.49764646735697,1,4
apartamento,8500000,75.0,2,5,0,la florida,6.2053022,-75.561893,7,10.714285714285714,45025.656955191065,832086.513994911,37.5,5625.0,76.97247056272704,0,0
casa,5000000,181.0,4,3,0,bolivariana,6.24297,-75.59272,7,25.857142857142858,37400.24554941682,658648.6486486486,45.25,32761.0,63.936641778623724,0,0
apartamento,8500000,185.0,3,5,1,alejandria,6.1999,-75.57282,9,20.555555555555557,48842.610337435945,852482.6560951438,61.666666666666664,34225.0,83.49764646735697,1,1
apartamento,9000000,212.0,3,3,2,las lomas no.2,6.21179,-75.5571,8,26.5,41861.648016276704,816005.6657223796,70.66666666666667,44944.0,71.56351928072442,1,4
apartamento,4500000,115.0,3,4,0,lorena,6.24812426,-75.59616988,7,16.428571428571427,35721.295387634935,652329.7491039427,38.333333333333336,13225.0,61.06643508663359,0,0
apartamento,3600000,31.0,1,1,1,el diamante no.2,6.18381,-75.5772,3,10.333333333333334,43639.65496971377,774744.3419949707,31.0,961.0,74.60306600005285,1,1
apartamento,1700000,35.0,1,1,0,barrio cristobal,6.24789373,-75.60964469,2,17.5,27092.70927092709,578846.1538461539,35.0,1225.0,46.315654403361904,0,0
casa,6700000,220.0,4,2,1,el tesoro,6.203347682952881,-75.55573272705078,7,31.428571428571427,46307.752975324685,855149.2240350179,55.0,48400.0,79.1642453160979,1,1
apartamento,3850000,78.0,3,2,0,altos del poblado,6.21470832824707,-75.55471801757812,5,15.6,58495.7928802589,930019.3704600484,26.0,6084.0,100.0,0,0
apartamento,4850000,92.0,2,2,1,santa maria de los angeles,6.1899847984313965,-75.57930755615234,5,18.4,47391.397443391514,760224.6376811594,46.0,8464.0,81.01676224887126,1,1
apartamento,3450000,115.0,3,2,1,la castellana,6.241951942443848,-75.60526275634766,6,19.166666666666668,32305.993690851734,627000.0,38.333333333333336,13225.0,55.22789264004374,1,1
apartamento,4350000,94.0,3,2,1,los balsos no.2,6.1956377029418945,-75.5707015991211,6,15.666666666666666,47300.9517913736,836162.823200559,31.333333333333332,8836.0,80.86214317702954,1,1
apartamento,4700000,66.0,1,2,2,los balsos no.2,6.194457530975342,-75.56983947753906,5,13.2,47300.9517913736,836162.823200559,66.0,4356.0,80.86214317702954,1,4
apartamento,6100000,127.0,3,4,2,castropol,6.215575218200684,-75.56543731689453,9,14.11111111111111,48917.86962109346,739745.95924104,42.333333333333336,16129.0,83.62630406810368,1,4
apartamento,5500000,116.0,3,3,2,alejandria,6.199870586395264,-75.56961059570312,8,14.5,48842.610337435945,852482.6560951438,38.666666666666664,13456.0,83.49764646735697,1,4
apartamento,3700000,60.0,3,2,1,la florida,6.201699256896973,-75.5627212524414,6,10.0,45025.656955191065,832086.513994911,20.0,3600.0,76.97247056272704,1,1
apartamento,8200000,175.0,2,3,2,los balsos no.1,6.194613933563232,-75.56576538085938,7,25.0,48115.75526148983,871145.722446916,87.5,30625.0,82.2550697961868,1,4
apartamento,9200000,150.0,3,3,2,castropol,6.215184211730957,-75.56710052490234,8,18.75,48917.86962109346,739745.95924104,50.0,22500.0,83.62630406810368,1,4
apartamento,6200000,86.0,2,2,2,alejandria,6.199948787689209,-75.56999206542969,6,14.333333333333334,48842.610337435945,852482.6560951438,43.0,7396.0,83.49764646735697,1,4
apartamento,6200000,108.0,3,2,1,castropol,6.217396259307861,-75.56675720214844,6,18.0,48917.86962109346,739745.95924104,36.0,11664.0,83.62630406810368,1,1
apartamento,4250000,79.0,2,3,1,san lucas,6.17993688583374,-75.56349182128906,6,13.166666666666666,47354.22828936933,904097.3871733967,39.5,6241.0,80.95322066375543,1,1
apartamento,7700000,133.0,3,2,1,alejandria,6.2013468742370605,-75.56707763671875,6,22.166666666666668,48842.610337435945,852482.6560951438,44.333333333333336,17689.0,83.49764646735697,1,1
apartamento,2450000,30.0,1,1,0,la castellana,6.242650032043457,-75.60370635986328,2,15.0,32305.993690851734,627000.0,30.0,900.0,55.22789264004374,0,0
apartamento,2800000,60.0,3,2,1,asomadera no.1,6.224902153015137,-75.5606460571289,6,10.0,48571.57944764218,665557.1635311143,20.0,3600.0,83.03431247964855,1,1
apartamento,2600000,116.0,3,2,1,nueva villa del aburra,6.236728191375732,-75.60562896728516,6,19.333333333333332,27963.362068965518,576666.6666666666,38.666666666666664,13456.0,47.804056825431225,1,1
apartamento,3100000,78.0,3,2,1,altos del poblado,6.215419769287109,-75.55437469482422,6,13.0,58495.7928802589,930019.3704600484,26.0,6084.0,100.0,1,1
apartamento,3850000,98.0,3,2,1,castropol,6.218486785888672,-75.56706237792969,6,16.333333333333332,48917.86962109346,739745.95924104,32.666666666666664,9604.0,83.62630406810368,1,1
apartamento,5300000,137.0,3,4,1,laureles,6.242758750915527,-75.59607696533203,8,17.125,37952.470484611345,680619.6840826245,45.666666666666664,18769.0,64.88068391909857,1,1
apartamento,3300000,95.0,3,2,1,florida nueva,6.250800132751465,-75.59066009521484,6,15.833333333333334,34915.907498248074,668791.9463087248,31.666666666666668,9025.0,59.68960463485137,1,1
casa,8100000,261.0,4,3,2,san lucas,6.184542179107666,-75.56476593017578,9,29.0,47354.22828936933,904097.3871733967,65.25,68121.0,80.95322066375543,1,4
apartamento,7800000,180.0,3,4,2,los balsos no.2,6.196064472198486,-75.57181549072266,9,20.0,47300.9517913736,836162.823200559,60.0,32400.0,80.86214317702954,1,4
apartamento,4800000,150.0,3,3,2,laureles,6.245896,-75.595879,8,18.75,37952.470484611345,680619.6840826245,50.0,22500.0,64.88068391909857,1,4
casa,8500000,280.0,5,4,1,la castellana,6.2405,-75.607715,10,28.0,32305.993690851734,627000.0,56.0,78400.0,55.22789264004374,1,1
apartamento,1800000,56.0,2,2,1,los angeles,6.25287,-75.55883,5,11.2,22614.840989399294,556521.7391304348,28.0,3136.0,38.66062818516189,1,1
apartamento,8000000,253.0,5,5,2,san joaquin,6.247487,-75.587671,12,21.083333333333332,32753.58855757907,569436.2017804154,50.6,64009.0,55.9930670990746,1,4
casa,3800000,125.0,4,2,1,santa monica,6.24913777,-75.61509509,7,17.857142857142858,33578.94736842105,543750.0,31.25,15625.0,57.40403833341875,1,1
apartamento,3500000,75.0,3,2,1,villa carlota,6.22196,-75.5735,6,12.5,54977.83356366141,748492.5201380898,25.0,5625.0,93.98596182156422,1,1
apartamento,7500000,182.0,3,4,2,miravalle,6.2353755446,-75.6004200939,9,20.22222222222222,42041.52249134948,650892.8571428572,60.666666666666664,33124.0,71.87101913022809,1,4
apartamento,5000000,91.0,2,2,2,el tesoro,6.20062,-75.56368,6,15.166666666666666,46307.752975324685,855149.2240350179,45.5,8281.0,79.1642453160979,1,4
apartamento,5200000,80.0,2,2,1,altos del poblado,6.214367389678955,-75.55392456054688,5,16.0,58495.7928802589,930019.3704600484,40.0,6400.0,100.0,1,1
apartamento,3300000,84.0,3,2,1,la loma de los bernal,6.217579364776611,-75.60416412353516,6,14.0,40721.08579809159,584155.2990556138,28.0,7056.0,69.61370005095546,1,1
apartamento,7700000,124.0,2,3,2,los balsos no.1,6.186973571777344,-75.56109619140625,7,17.714285714285715,48115.75526148983,871145.722446916,62.0,15376.0,82.2550697961868,1,4
apartamento,5700000,147.0,3,3,2,los balsos no.1,6.186973571777344,-75.56109619140625,8,18.375,48115.75526148983,871145.722446916,49.0,21609.0,82.2550697961868,1,4
apartamento,3550000,80.0,2,2,2,villa carlota,6.22439432144165,-75.57479095458984,6,13.333333333333334,54977.83356366141,748492.5201380898,40.0,6400.0,93.98596182156422,1,4
apartamento,6700000,92.0,2,3,1,lalinde,6.213687896728516,-75.56812286376953,6,15.333333333333334,53427.21397778484,890320.987654321,46.0,8464.0,91.33513941276176,1,1
apartamento,3100000,65.0,2,2,1,laureles,6.242308139801025,-75.59518432617188,5,13.0,37952.470484611345,680619.6840826245,32.5,4225.0,64.88068391909857,1,1
apartamento,7300000,70.0,1,2,1,san lucas,6.181797981262207,-75.56238555908203,4,17.5,47354.22828936933,904097.3871733967,70.0,4900.0,80.95322066375543,1,1
apartamento,6300000,147.0,3,4,1,las acacias,6.240993499755859,-75.60108184814453,8,18.375,34935.06493506493,672500.0,49.0,21609.0,59.7223547453697,1,1
apartamento,2250000,25.0,1,1,0,la castellana,6.242650032043457,-75.60370635986328,2,12.5,32305.993690851734,627000.0,25.0,625.0,55.22789264004374,0,0
apartamento,3150000,65.0,1,2,2,santa maria de los angeles,6.1889872550964355,-75.5788803100586,5,13.0,47391.397443391514,760224.6376811594,65.0,4225.0,81.01676224887126,1,4
apartamento,7600000,70.0,1,2,1,altos del poblado,6.2071709632873535,-75.55035400390625,4,17.5,58495.7928802589,930019.3704600484,70.0,4900.0,100.0,1,1
apartamento,8700000,146.0,3,4,2,los balsos no.1,6.188527584075928,-75.5661849975586,9,16.22222222222222,48115.75526148983,871145.722446916,48.666666666666664,21316.0,82.2550697961868,1,4
apartamento,6150000,154.0,3,4,1,las lomas no.2,6.20839786529541,-75.55572509765625,8,19.25,41861.648016276704,816005.6657223796,51.333333333333336,23716.0,71.56351928072442,1,1
apartamento,4650000,132.0,3,2,2,los balsos no.2,6.198797225952148,-75.57364654541016,7,18.857142857142858,47300.9517913736,836162.823200559,44.0,17424.0,80.86214317702954,1,4
apartamento,4750000,90.0,3,2,1,asomadera no.1,6.225461483001709,-75.56105041503906,6,15.0,48571.57944764218,665557.1635311143,30.0,8100.0,83.03431247964855,1,1
apartamento,8000000,178.0,3,4,2,el tesoro,6.203347682952881,-75.55573272705078,9,19.77777777777778,46307.752975324685,855149.2240350179,59.333333333333336,31684.0,79.1642453160979,1,4
apartamento,6700000,74.0,1,2,1,san lucas,6.1799445152282715,-75.56405639648438,4,18.5,47354.22828936933,904097.3871733967,74.0,5476.0,80.95322066375543,1,1
apartamento,8700000,120.0,3,3,2,alejandria,6.197147846221924,-75.56703186035156,8,15.0,48842.610337435945,852482.6560951438,40.0,14400.0,83.49764646735697,1,4
apartamento,5000000,78.0,2,2,1,altos del poblado,6.216922760009766,-75.5562973022461,5,15.6,58495.7928802589,930019.3704600484,39.0,6084.0,100.0,1,1
apartamento,3600000,86.0,3,2,1,asomadera no.1,6.226442813873291,-75.5644302368164,6,14.333333333333334,48571.57944764218,665557.1635311143,28.666666666666668,7396.0,83.03431247964855,1,1
apartamento,3700000,84.0,2,2,1,patio bonito,6.206061,-75.575702,5,16.8,43819.79935642627,741195.3041622199,42.0,7056.0,74.91102727015866,1,1
apartamento,6900000,160.0,2,3,1,laureles,6.245896,-75.595879,6,26.666666666666668,37952.470484611345,680619.6840826245,80.0,25600.0,64.88068391909857,1,1
apartamento,3500000,200.0,3,2,0,simon bolivar,6.24730276,-75.60457217,5,40.0,28965.474716228782,659298.245614035,66.66666666666667,40000.0,49.51719310057257,0,0
apartamento,1600000,49.0,2,5,0,el danubio,6.25352,-75.609973,7,7.0,32214.765100671142,369230.76923076925,24.5,2401.0,55.07193511611148,0,0
apartamento,1700000,35.0,2,1,0,barrio cristobal,6.24789373,-75.60964469,3,11.666666666666666,27092.70927092709,578846.1538461539,17.5,1225.0,46.315654403361904,0,0
apartamento,4100000,76.0,2,3,1,villa carlota,6.22197,-75.57365,6,12.666666666666666,54977.83356366141,748492.5201380898,38.0,5776.0,93.98596182156422,1,1
apartamento,2200000,65.0,2,2,1,la hondonada,6.20288,-75.60242,5,13.0,35058.243727598565,399234.693877551,32.5,4225.0,59.93293192787884,1,1
apartamento,4700000,110.0,3,4,2,los balsos no.2,6.194843769073486,-75.56622314453125,9,12.222222222222221,47300.9517913736,836162.823200559,36.666666666666664,12100.0,80.86214317702954,1,4
apartamento,3800000,152.0,3,3,2,los naranjos,6.195587158203125,-75.56178283691406,8,19.0,49565.6761295771,827000.8873114464,50.666666666666664,23104.0,84.733745264447,1,4
casa,4500000,210.0,3,3,1,ferrini,6.268491268157959,-75.59556579589844,7,30.0,34752.10477081384,530714.2857142857,70.0,44100.0,59.40957983414555,1,1
apartamento,4200000,100.0,3,2,2,la florida,6.205749034881592,-75.56409454345703,7,14.285714285714286,45025.656955191065,832086.513994911,33.333333333333336,10000.0,76.97247056272704,1,4
apartamento,3700000,120.0,3,3,1,castropol,6.21444034576416,-75.5689926147461,7,17.142857142857142,48917.86962109346,739745.95924104,40.0,14400.0,83.62630406810368,1,1
apartamento,3600000,90.0,3,2,1,los colores,6.265878677368164,-75.59293365478516,6,15.0,34639.764996907856,599064.1711229946,30.0,8100.0,59.21753222118996,1,1
apartamento,4750000,104.0,3,3,2,laureles,6.242308139801025,-75.59518432617188,8,13.0,37952.470484611345,680619.6840826245,34.666666666666664,10816.0,64.88068391909857,1,4
casa,9200000,256.0,3,3,2,la florida,6.202986717224121,-75.56918334960938,8,32.0,45025.656955191065,832086.513994911,85.33333333333333,65536.0,76.97247056272704,1,4
apartamento,2850000,65.0,2,2,1,san bernardo,6.225114345550537,-75.59793853759766,5,13.0,36813.18681318681,609090.9090909091,32.5,4225.0,62.933050396536274,1,1
apartamento,5100000,87.0,3,2,1,altos del poblado,6.214146137237549,-75.55559539794922,6,14.5,58495.7928802589,930019.3704600484,29.0,7569.0,100.0,1,1
apartamento,5700000,102.0,2,2,2,alejandria,6.200372695922852,-75.5699234008789,6,17.0,48842.610337435945,852482.6560951438,51.0,10404.0,83.49764646735697,1,4
apartamento,7200000,100.0,3,3,1,alejandria,6.199612140655518,-75.56756591796875,7,14.285714285714286,48842.610337435945,852482.6560951438,33.333333333333336,10000.0,83.49764646735697,1,1
apartamento,9500000,213.0,4,5,4,los balsos no.1,6.186817646026611,-75.5590591430664,13,16.384615384615383,48115.75526148983,871145.722446916,53.25,45369.0,82.2550697961868,1,16
apartamento,3600000,83.0,3,2,1,la loma de los bernal,6.217579364776611,-75.60416412353516,6,13.833333333333334,40721.08579809159,584155.2990556138,27.666666666666668,6889.0,69.61370005095546,1,1
apartamento,4150000,87.0,3,2,1,la aguacatala,6.196191787719727,-75.57723999023438,6,14.5,51442.75043487159,795490.506329114,29.0,7569.0,87.9426500640398,1,1
apartamento,2950000,90.0,2,2,1,la loma de los bernal,6.217561721801758,-75.6037368774414,5,18.0,40721.08579809159,584155.2990556138,45.0,8100.0,69.61370005095546,1,1
apartamento,3700000,65.0,3,2,1,santa fe,6.222130298614502,-75.58153533935547,6,10.833333333333334,48109.58350181965,701917.4041297935,21.666666666666668,4225.0,82.24451902088094,1,1
apartamento,2500000,88.0,3,2,1,villa carlota,6.2206950187683105,-75.57020568847656,6,14.666666666666666,54977.83356366141,748492.5201380898,29.333333333333332,7744.0,93.98596182156422,1,1
casa,3800000,135.0,3,2,1,cristo rey,6.210144519805908,-75.58918762207031,6,22.5,25753.871230643847,585185.1851851852,45.0,18225.0,44.02687776770906,1,1
apartamento,3000000,86.0,3,2,1,asomadera no.1,6.226442813873291,-75.5644302368164,6,14.333333333333334,48571.57944764218,665557.1635311143,28.666666666666668,7396.0,83.03431247964855,1,1
apartamento,5950000,115.0,3,3,2,lalinde,6.21281099319458,-75.56675720214844,8,14.375,53427.21397778484,890320.987654321,38.333333333333336,13225.0,91.33513941276176,1,4
casa,7500000,325.0,4,4,3,alejandria,6.197865962982178,-75.56748962402344,11,29.545454545454547,48842.610337435945,852482.6560951438,81.25,105625.0,83.49764646735697,1,9
casa,5200000,259.0,4,3,1,rosales,6.232780933380127,-75.59204864501953,8,32.375,31678.50652568974,626633.9869281045,64.75,67081.0,54.15518786203267,1,1
casa,6900000,120.0,2,2,1,san lucas,6.179964065551758,-75.56400299072266,5,24.0,47354.22828936933,904097.3871733967,60.0,14400.0,80.95322066375543,1,1
casa,5300000,160.0,4,3,2,la mota,6.209763526916504,-75.59870910644531,9,17.77777777777778,31054.252952250557,508263.3053221289,40.0,25600.0,53.08801098878807,1,4
apartamento,3000000,80.0,3,2,1,castropol,6.217005252838135,-75.56634521484375,6,13.333333333333334,48917.86962109346,739745.95924104,26.666666666666668,6400.0,83.62630406810368,1,1
apartamento,3600000,100.0,3,2,1,lorena,6.2497477531433105,-75.59446716308594,6,16.666666666666668,35721.295387634935,652329.7491039427,33.333333333333336,10000.0,61.06643508663359,1,1
apartamento,4800000,109.0,3,3,1,lorena,6.247878074645996,-75.60078430175781,7,15.571428571428571,35721.295387634935,652329.7491039427,36.333333333333336,11881.0,61.06643508663359,1,1
apartamento,4900000,94.0,2,2,1,lalinde,6.212034702301025,-75.56619262695312,5,18.8,53427.21397778484,890320.987654321,47.0,8836.0,91.33513941276176,1,1
apartamento,4800000,52.0,1,2,1,alejandria,6.196680545806885,-75.56641387939453,4,13.0,48842.610337435945,852482.6560951438,52.0,2704.0,83.49764646735697,1,1
apartamento,3950000,130.0,3,3,2,el diamante no.2,6.181813716888428,-75.57490539550781,8,16.25,43639.65496971377,774744.3419949707,43.333333333333336,16900.0,74.60306600005285,1,4
apartamento,5900000,130.0,3,3,2,la florida,6.2026,-75.56806,8,16.25,45025.656955191065,832086.513994911,43.333333333333336,16900.0,76.97247056272704,1,4
apartamento,2800000,90.0,3,1,1,san diego,6.2281477,-75.56669901,5,18.0,47227.322103995706,654899.8185117968,30.0,8100.0,80.73627141129654,1,1
apartamento,8000000,150.0,2,3,2,los naranjos,6.19395,-75.55825,7,21.428571428571427,49565.6761295771,827000.8873114464,75.0,22500.0,84.733745264447,1,4
apartamento,3800000,200.0,5,4,1,santa teresita,6.244524,-75.613643,10,20.0,26323.37946103423,520028.77697841724,40.0,40000.0,45.00046612739874,1,1
casa,8300000,270.0,4,3,1,bolivariana,6.2458318,-75.58878756,8,33.75,37400.24554941682,658648.6486486486,67.5,72900.0,63.936641778623724,1,1
apartamento,3200000,67.0,3,2,1,las palmas,6.21886,-75.55027,6,11.166666666666666,44135.83717530642,781094.527363184,22.333333333333332,4489.0,75.45130171267638,1,1
apartamento,8000000,213.0,3,4,3,los balsos no.2,6.19604,-75.57164,10,21.3,47300.9517913736,836162.823200559,71.0,45369.0,80.86214317702954,1,9
apartamento,2100000,70.0,3,2,0,san javier no.2,6.25825,-75.61481,5,14.0,28571.428571428572,400000.0,23.333333333333332,4900.0,48.84356150178935,0,0
apartamento,1950000,55.0,2,2,0,barrio colon,6.24336,-75.56942,4,13.75,36382.97872340425,534375.0,27.5,3025.0,62.19759906132111,0,0
apartamento,3400000,110.0,3,2,1,laureles,6.243419170379639,-75.59467315673828,6,18.333333333333332,37952.470484611345,680619.6840826245,36.666666666666664,12100.0,64.88068391909857,1,1
apartamento,5600000,212.0,3,3,2,lalinde,6.211569786071777,-75.56808471679688,8,26.5,53427.21397778484,890320.987654321,70.66666666666667,44944.0,91.33513941276176,1,4
apartamento,4400000,90.0,3,2,2,la mota,6.210515022277832,-75.60065460205078,7,12.857142857142858,31054.252952250557,508263.3053221289,30.0,8100.0,53.08801098878807,1,4
casa,7500000,284.0,3,4,2,san lucas,6.183994293212891,-75.56147003173828,9,31.555555555555557,47354.22828936933,904097.3871733967,94.66666666666667,80656.0,80.95322066375543,1,4
apartamento,3450000,75.0,2,2,2,santa maria de los angeles,6.188073635101318,-75.57901763916016,6,12.5,47391.397443391514,760224.6376811594,37.5,5625.0,81.01676224887126,1,4
apartamento,2850000,65.0,3,2,1,san diego,6.2315287590026855,-75.56769561767578,6,10.833333333333334,47227.322103995706,654899.8185117968,21.666666666666668,4225.0,80.73627141129654,1,1
apartamento,6350000,167.0,3,3,2,laureles,6.240758419036865,-75.59761047363281,8,20.875,37952.470484611345,680619.6840826245,55.666666666666664,27889.0,64.88068391909857,1,4
apartamento,8500000,170.0,3,4,2,el tesoro,6.201724052429199,-75.55621337890625,9,18.88888888888889,46307.752975324685,855149.2240350179,56.666666666666664,28900.0,79.1642453160979,1,4
apartamento,3800000,52.0,1,2,1,alejandria,6.197928428649902,-75.570068359375,4,13.0,48842.610337435945,852482.6560951438,52.0,2704.0,83.49764646735697,1,1
apartamento,6150000,152.0,3,3,2,sin nombre,6.178699016571045,-75.55711364746094,8,19.0,32965.686274509804,584782.6086956522,50.666666666666664,23104.0,56.355653374919946,1,4
apartamento,3300000,102.0,3,2,1,la loma de los bernal,6.217579364776611,-75.60416412353516,6,17.0,40721.08579809159,584155.2990556138,34.0,10404.0,69.61370005095546,1,1
apartamento,3500000,101.0,3,2,1,los conquistadores,6.241984844207764,-75.58163452148438,6,16.833333333333332,30995.98034836981,625225.2252252252,33.666666666666664,10201.0,52.98839253588492,1,1
apartamento,4950000,130.0,4,4,1,el velodromo,6.2535786628723145,-75.59549713134766,9,14.444444444444445,33048.78048780488,624423.9631336406,32.5,16900.0,56.497704981033166,1,1
apartamento,4150000,80.0,3,2,1,los naranjos,6.19466495513916,-75.56161499023438,6,13.333333333333334,49565.6761295771,827000.8873114464,26.666666666666668,6400.0,84.733745264447,1,1
apartamento,3350000,115.0,3,2,2,patio bonito,6.205984592437744,-75.57622528076172,7,16.428571428571427,43819.79935642627,741195.3041622199,38.333333333333336,13225.0,74.91102727015866,1,4
apartamento,4100000,66.0,2,1,1,las acacias,6.240698337554932,-75.60108184814453,4,16.5,34935.06493506493,672500.0,33.0,4356.0,59.7223547453697,1,1
apartamento,6000000,187.0,3,3,1,castropol,6.219811916351318,-75.56774139404297,7,26.714285714285715,48917.86962109346,739745.95924104,62.333333333333336,34969.0,83.62630406810368,1,1
apartamento,4100000,92.0,1,2,2,la florida,6.20487642288208,-75.56886291503906,5,18.4,45025.656955191065,832086.513994911,92.0,8464.0,76.97247056272704,1,4
apartamento,3050000,54.0,2,5,1,castropol,6.2175781,-75.569028,8,6.75,48917.86962109346,739745.95924104,27.0,2916.0,83.62630406810368,1,1
apartamento,4300000,120.0,3,2,1,laureles,6.242759,-75.596075,6,20.0,37952.470484611345,680619.6840826245,40.0,14400.0,64.88068391909857,1,1
apartamento,8625000,107.0,3,4,2,castropol,6.2208531745714,-75.56859759057,9,11.88888888888889,48917.86962109346,739745.95924104,35.666666666666664,11449.0,83.62630406810368,1,4
apartamento,8200000,125.0,3,4,4,alejandria,6.20173,-75.56859,11,11.363636363636363,48842.610337435945,852482.6560951438,41.666666666666664,15625.0,83.49764646735697,1,16
apartamento,1350000,45.0,2,5,0,el salvador,6.240139,-75.561381,7,6.428571428571429,30000.0,192857.14285714287,22.5,2025.0,51.28573957687882,0,0
apartamento,5100000,100.0,2,3,2,las lomas no.1,6.21077,-75.56145,7,14.285714285714286,42753.43481316735,816268.3823529412,50.0,10000.0,73.08805079483885,1,4
apartamento,6300000,140.0,3,5,1,alejandria,6.201961994171143,-75.5703353881836,9,15.555555555555555,48842.610337435945,852482.6560951438,46.666666666666664,19600.0,83.49764646735697,1,1
apartamento,3500000,76.0,2,3,1,los balsos no.1,6.186577796936035,-75.5617446899414,6,12.666666666666666,48115.75526148983,871145.722446916,38.0,5776.0,82.2550697961868,1,1
apartamento,3650000,79.0,2,2,1,patio bonito,6.205190658569336,-75.57141876220703,5,15.8,43819.79935642627,741195.3041622199,39.5,6241.0,74.91102727015866,1,1
apartamento,5500000,112.0,3,3,2,las acacias,6.240963935852051,-75.60116577148438,8,14.0,34935.06493506493,672500.0,37.333333333333336,12544.0,59.7223547453697,1,4
apartamento,4650000,114.0,3,3,1,el diamante no.2,6.182640552520752,-75.5741958618164,7,16.285714285714285,43639.65496971377,774744.3419949707,38.0,12996.0,74.60306600005285,1,1
apartamento,9700000,260.0,3,4,3,alejandria,6.199716091156006,-75.56805419921875,10,26.0,48842.610337435945,852482.6560951438,86.66666666666667,67600.0,83.49764646735697,1,9
apartamento,3700000,84.0,3,2,1,castropol,6.21874475479126,-75.56881713867188,6,14.0,48917.86962109346,739745.95924104,28.0,7056.0,83.62630406810368,1,1
apartamento,6400000,138.0,3,3,2,alejandria,6.200510501861572,-75.5699691772461,8,17.25,48842.610337435945,852482.6560951438,46.0,19044.0,83.49764646735697,1,4
apartamento,5100000,87.0,2,2,1,altos del poblado,6.216899871826172,-75.55632781982422,5,17.4,58495.7928802589,930019.3704600484,43.5,7569.0,100.0,1,1
apartamento,6800000,132.0,3,2,2,san lucas,6.179964065551758,-75.56400299072266,7,18.857142857142858,47354.22828936933,904097.3871733967,44.0,17424.0,80.95322066375543,1,4
casa,4500000,147.0,5,4,1,estadio,6.26225,-75.59629,10,14.7,28935.940737376888,589306.3583815029,29.4,21609.0,49.466704035636994,1,1
apartamento,6000000,95.0,2,2,1,lalinde,6.21296,-75.56852,5,19.0,53427.21397778484,890320.987654321,47.5,9025.0,91.33513941276176,1,1
apartamento,2200000,48.0,2,2,1,la palma,6.229527950286865,-75.6026382446289,5,9.6,30263.43970871707,611688.3116883116,24.0,2304.0,51.73609625339456,1,1
apartamento,3950000,80.0,3,2,2,patio bonito,6.205358028411865,-75.57597351074219,7,11.428571428571429,43819.79935642627,741195.3041622199,26.666666666666668,6400.0,74.91102727015866,1,4
apartamento,7100000,104.0,2,3,2,la aguacatala,6.198534965515137,-75.57560729980469,7,14.857142857142858,51442.75043487159,795490.506329114,52.0,10816.0,87.9426500640398,1,4
apartamento,3700000,69.0,3,2,1,san diego,6.233372688293457,-75.5699462890625,6,11.5,47227.322103995706,654899.8185117968,23.0,4761.0,80.73627141129654,1,1
apartamento,3550000,64.0,2,2,1,villa carlota,6.218206882476807,-75.57350158691406,5,12.8,54977.83356366141,748492.5201380898,32.0,4096.0,93.98596182156422,1,1
apartamento,4600000,78.0,3,2,1,los balsos no.2,6.195743083953857,-75.56614685058594,6,13.0,47300.9517913736,836162.823200559,26.0,6084.0,80.86214317702954,1,1
apartamento,4200000,68.0,2,2,1,alejandria,6.201125621795654,-75.56622314453125,5,13.6,48842.610337435945,852482.6560951438,34.0,4624.0,83.49764646735697,1,1
apartamento,6100000,128.0,3,3,2,castropol,6.216109752655029,-75.56694793701172,8,16.0,48917.86962109346,739745.95924104,42.666666666666664,16384.0,83.62630406810368,1,4
apartamento,7400000,120.0,3,3,2,los balsos no.1,6.187380313873291,-75.56134796142578,8,15.0,48115.75526148983,871145.722446916,40.0,14400.0,82.2550697961868,1,4
casa,4850000,160.0,4,3,1,la gloria,6.221764087677002,-75.60698699951172,8,20.0,34291.07710077967,552325.5813953489,40.0,25600.0,58.62144166670863,1,1
apartamento,6200000,97.0,2,3,2,los balsos no.1,6.19099,-75.55886,7,13.857142857142858,48115.75526148983,871145.722446916,48.5,9409.0,82.2550697961868,1,4
apartamento,5300000,65.0,1,2,1,el tesoro,6.203347682952881,-75.55573272705078,4,16.25,46307.752975324685,855149.2240350179,65.0,4225.0,79.1642453160979,1,1
apartamento,3000000,140.0,4,5,0,santa teresita,6.2445768,-75.6108272,9,15.555555555555555,26323.37946103423,520028.77697841724,35.0,19600.0,45.00046612739874,0,0
apartamento,3000000,90.0,3,2,1,san joaquin,6.245055,-75.586423,6,15.0,32753.58855757907,569436.2017804154,30.0,8100.0,55.9930670990746,1,1
apartamento,4600000,115.0,4,2,1,santa maria de los angeles,6.19373,-75.57879,7,16.428571428571427,47391.397443391514,760224.6376811594,28.75,13225.0,81.01676224887126,1,1
apartamento,5200000,86.0,3,3,1,castropol,6.216140270233154,-75.56697082519531,7,12.285714285714286,48917.86962109346,739745.95924104,28.666666666666668,7396.0,83.62630406810368,1,1
apartamento,3580000,95.0,3,2,1,la castellana,6.24088,-75.60378,6,15.833333333333334,32305.993690851734,627000.0,31.666666666666668,9025.0,55.22789264004374,1,1
apartamento,3950000,100.0,3,2,1,patio bonito,6.2066450119018555,-75.57589721679688,6,16.666666666666668,43819.79935642627,741195.3041622199,33.333333333333336,10000.0,74.91102727015866,1,1
apartamento,7800000,180.0,3,4,3,el castillo,6.190347194671631,-75.5726318359375,10,18.0,56343.83279364145,907109.0047393364,60.0,32400.0,96.32117118059666,1,9
apartamento,4400000,80.0,3,2,2,las palmas,6.237368583679199,-75.56415557861328,7,11.428571428571429,44135.83717530642,781094.527363184,26.666666666666668,6400.0,75.45130171267638,1,4
apartamento,6150000,185.0,4,4,2,la aguacatala,6.1974077224731445,-75.57551574707031,10,18.5,51442.75043487159,795490.506329114,46.25,34225.0,87.9426500640398,1,4
apartamento,2900000,111.0,3,3,1,santa maria de los angeles,6.19097375869751,-75.57904815673828,7,15.857142857142858,47391.397443391514,760224.6376811594,37.0,12321.0,81.01676224887126,1,1
apartamento,5800000,90.0,2,2,2,el tesoro,6.203274726867676,-75.55186462402344,6,15.0,46307.752975324685,855149.2240350179,45.0,8100.0,79.1642453160979,1,4
apartamento,5700000,128.0,4,2,1,castropol,6.219926834106445,-75.56832122802734,7,18.285714285714285,48917.86962109346,739745.95924104,32.0,16384.0,83.62630406810368,1,1
apartamento,4650000,100.0,3,2,1,patio bonito,6.2069220542907715,-75.57582092285156,6,16.666666666666668,43819.79935642627,741195.3041622199,33.333333333333336,10000.0,74.91102727015866,1,1
apartamento,3350000,80.0,3,2,1,alejandria,6.200372695922852,-75.5699234008789,6,13.333333333333334,48842.610337435945,852482.6560951438,26.666666666666668,6400.0,83.49764646735697,1,1
apartamento,5700000,86.0,3,2,1,castropol,6.220345973968506,-75.56808471679688,6,14.333333333333334,48917.86962109346,739745.95924104,28.666666666666668,7396.0,83.62630406810368,1,1
apartamento,6500000,136.0,3,4,2,alejandria,6.197765827178955,-75.56597900390625,9,15.11111111111111,48842.610337435945,852482.6560951438,45.333333333333336,18496.0,83.49764646735697,1,4
apartamento,4100000,98.0,2,2,1,la loma de los bernal,6.220260143280029,-75.60388946533203,5,19.6,40721.08579809159,584155.2990556138,49.0,9604.0,69.61370005095546,1,1
apartamento,8000000,150.0,3,4,2,santa maria de los angeles,6.190206050872803,-75.57931518554688,9,16.666666666666668,47391.397443391514,760224.6376811594,50.0,22500.0,81.01676224887126,1,4
apartamento,4650000,100.0,3,2,2,los naranjos,6.192076683044434,-75.55847930908203,7,14.285714285714286,49565.6761295771,827000.8873114464,33.333333333333336,10000.0,84.733745264447,1,4
apartamento,3800000,58.0,2,2,1,el tesoro,6.206602573394775,-75.5592041015625,5,11.6,46307.752975324685,855149.2240350179,29.0,3364.0,79.1642453160979,1,1
apartamento,8200000,100.0,2,2,1,villa carlota,6.22460046,-75.57424835,5,20.0,54977.83356366141,748492.5201380898,50.0,10000.0,93.98596182156422,1,1
apartamento,3650000,100.0,3,2,1,patio bonito,6.206729888916016,-75.57576751708984,6,16.666666666666668,43819.79935642627,741195.3041622199,33.333333333333336,10000.0,74.91102727015866,1,1
apartamento,6400000,113.0,3,3,2,castropol,6.215518951416016,-75.56697082519531,8,14.125,48917.86962109346,739745.95924104,37.666666666666664,12769.0,83.62630406810368,1,4
apartamento,3550000,70.0,3,2,1,la loma de los bernal,6.219273567199707,-75.60383605957031,6,11.666666666666666,40721.08579809159,584155.2990556138,23.333333333333332,4900.0,69.61370005095546,1,1
apartamento,2650000,80.0,2,2,1,la america,6.2485456466674805,-75.60371398925781,5,16.0,26048.171275646742,423188.40579710144,40.0,6400.0,44.529990949891804,1,1
apartamento,4000000,76.0,3,2,1,los naranjos,6.19466495513916,-75.56161499023438,6,12.666666666666666,49565.6761295771,827000.8873114464,25.333333333333332,5776.0,84.733745264447,1,1
apartamento,5100000,50.0,2,1,0,alejandria,6.20139741897583,-75.56916046142578,3,16.666666666666668,48842.610337435945,852482.6560951438,25.0,2500.0,83.49764646735697,0,0
casa,7000000,280.0,5,3,1,la castellana,6.242328643798828,-75.60484313964844,9,31.11111111111111,32305.993690851734,627000.0,56.0,78400.0,55.22789264004374,1,1
apartamento,4700000,137.0,3,3,1,castropol,6.21614,-75.56697,7,19.571428571428573,48917.86962109346,739745.95924104,45.666666666666664,18769.0,83.62630406810368,1,1
apartamento,1700000,50.0,3,1,0,la hondonada,6.2056,-75.60816,4,12.5,35058.243727598565,399234.693877551,16.666666666666668,2500.0,59.93293192787884,0,0
apartamento,8500000,200.0,3,4,1,las lomas no.2,6.21196,-75.55695,8,25.0,41861.648016276704,816005.6657223796,66.66666666666667,40000.0,71.56351928072442,1,1
apartamento,7500000,140.0,3,2,2,laureles,6.2419,-75.59644,7,20.0,37952.470484611345,680619.6840826245,46.666666666666664,19600.0,64.88068391909857,1,4
apartamento,4500000,84.0,3,2,1,villa carlota,6.225037,-75.574604,6,14.0,54977.83356366141,748492.5201380898,28.0,7056.0,93.98596182156422,1,1
apartamento,3000000,68.0,2,2,1,laureles,6.2427802085876465,-75.59593963623047,5,13.6,37952.470484611345,680619.6840826245,34.0,4624.0,64.88068391909857,1,1
apartamento,2850000,70.0,2,2,1,castropol,6.216269016265869,-75.5669174194336,5,14.0,48917.86962109346,739745.95924104,35.0,4900.0,83.62630406810368,1,1
apartamento,6650000,92.0,2,2,2,el castillo,6.187260627746582,-75.56829071044922,6,15.333333333333334,56343.83279364145,907109.0047393364,46.0,8464.0,96.32117118059666,1,4
apartamento,5000000,104.0,3,2,2,asomadera no.2,6.217618465423584,-75.56076049804688,7,14.857142857142858,51821.74887892377,772562.6740947075,34.666666666666664,10816.0,88.59055724742987,1,4
apartamento,4150000,120.0,3,2,1,la aguacatala,6.199972152709961,-75.5776138305664,6,20.0,51442.75043487159,795490.506329114,40.0,14400.0,87.9426500640398,1,1
apartamento,2300000,60.0,3,2,1,la hondonada,6.202782154083252,-75.60188293457031,6,10.0,35058.243727598565,399234.693877551,20.0,3600.0,59.93293192787884,1,1
apartamento,3300000,68.0,3,2,1,el tesoro,6.200640678405762,-75.56295776367188,6,11.333333333333334,46307.752975324685,855149.2240350179,22.666666666666668,4624.0,79.1642453160979,1,1
apartamento,4400000,86.0,3,2,1,asomadera no.2,6.225118160247803,-75.56349182128906,6,14.333333333333334,51821.74887892377,772562.6740947075,28.666666666666668,7396.0,88.59055724742987,1,1
apartamento,4600000,175.0,3,3,3,laureles,6.243377208709717,-75.59456634521484,9,19.444444444444443,37952.470484611345,680619.6840826245,58.333333333333336,30625.0,64.88068391909857,1,9
apartamento,4300000,87.0,3,2,2,castropol,6.215414524078369,-75.56713104248047,7,12.428571428571429,48917.86962109346,739745.95924104,29.0,7569.0,83.62630406810368,1,4
apartamento,8900000,218.0,3,3,3,la florida,6.206371307373047,-75.56883239746094,9,24.22222222222222,45025.656955191065,832086.513994911,72.66666666666667,47524.0,76.97247056272704,1,9
apartamento,4300000,88.0,3,3,1,los colores,6.265665054321289,-75.59400939941406,7,12.571428571428571,34639.764996907856,599064.1711229946,29.333333333333332,7744.0,59.21753222118996,1,1
apartamento,5600000,342.0,4,4,4,el diamante no.2,6.184651851654053,-75.5723648071289,12,28.5,43639.65496971377,774744.3419949707,85.5,116964.0,74.60306600005285,1,16
apartamento,3200000,64.0,2,2,1,castropol,6.216033935546875,-75.56790161132812,5,12.8,48917.86962109346,739745.95924104,32.0,4096.0,83.62630406810368,1,1
apartamento,7800000,209.0,3,3,2,los balsos no.2,6.192182540893555,-75.56804656982422,8,26.125,47300.9517913736,836162.823200559,69.66666666666667,43681.0,80.86214317702954,1,4
apartamento,4750000,107.0,3,2,1,laureles,6.239536285400391,-75.59034729003906,6,17.833333333333332,37952.470484611345,680619.6840826245,35.666666666666664,11449.0,64.88068391909857,1,1
casa,7900000,233.0,4,4,3,la palma,6.228679180145264,-75.60186004638672,11,21.181818181818183,30263.43970871707,611688.3116883116,58.25,54289.0,51.73609625339456,1,9
apartamento,4600000,90.0,2,3,2,castropol,6.2158894538879395,-75.56684112548828,7,12.857142857142858,48917.86962109346,739745.95924104,45.0,8100.0,83.62630406810368,1,4
apartamento,4350000,98.0,3,2,1,castropol,6.216116428375244,-75.56654357910156,6,16.333333333333332,48917.86962109346,739745.95924104,32.666666666666664,9604.0,83.62630406810368,1,1
apartamento,3200000,136.0,3,2,1,la castellana,6.24019193649292,-75.60599517822266,6,22.666666666666668,32305.993690851734,627000.0,45.333333333333336,18496.0,55.22789264004374,1,1
casa,7800000,250.0,3,4,1,el tesoro,6.203347682952881,-75.55573272705078,8,31.25,46307.752975324685,855149.2240350179,83.33333333333333,62500.0,79.1642453160979,1,1
apartamento,8650000,112.0,2,3,2,el castillo,6.193075656890869,-75.57147979736328,7,16.0,56343.83279364145,907109.0047393364,56.0,12544.0,96.32117118059666,1,4
apartamento,4700000,77.0,1,1,1,alejandria,6.203317642211914,-75.57160186767578,3,25.666666666666668,48842.610337435945,852482.6560951438,77.0,5929.0,83.49764646735697,1,1
apartamento,4400000,88.0,3,2,2,san diego,6.229782581329346,-75.56854248046875,7,12.571428571428571,47227.322103995706,654899.8185117968,29.333333333333332,7744.0,80.73627141129654,1,4
apartamento,3750000,78.0,2,1,1,el diamante no.2,6.1810549,-75.5714498,4,19.5,43639.65496971377,774744.3419949707,39.0,6084.0,74.60306600005285,1,1
apartamento,2300000,115.0,3,2,0,san cristobal,6.26973,-75.60256,5,23.0,38232.46878001921,545205.4794520548,38.333333333333336,13225.0,65.35934790777384,0,0
apartamento,7000000,160.0,3,3,1,altos del poblado,6.21456,-75.55602,7,22.857142857142858,58495.7928802589,930019.3704600484,53.333333333333336,25600.0,100.0,1,1
apartamento,4600000,98.0,2,2,2,belen rincon,6.21656,-75.60638,6,16.333333333333332,42767.5585284281,568333.3333333334,49.0,9604.0,73.11219563426286,1,4
apartamento,3000000,86.0,2,2,1,el diamante no.2,6.1823836108,-75.5755948407,5,17.2,43639.65496971377,774744.3419949707,43.0,7396.0,74.60306600005285,1,1
apartamento,4000000,90.0,3,2,1,sin nombre,6.27257,-75.60111,6,15.0,32965.686274509804,584782.6086956522,30.0,8100.0,56.355653374919946,1,1
apartamento,2000000,35.0,1,1,0,fatima,6.2347467675,-75.58497195,2,17.5,31102.18652387327,606086.9565217391,35.0,1225.0,53.16995461116248,0,0
apartamento,2800000,60.0,3,2,1,calasanz parte alta,6.26403,-75.60283,6,10.0,33556.33802816901,458173.07692307694,20.0,3600.0,57.36538710887971,1,1
apartamento,3300000,108.0,3,3,1,la castellana,6.2376227378845215,-75.6055908203125,7,15.428571428571429,32305.993690851734,627000.0,36.0,11664.0,55.22789264004374,1,1
casa,9000000,250.0,4,3,2,san lucas,6.178367614746094,-75.56182098388672,9,27.77777777777778,47354.22828936933,904097.3871733967,62.5,62500.0,80.95322066375543,1,4
apartamento,3400000,143.0,4,2,2,la florida,6.202619552612305,-75.568359375,8,17.875,45025.656955191065,832086.513994911,35.75,20449.0,76.97247056272704,1,4
apartamento,4650000,130.0,2,3,1,el diamante no.2,6.185312747955322,-75.57353210449219,6,21.666666666666668,43639.65496971377,774744.3419949707,65.0,16900.0,74.60306600005285,1,1
apartamento,9000000,120.0,3,3,1,los balsos no.1,6.19392421,-75.5662158,7,17.142857142857142,48115.75526148983,871145.722446916,40.0,14400.0,82.2550697961868,1,1
apartamento,5500000,175.0,4,2,1,los conquistadores,6.2423834800720215,-75.5810546875,7,25.0,30995.98034836981,625225.2252252252,43.75,30625.0,52.98839253588492,1,1
apartamento,2800000,100.0,4,2,1,san joaquin,6.2465314865112305,-75.5854721069336,7,14.285714285714286,32753.58855757907,569436.2017804154,25.0,10000.0,55.9930670990746,1,1
apartamento,3800000,100.0,2,2,1,santa maria de los angeles,6.188073635101318,-75.57901763916016,5,20.0,47391.397443391514,760224.6376811594,50.0,10000.0,81.01676224887126,1,1
apartamento,9500000,121.0,2,3,1,el castillo,6.1915845942,-75.5743145882,6,20.166666666666668,56343.83279364145,907109.0047393364,60.5,14641.0,96.32117118059666,1,1
apartamento,3600000,60.0,1,1,1,los naranjos,6.200045585632324,-75.5631332397461,3,20.0,49565.6761295771,827000.8873114464,60.0,3600.0,84.733745264447,1,1
apartamento,3500000,83.0,3,2,1,el tesoro,6.206090927124023,-75.56014251708984,6,13.833333333333334,46307.752975324685,855149.2240350179,27.666666666666668,6889.0,79.1642453160979,1,1
apartamento,4250000,130.0,3,2,1,santa maria de los angeles,6.190206050872803,-75.57931518554688,6,21.666666666666668,47391.397443391514,760224.6376811594,43.333333333333336,16900.0,81.01676224887126,1,1
apartamento,5200000,113.0,3,3,1,las lomas no.1,6.208791255950928,-75.56039428710938,7,16.142857142857142,42753.43481316735,816268.3823529412,37.666666666666664,12769.0,73.08805079483885,1,1
apartamento,3400000,78.0,2,2,1,los conquistadores,6.242410659790039,-75.58174896240234,5,15.6,30995.98034836981,625225.2252252252,39.0,6084.0,52.98839253588492,1,1
apartamento,3800000,105.0,4,3,1,los conquistadores,6.242647647857666,-75.58167266845703,8,13.125,30995.98034836981,625225.2252252252,26.25,11025.0,52.98839253588492,1,1
apartamento,5000000,110.0,3,2,1,los balsos no.2,6.1949017884,-75.5698657036,6,18.333333333333332,47300.9517913736,836162.823200559,36.666666666666664,12100.0,80.86214317702954,1,1
apartamento,3850000,78.0,3,2,1,santa maria de los angeles,6.189714431762695,-75.58015441894531,6,13.0,47391.397443391514,760224.6376811594,26.0,6084.0,81.01676224887126,1,1
apartamento,4600000,130.0,3,2,1,castropol,6.219926834106445,-75.56832122802734,6,21.666666666666668,48917.86962109346,739745.95924104,43.333333333333336,16900.0,83.62630406810368,1,1
apartamento,4400000,84.0,2,2,1,altos del poblado,6.215419769287109,-75.55437469482422,5,16.8,58495.7928802589,930019.3704600484,42.0,7056.0,100.0,1,1
apartamento,3300000,61.0,2,2,1,asomadera no.1,6.225736141204834,-75.56065368652344,5,12.2,48571.57944764218,665557.1635311143,30.5,3721.0,83.03431247964855,1,1
apartamento,5450000,92.0,2,2,2,el castillo,6.188248157501221,-75.56764221191406,6,15.333333333333334,56343.83279364145,907109.0047393364,46.0,8464.0,96.32117118059666,1,4
apartamento,7700000,210.0,3,4,3,la florida,6.2060699462890625,-75.56083679199219,10,21.0,45025.656955191065,832086.513994911,70.0,44100.0,76.97247056272704,1,9
casa,6300000,233.0,4,4,3,la palma,6.22891092300415,-75.60186767578125,11,21.181818181818183,30263.43970871707,611688.3116883116,58.25,54289.0,51.73609625339456,1,9
apartamento,2800000,58.0,2,2,1,laureles,6.2467451095581055,-75.59580993652344,5,11.6,37952.470484611345,680619.6840826245,29.0,3364.0,64.88068391909857,1,1
apartamento,4600000,130.0,4,3,3,la castellana,6.24003,-75.60471,10,13.0,32305.993690851734,627000.0,32.5,16900.0,55.22789264004374,1,9
apartamento,6700000,135.0,2,2,0,la florida,6.20306,-75.56939,4,33.75,45025.656955191065,832086.513994911,67.5,18225.0,76.97247056272704,0,0
apartamento,2600000,65.0,2,2,1,asomadera no.1,6.22786,-75.56471,5,13.0,48571.57944764218,665557.1635311143,32.5,4225.0,83.03431247964855,1,1
apartamento,3100000,69.0,3,2,1,san german,6.2677807322,-75.5898271119,6,11.5,39001.584786053885,502244.89795918367,23.0,4761.0,66.67417068077062,1,1
apartamento,3600000,80.0,3,2,0,el tesoro,6.20099138,-75.56222887,5,16.0,46307.752975324685,855149.2240350179,26.666666666666668,6400.0,79.1642453160979,0,0
apartamento,6500000,140.0,3,4,2,laureles,6.245016098022461,-75.59586334228516,9,15.555555555555555,37952.470484611345,680619.6840826245,46.666666666666664,19600.0,64.88068391909857,1,4
apartamento,3800000,100.0,3,4,2,altos del poblado,6.21494797,-75.55604636,9,11.11111111111111,58495.7928802589,930019.3704600484,33.333333333333336,10000.0,100.0,1,4
apartamento,4100000,100.0,2,3,1,los balsos no.1,6.186926364898682,-75.56047058105469,6,16.666666666666668,48115.75526148983,871145.722446916,50.0,10000.0,82.2550697961868,1,1
apartamento,4800000,119.0,4,4,1,los balsos no.2,6.19768802,-75.57419084,9,13.222222222222221,47300.9517913736,836162.823200559,29.75,14161.0,80.86214317702954,1,1
apartamento,5150000,142.0,3,2,2,san lucas,6.1854448318481445,-75.56639099121094,7,20.285714285714285,47354.22828936933,904097.3871733967,47.333333333333336,20164.0,80.95322066375543,1,4
apartamento,2100000,52.0,2,1,1,la castellana,6.240499973297119,-75.60771179199219,4,13.0,32305.993690851734,627000.0,26.0,2704.0,55.22789264004374,1,1
apartamento,3350000,76.0,2,2,1,las acacias,6.240993499755859,-75.60108184814453,5,15.2,34935.06493506493,672500.0,38.0,5776.0,59.7223547453697,1,1
apartamento,3100000,44.0,1,1,1,villa carlota,6.22439432144165,-75.57479095458984,3,14.666666666666666,54977.83356366141,748492.5201380898,44.0,1936.0,93.98596182156422,1,1
apartamento,4200000,60.0,2,2,1,la florida,6.201699256896973,-75.5627212524414,5,12.0,45025.656955191065,832086.513994911,30.0,3600.0,76.97247056272704,1,1
casa,7900000,300.0,5,3,0,los colores,6.26904729,-75.59442769,8,37.5,34639.764996907856,599064.1711229946,60.0,90000.0,59.21753222118996,0,0
apartamento,2450000,45.0,1,1,1,el diamante no.2,6.185568809509277,-75.57555389404297,3,15.0,43639.65496971377,774744.3419949707,45.0,2025.0,74.60306600005285,1,1
apartamento,8200000,150.0,3,2,1,la florida,6.201595306396484,-75.56656646728516,6,25.0,45025.656955191065,832086.513994911,50.0,22500.0,76.97247056272704,1,1
apartamento,4000000,100.0,2,2,1,castropol,6.216943264007568,-75.566650390625,5,20.0,48917.86962109346,739745.95924104,50.0,10000.0,83.62630406810368,1,1
apartamento,6700000,165.0,2,3,2,la florida,6.2057061195373535,-75.561279296875,7,23.571428571428573,45025.656955191065,832086.513994911,82.5,27225.0,76.97247056272704,1,4
apartamento,3100000,116.0,3,3,1,el diamante no.2,6.181554794311523,-75.57508850097656,7,16.571428571428573,43639.65496971377,774744.3419949707,38.666666666666664,13456.0,74.60306600005285,1,1
apartamento,4650000,116.0,3,2,2,laureles,6.243400573730469,-75.59686279296875,7,16.571428571428573,37952.470484611345,680619.6840826245,38.666666666666664,13456.0,64.88068391909857,1,4
apartamento,4000000,89.0,2,2,2,los balsos no.2,6.195546627044678,-75.57054901123047,6,14.833333333333334,47300.9517913736,836162.823200559,44.5,7921.0,80.86214317702954,1,4
apartamento,2800000,64.0,1,2,1,las lomas no.1,6.214179515838623,-75.5604476928711,4,16.0,42753.43481316735,816268.3823529412,64.0,4096.0,73.08805079483885,1,1
apartamento,4150000,86.0,2,3,2,villa carlota,6.218235969543457,-75.57379150390625,7,12.285714285714286,54977.83356366141,748492.5201380898,43.0,7396.0,93.98596182156422,1,4
apartamento,5350000,125.0,2,3,2,las lomas no.1,6.2088623046875,-75.56130981445312,7,17.857142857142858,42753.43481316735,816268.3823529412,62.5,15625.0,73.08805079483885,1,4
apartamento,9800000,93.0,2,3,2,lalinde,6.21296,-75.56852,7,13.285714285714286,53427.21397778484,890320.987654321,46.5,8649.0,91.33513941276176,1,4
apartamento,2300000,50.0,3,2,1,la hondonada,6.203623294830322,-75.60150146484375,6,8.333333333333334,35058.243727598565,399234.693877551,16.666666666666668,2500.0,59.93293192787884,1,1
apartamento,6700000,76.0,2,2,1,los balsos no.1,6.186925888061523,-75.56139373779297,5,15.2,48115.75526148983,871145.722446916,38.0,5776.0,82.2550697961868,1,1
apartamento,3100000,44.0,1,1,1,villa carlota,6.221945762634277,-75.57394409179688,3,14.666666666666666,54977.83356366141,748492.5201380898,44.0,1936.0,93.98596182156422,1,1
apartamento,4500000,104.0,3,2,1,la florida,6.202215671539307,-75.56544494628906,6,17.333333333333332,45025.656955191065,832086.513994911,34.666666666666664,10816.0,76.97247056272704,1,1
apartamento,2350000,70.0,3,2,1,la hondonada,6.20316,-75.59927,6,11.666666666666666,35058.243727598565,399234.693877551,23.333333333333332,4900.0,59.93293192787884,1,1
apartamento,3000000,53.0,3,2,1,altos del poblado,6.214716,-75.554841,6,8.833333333333334,58495.7928802589,930019.3704600484,17.666666666666668,2809.0,100.0,1,1
apartamento,5500000,95.0,3,2,2,villa carlota,6.22231,-75.5745,7,13.571428571428571,54977.83356366141,748492.5201380898,31.666666666666668,9025.0,93.98596182156422,1,4
casa,4200000,100.0,4,3,1,santa fe,6.22385,-75.58169,8,12.5,48109.58350181965,701917.4041297935,25.0,10000.0,82.24451902088094,1,1
apartamento,4500000,150.0,4,3,2,laureles,6.2434,-75.5946,9,16.666666666666668,37952.470484611345,680619.6840826245,37.5,22500.0,64.88068391909857,1,4
apartamento,2300000,65.0,2,2,0,san joaquin,6.24646,-75.58504,4,16.25,32753.58855757907,569436.2017804154,32.5,4225.0,55.9930670990746,0,0
apartamento,6500000,130.0,3,3,2,los balsos no.1,6.193924427032471,-75.56621551513672,8,16.25,48115.75526148983,871145.722446916,43.333333333333336,16900.0,82.2550697961868,1,4
apartamento,4200000,85.0,2,2,1,altos del poblado,6.2138,-75.55507,5,17.0,58495.7928802589,930019.3704600484,42.5,7225.0,100.0,1,1
apartamento,6100000,87.0,2,3,2,lalinde,6.2140212059021,-75.56690216064453,7,12.428571428571429,53427.21397778484,890320.987654321,43.5,7569.0,91.33513941276176,1,4
apartamento,3900000,83.0,3,2,1,la florida,6.201553821563721,-75.56298828125,6,13.833333333333334,45025.656955191065,832086.513994911,27.666666666666668,6889.0,76.97247056272704,1,1
casa,5200000,150.0,4,3,0,florida nueva,6.251044273376465,-75.5896987915039,7,21.428571428571427,34915.907498248074,668791.9463087248,37.5,22500.0,59.68960463485137,0,0
apartamento,3200000,64.0,2,2,1,santa fe,6.220693588256836,-75.58214569091797,5,12.8,48109.58350181965,701917.4041297935,32.0,4096.0,82.24451902088094,1,1
apartamento,3700000,84.0,3,2,1,barrio colombia,6.2275,-75.56945,6,14.0,46276.59574468085,644444.4444444445,28.0,7056.0,79.11098126220669,1,1
casa,3300000,80.0,3,3,1,la mota,6.208355903625488,-75.59964752197266,7,11.428571428571429,31054.252952250557,508263.3053221289,26.666666666666668,6400.0,53.08801098878807,1,1
apartamento,2700000,72.0,2,1,1,las acacias,6.240993499755859,-75.60108184814453,4,18.0,34935.06493506493,672500.0,36.0,5184.0,59.7223547453697,1,1
apartamento,3750000,82.0,2,2,2,altos del poblado,6.214477062225342,-75.55789184570312,6,13.666666666666666,58495.7928802589,930019.3704600484,41.0,6724.0,100.0,1,4
apartamento,4700000,74.0,2,2,1,altos del poblado,6.215446949005127,-75.55396270751953,5,14.8,58495.7928802589,930019.3704600484,37.0,5476.0,100.0,1,1
apartamento,4800000,202.0,3,3,2,san lucas,6.184614658355713,-75.56259155273438,8,25.25,47354.22828936933,904097.3871733967,67.33333333333333,40804.0,80.95322066375543,1,4
apartamento,4650000,90.0,2,3,2,santa maria de los angeles,6.1879754066467285,-75.57782745361328,7,12.857142857142858,47391.397443391514,760224.6376811594,45.0,8100.0,81.01676224887126,1,4
apartamento,3100000,79.0,3,2,1,san diego,6.226709365844727,-75.56526184082031,6,13.166666666666666,47227.322103995706,654899.8185117968,26.333333333333332,6241.0,80.73627141129654,1,1
apartamento,6350000,154.0,3,4,2,santa maria de los angeles,6.189742088317871,-75.57855987548828,9,17.11111111111111,47391.397443391514,760224.6376811594,51.333333333333336,23716.0,81.01676224887126,1,4
casa,3950000,200.0,4,3,2,rosales,6.235570430755615,-75.5917739868164,9,22.22222222222222,31678.50652568974,626633.9869281045,50.0,40000.0,54.15518786203267,1,4
apartamento,3100000,58.0,3,2,1,asomadera no.1,6.225461483001709,-75.56105041503906,6,9.666666666666666,48571.57944764218,665557.1635311143,19.333333333333332,3364.0,83.03431247964855,1,1
apartamento,6700000,74.0,2,2,1,altos del poblado,6.216044902801514,-75.55574035644531,5,14.8,58495.7928802589,930019.3704600484,37.0,5476.0,100.0,1,1
apartamento,6200000,100.0,2,2,2,santa maria de los angeles,6.187948703765869,-75.57937622070312,6,16.666666666666668,47391.397443391514,760224.6376811594,50.0,10000.0,81.01676224887126,1,4
apartamento,3550000,96.0,3,2,1,el diamante no.2,6.182635307312012,-75.57339477539062,6,16.0,43639.65496971377,774744.3419949707,32.0,9216.0,74.60306600005285,1,1
apartamento,2700000,56.0,2,2,1,castropol,6.2235822677612305,-75.56723022460938,5,11.2,48917.86962109346,739745.95924104,28.0,3136.0,83.62630406810368,1,1
apartamento,3900000,84.0,2,2,2,astorga,6.209842205047607,-75.57102966308594,6,14.0,38915.5662264906,771825.3968253968,42.0,7056.0,66.52711983261925,1,4
apartamento,5600000,122.0,3,3,2,altos del poblado,6.215419769287109,-75.55437469482422,8,15.25,58495.7928802589,930019.3704600484,40.666666666666664,14884.0,100.0,1,4
apartamento,6200000,95.0,2,2,2,castropol,6.21614,-75.56697,6,15.833333333333334,48917.86962109346,739745.95924104,47.5,9025.0,83.62630406810368,1,4
apartamento,3700000,90.0,3,2,1,las acacias,6.23975498,-75.60241174,6,15.0,34935.06493506493,672500.0,30.0,8100.0,59.7223547453697,1,1
apartamento,4000000,85.0,3,2,1,santa maria de los angeles,6.19341533,-75.57725121,6,14.166666666666666,47391.397443391514,760224.6376811594,28.333333333333332,7225.0,81.01676224887126,1,1
apartamento,8000000,150.59,3,3,0,el diamante no.2,6.1860236,-75.5744724,6,25.098333333333333,43639.65496971377,774744.3419949707,50.196666666666665,22677.3481,74.60306600005285,0,0
apartamento,2500000,65.0,3,2,0,calasanz,6.26229,-75.59856,5,13.0,32548.10882548109,537043.795620438,21.666666666666668,4225.0,55.64179443145114,0,0
apartamento,1500000,35.0,1,1,0,miraflores,6.2375933,-75.55089224,2,17.5,50588.23529411765,716666.6666666666,35.0,1225.0,86.48183536493292,0,0
apartamento,3200000,70.0,2,2,1,la aguacatala,6.19809,-75.57624,5,14.0,51442.75043487159,795490.506329114,35.0,4900.0,87.9426500640398,1,1
apartamento,7000000,152.0,3,5,2,los balsos no.2,6.1935231,-75.5690849,10,15.2,47300.9517913736,836162.823200559,50.666666666666664,23104.0,80.86214317702954,1,4
apartamento,8700000,195.0,3,4,3,el tesoro,6.204000949859619,-75.55545043945312,10,19.5,46307.752975324685,855149.2240350179,65.0,38025.0,79.1642453160979,1,9
apartamento,4600000,126.0,3,3,2,la loma de los bernal,6.217579364776611,-75.60416412353516,8,15.75,40721.08579809159,584155.2990556138,42.0,15876.0,69.61370005095546,1,4
apartamento,4800000,90.0,2,3,2,castropol,6.216109752655029,-75.56694793701172,7,12.857142857142858,48917.86962109346,739745.95924104,45.0,8100.0,83.62630406810368,1,4
apartamento,8100000,130.0,2,3,3,altos del poblado,6.215419769287109,-75.55437469482422,8,16.25,58495.7928802589,930019.3704600484,65.0,16900.0,100.0,1,9
apartamento,5500000,170.0,3,3,2,los balsos no.1,6.18710470199585,-75.55941772460938,8,21.25,48115.75526148983,871145.722446916,56.666666666666664,28900.0,82.2550697961868,1,4
apartamento,5600000,130.0,3,3,1,laureles,6.240667343139648,-75.59758758544922,7,18.571428571428573,37952.470484611345,680619.6840826245,43.333333333333336,16900.0,64.88068391909857,1,1
apartamento,6100000,130.0,3,3,1,laureles,6.240667343139648,-75.59758758544922,7,18.571428571428573,37952.470484611345,680619.6840826245,43.333333333333336,16900.0,64.88068391909857,1,1
apartamento,6100000,130.0,3,3,1,laureles,6.240667343139648,-75.59758758544922,7,18.571428571428573,37952.470484611345,680619.6840826245,43.333333333333336,16900.0,64.88068391909857,1,1
apartamento,4800000,80.0,3,2,1,castropol,6.218655109405518,-75.5679931640625,6,13.333333333333334,48917.86962109346,739745.95924104,26.666666666666668,6400.0,83.62630406810368,1,1
apartamento,7000000,74.0,2,2,1,asomadera no.2,6.22457913,-75.56160345,5,14.8,51821.74887892377,772562.6740947075,37.0,5476.0,88.59055724742987,1,1
apartamento,9000000,150.0,3,4,2,el tesoro,6.205365180969238,-75.5552978515625,9,16.666666666666668,46307.752975324685,855149.2240350179,50.0,22500.0,79.1642453160979,1,4
apartamento,6600000,130.0,2,3,3,altos del poblado,6.215419769287109,-75.55437469482422,8,16.25,58495.7928802589,930019.3704600484,65.0,16900.0,100.0,1,9
apartamento,2700000,130.0,3,3,2,los balsos no.1,6.189700126647949,-75.55966186523438,8,16.25,48115.75526148983,871145.722446916,43.333333333333336,16900.0,82.2550697961868,1,4
apartamento,3900000,72.0,3,2,1,santa fe,6.220302581787109,-75.58192443847656,6,12.0,48109.58350181965,701917.4041297935,24.0,5184.0,82.24451902088094,1,1
apartamento,2700000,67.0,3,2,1,la loma de los bernal,6.217054843902588,-75.60426330566406,6,11.166666666666666,40721.08579809159,584155.2990556138,22.333333333333332,4489.0,69.61370005095546,1,1
apartamento,4450000,140.0,3,3,1,castropol,6.214964389801025,-75.56710052490234,7,20.0,48917.86962109346,739745.95924104,46.666666666666664,19600.0,83.62630406810368,1,1
casa,8200000,167.0,3,3,2,castropol,6.217641830444336,-75.56861877441406,8,20.875,48917.86962109346,739745.95924104,55.666666666666664,27889.0,83.62630406810368,1,4
apartamento,3250000,67.0,3,2,1,villa carlota,6.218216896057129,-75.57360076904297,6,11.166666666666666,54977.83356366141,748492.5201380898,22.333333333333332,4489.0,93.98596182156422,1,1
apartamento,3400000,109.0,3,3,1,la castellana,6.240013122558594,-75.60589599609375,7,15.571428571428571,32305.993690851734,627000.0,36.333333333333336,11881.0,55.22789264004374,1,1
apartamento,3650000,72.0,3,2,1,asomadera no.2,6.2228569984436035,-75.56182098388672,6,12.0,51821.74887892377,772562.6740947075,24.0,5184.0,88.59055724742987,1,1
apartamento,9800000,350.0,4,5,3,los balsos no.1,6.190150737762451,-75.56063079833984,12,29.166666666666668,48115.75526148983,871145.722446916,87.5,122500.0,82.2550697961868,1,9
apartamento,5600000,83.0,2,2,1,los naranjos,6.198300361633301,-75.55644989013672,5,16.6,49565.6761295771,827000.8873114464,41.5,6889.0,84.733745264447,1,1
apartamento,6900000,96.0,1,2,1,san lucas,6.17831563949585,-75.56480407714844,4,24.0,47354.22828936933,904097.3871733967,96.0,9216.0,80.95322066375543,1,1
apartamento,6100000,130.0,3,3,1,laureles,6.240667343139648,-75.59758758544922,7,18.571428571428573,37952.470484611345,680619.6840826245,43.333333333333336,16900.0,64.88068391909857,1,1
casa,7200000,300.0,4,4,3,alejandria,6.197301864624023,-75.56948852539062,11,27.272727272727273,48842.610337435945,852482.6560951438,75.0,90000.0,83.49764646735697,1,9
apartamento,8800000,175.0,2,3,2,alejandria,6.197258949279785,-75.56932830810547,7,25.0,48842.610337435945,852482.6560951438,87.5,30625.0,83.49764646735697,1,4
apartamento,4000000,104.0,3,3,1,laureles,6.242351055145264,-75.59495544433594,7,14.857142857142858,37952.470484611345,680619.6840826245,34.666666666666664,10816.0,64.88068391909857,1,1
apartamento,8700000,160.0,3,4,3,la florida,6.201286792755127,-75.56611633300781,10,16.0,45025.656955191065,832086.513994911,53.333333333333336,25600.0,76.97247056272704,1,9
casa,2900000,200.0,5,4,0,calasanz,6.26418086,-75.59836418,9,22.22222222222222,32548.10882548109,537043.795620438,40.0,40000.0,55.64179443145114,0,0
apartamento,5900000,130.0,3,2,2,el tesoro,6.20349,-75.55414,7,18.571428571428573,46307.752975324685,855149.2240350179,43.333333333333336,16900.0,79.1642453160979,1,4
apartamento,9000000,242.0,3,5,2,los balsos no.2,6.195581,-75.569881,10,24.2,47300.9517913736,836162.823200559,80.66666666666667,58564.0,80.86214317702954,1,4
apartamento,2750000,50.0,2,2,1,laureles,6.24629082,-75.59404044,5,10.0,37952.470484611345,680619.6840826245,25.0,2500.0,64.88068391909857,1,1
apartamento,7000000,246.0,3,4,3,el tesoro,6.205660820007324,-75.55825805664062,10,24.6,46307.752975324685,855149.2240350179,82.0,60516.0,79.1642453160979,1,9
apartamento,3400000,114.0,3,2,1,el velodromo,6.2534661293029785,-75.59418487548828,6,19.0,33048.78048780488,624423.9631336406,38.0,12996.0,56.497704981033166,1,1
apartamento,6650000,111.0,2,3,2,alejandria,6.20084285736084,-75.5694580078125,7,15.857142857142858,48842.610337435945,852482.6560951438,55.5,12321.0,83.49764646735697,1,4
apartamento,3750000,100.0,3,2,1,santa maria de los angeles,6.190091133117676,-75.57907104492188,6,16.666666666666668,47391.397443391514,760224.6376811594,33.333333333333336,10000.0,81.01676224887126,1,1
apartamento,9300000,172.0,2,3,1,alejandria,6.198854923248291,-75.56598663330078,6,28.666666666666668,48842.610337435945,852482.6560951438,86.0,29584.0,83.49764646735697,1,1
apartamento,7200000,130.0,3,3,2,san lucas,6.17704963684082,-75.56421661376953,8,16.25,47354.22828936933,904097.3871733967,43.333333333333336,16900.0,80.95322066375543,1,4
apartamento,5450000,133.0,2,2,2,san lucas,6.179964065551758,-75.56400299072266,6,22.166666666666668,47354.22828936933,904097.3871733967,66.5,17689.0,80.95322066375543,1,4
casa,4300000,200.0,4,2,0,lorena,6.248669624328613,-75.5997085571289,6,33.333333333333336,35721.295387634935,652329.7491039427,50.0,40000.0,61.06643508663359,0,0
apartamento,5000000,90.0,3,2,2,la candelaria,6.2476376,-75.5658153,7,12.857142857142858,33260.86956521739,689189.1891891892,30.0,8100.0,56.86027648740912,1,4
apartamento,9500000,177.0,3,3,2,los balsos no.1,6.191410541534424,-75.5657958984375,8,22.125,48115.75526148983,871145.722446916,59.0,31329.0,82.2550697961868,1,4
apartamento,3250000,120.0,3,3,2,santa maria de los angeles,6.187061309814453,-75.58003997802734,8,15.0,47391.397443391514,760224.6376811594,40.0,14400.0,81.01676224887126,1,4
apartamento,5200000,120.0,3,2,2,los balsos no.1,6.186926364898682,-75.56047058105469,7,17.142857142857142,48115.75526148983,871145.722446916,40.0,14400.0,82.2550697961868,1,4
apartamento,4000000,70.0,1,2,1,el tesoro,6.203934669494629,-75.55502319335938,4,17.5,46307.752975324685,855149.2240350179,70.0,4900.0,79.1642453160979,1,1
apartamento,9800000,213.0,3,4,3,el tesoro,6.203347682952881,-75.55573272705078,10,21.3,46307.752975324685,855149.2240350179,71.0,45369.0,79.1642453160979,1,9
apartamento,3550000,76.0,2,2,1,el castillo,6.192878246307373,-75.57054901123047,5,15.2,56343.83279364145,907109.0047393364,38.0,5776.0,96.32117118059666,1,1
apartamento,4650000,70.0,2,2,1,alejandria,6.199638366699219,-75.56900024414062,5,14.0,48842.610337435945,852482.6560951438,35.0,4900.0,83.49764646735697,1,1
apartamento,3800000,75.0,2,2,1,villa carlota,6.220215797424316,-75.57522583007812,5,15.0,54977.83356366141,748492.5201380898,37.5,5625.0,93.98596182156422,1,1
apartamento,5250000,92.0,2,2,1,el tesoro,6.202211856842041,-75.55608367919922,5,18.4,46307.752975324685,855149.2240350179,46.0,8464.0,79.1642453160979,1,1
apartamento,8000000,88.0,1,3,2,los balsos no.1,6.188101291656494,-75.559814453125,6,14.666666666666666,48115.75526148983,871145.722446916,88.0,7744.0,82.2550697961868,1,4
apartamento,9500000,214.0,3,4,2,el tesoro,6.203347682952881,-75.55573272705078,9,23.77777777777778,46307.752975324685,855149.2240350179,71.33333333333333,45796.0,79.1642453160979,1,4
apartamento,3700000,110.0,3,2,1,la pilarica,6.27428652,-75.58298779,6,18.333333333333332,30057.95574288725,528240.7407407408,36.666666666666664,12100.0,51.38481634810215,1,1
apartamento,3600000,100.0,2,2,1,san lucas,6.1829400062561035,-75.56877899169922,5,20.0,47354.22828936933,904097.3871733967,50.0,10000.0,80.95322066375543,1,1
casa,5500000,300.0,5,5,1,la palma,6.2293869,-75.6026222,11,27.272727272727273,30263.43970871707,611688.3116883116,60.0,90000.0,51.73609625339456,1,1
apartamento,6000000,100.0,1,1,0,san lucas,6.18237,-75.56566,2,50.0,47354.22828936933,904097.3871733967,100.0,10000.0,80.95322066375543,0,0
casa,5000000,198.0,4,3,1,laureles,6.24046882,-75.59331058,8,24.75,37952.470484611345,680619.6840826245,49.5,39204.0,64.88068391909857,1,1
apartamento,4000000,86.0,3,2,1,san diego,6.224830627441406,-75.56644439697266,6,14.333333333333334,47227.322103995706,654899.8185117968,28.666666666666668,7396.0,80.73627141129654,1,1
apartamento,6000000,145.0,3,3,2,el poblado,6.20848,-75.56567,8,18.125,51331.92389006342,930592.3344947735,48.333333333333336,21025.0,87.7531893535319,1,4
apartamento,3000000,52.0,3,2,1,el poblado,6.2091,-75.56765,6,8.666666666666666,51331.92389006342,930592.3344947735,17.333333333333332,2704.0,87.7531893535319,1,1
apartamento,3700000,85.0,2,2,1,alejandria,6.19923,-75.56668,5,17.0,48842.610337435945,852482.6560951438,42.5,7225.0,83.49764646735697,1,1
apartamento,3650000,121.0,4,3,1,patio bonito,6.204814434051514,-75.57466888427734,8,15.125,43819.79935642627,741195.3041622199,30.25,14641.0,74.91102727015866,1,1
apartamento,2800000,90.0,2,3,1,laureles,6.242524147033691,-75.5958480834961,6,15.0,37952.470484611345,680619.6840826245,45.0,8100.0,64.88068391909857,1,1
apartamento,3400000,80.0,2,2,1,lalinde,6.2122273445129395,-75.56747436523438,5,16.0,53427.21397778484,890320.987654321,40.0,6400.0,91.33513941276176,1,1
apartamento,4650000,131.0,3,2,1,los conquistadores,6.242647647857666,-75.58167266845703,6,21.833333333333332,30995.98034836981,625225.2252252252,43.666666666666664,17161.0,52.98839253588492,1,1
apartamento,6500000,119.0,2,3,1,los balsos no.1,6.186819076538086,-75.5599136352539,6,19.833333333333332,48115.75526148983,871145.722446916,59.5,14161.0,82.2550697961868,1,1
apartamento,2500000,67.0,3,2,1,la hondonada,6.203623294830322,-75.60150146484375,6,11.166666666666666,35058.243727598565,399234.693877551,22.333333333333332,4489.0,59.93293192787884,1,1
apartamento,2550000,64.0,3,2,1,asomadera no.1,6.225736141204834,-75.56065368652344,6,10.666666666666666,48571.57944764218,665557.1635311143,21.333333333333332,4096.0,83.03431247964855,1,1
apartamento,5600000,100.0,2,3,2,alejandria,6.199517726898193,-75.56962585449219,7,14.285714285714286,48842.610337435945,852482.6560951438,50.0,10000.0,83.49764646735697,1,4
apartamento,7500000,140.0,3,4,2,la florida,6.205695152282715,-75.56403350830078,9,15.555555555555555,45025.656955191065,832086.513994911,46.666666666666664,19600.0,76.97247056272704,1,4
apartamento,4100000,86.0,2,2,2,alejandria,6.199948787689209,-75.56999206542969,6,14.333333333333334,48842.610337435945,852482.6560951438,43.0,7396.0,83.49764646735697,1,4
apartamento,4900000,70.0,2,2,1,castropol,6.216109752655029,-75.56694793701172,5,14.0,48917.86962109346,739745.95924104,35.0,4900.0,83.62630406810368,1,1
apartamento,3350000,125.0,3,3,1,patio bonito,6.204814434051514,-75.57466888427734,7,17.857142857142858,43819.79935642627,741195.3041622199,41.666666666666664,15625.0,74.91102727015866,1,1
apartamento,3100000,122.0,5,2,1,san joaquin,6.246944427490234,-75.5826187133789,8,15.25,32753.58855757907,569436.2017804154,24.4,14884.0,55.9930670990746,1,1
apartamento,9700000,119.0,2,3,2,los balsos no.1,6.186819076538086,-75.5599136352539,7,17.0,48115.75526148983,871145.722446916,59.5,14161.0,82.2550697961868,1,4
apartamento,6600000,74.0,1,2,1,san lucas,6.1799445152282715,-75.56405639648438,4,18.5,47354.22828936933,904097.3871733967,74.0,5476.0,80.95322066375543,1,1
casa,8500000,180.0,3,4,2,los balsos no.1,6.1920294761657715,-75.55742645263672,9,20.0,48115.75526148983,871145.722446916,60.0,32400.0,82.2550697961868,1,4
apartamento,3800000,90.0,2,2,1,la loma de los bernal,6.219217777252197,-75.60476684570312,5,18.0,40721.08579809159,584155.2990556138,45.0,8100.0,69.61370005095546,1,1
apartamento,3850000,78.0,3,2,1,patio bonito,6.204814434051514,-75.57466888427734,6,13.0,43819.79935642627,741195.3041622199,26.0,6084.0,74.91102727015866,1,1
apartamento,4750000,78.0,2,2,1,villa carlota,6.220837593078613,-75.57351684570312,5,15.6,54977.83356366141,748492.5201380898,39.0,6084.0,93.98596182156422,1,1
apartamento,7350000,192.0,3,4,2,los balsos no.1,6.186926364898682,-75.56047058105469,9,21.333333333333332,48115.75526148983,871145.722446916,64.0,36864.0,82.2550697961868,1,4
apartamento,7600000,136.0,3,2,2,la florida,6.205738544464111,-75.56405639648438,7,19.428571428571427,45025.656955191065,832086.513994911,45.333333333333336,18496.0,76.97247056272704,1,4
apartamento,6700000,136.0,3,3,2,el tesoro,6.204082012176514,-75.55439758300781,8,17.0,46307.752975324685,855149.2240350179,45.333333333333336,18496.0,79.1642453160979,1,4
apartamento,4800000,86.0,2,2,2,los balsos no.2,6.195840358734131,-75.57015991210938,6,14.333333333333334,47300.9517913736,836162.823200559,43.0,7396.0,80.86214317702954,1,4
apartamento,2950000,93.0,4,2,1,la gloria,6.2208476066589355,-75.60572814941406,7,13.285714285714286,34291.07710077967,552325.5813953489,23.25,8649.0,58.62144166670863,1,1
apartamento,5950000,178.0,3,4,2,santa maria de los angeles,6.192368030548096,-75.57942962646484,9,19.77777777777778,47391.397443391514,760224.6376811594,59.333333333333336,31684.0,81.01676224887126,1,4
apartamento,7000000,140.0,3,2,2,san lucas,6.179254055023193,-75.56401062011719,7,20.0,47354.22828936933,904097.3871733967,46.666666666666664,19600.0,80.95322066375543,1,4
apartamento,4900000,74.0,1,2,1,san lucas,6.17989444732666,-75.56383514404297,4,18.5,47354.22828936933,904097.3871733967,74.0,5476.0,80.95322066375543,1,1
casa,4400000,300.0,5,4,4,los naranjos,6.199755668640137,-75.56314086914062,13,23.076923076923077,49565.6761295771,827000.8873114464,60.0,90000.0,84.733745264447,1,16
apartamento,8200000,190.0,2,3,2,la florida,6.204895973205566,-75.56692504882812,7,27.142857142857142,45025.656955191065,832086.513994911,95.0,36100.0,76.97247056272704,1,4
apartamento,7200000,136.0,2,3,2,los balsos no.2,6.1927170753479,-75.5683822631836,7,19.428571428571427,47300.9517913736,836162.823200559,68.0,18496.0,80.86214317702954,1,4
apartamento,4100000,100.0,3,2,2,castropol,6.2169874414,-75.5665136717,7,14.285714285714286,48917.86962109346,739745.95924104,33.333333333333336,10000.0,83.62630406810368,1,4
apartamento,5500000,110.0,3,3,0,villa carlota,6.2233647,-75.5723207,6,18.333333333333332,54977.83356366141,748492.5201380898,36.666666666666664,12100.0,93.98596182156422,0,0
apartamento,9000000,170.0,3,2,1,san lucas,6.18243,-75.56459,6,28.333333333333332,47354.22828936933,904097.3871733967,56.666666666666664,28900.0,80.95322066375543,1,1
apartamento,6000000,120.0,3,3,2,san diego,6.23237,-75.5686,8,15.0,47227.322103995706,654899.8185117968,40.0,14400.0,80.73627141129654,1,4
apartamento,2750000,65.0,3,2,1,los colores,6.264777183532715,-75.59326934814453,6,10.833333333333334,34639.764996907856,599064.1711229946,21.666666666666668,4225.0,59.21753222118996,1,1
apartamento,4200000,120.0,3,3,2,la florida,6.205706596374512,-75.56391906738281,8,15.0,45025.656955191065,832086.513994911,40.0,14400.0,76.97247056272704,1,4
casa,8700000,166.0,3,3,2,el tesoro,6.197990417480469,-75.55711364746094,8,20.75,46307.752975324685,855149.2240350179,55.333333333333336,27556.0,79.1642453160979,1,4
apartamento,5700000,134.0,2,3,2,los balsos no.2,6.195095539093018,-75.56925964355469,7,19.142857142857142,47300.9517913736,836162.823200559,67.0,17956.0,80.86214317702954,1,4
apartamento,7500000,85.0,3,2,1,los naranjos,6.196056365966797,-75.56204223632812,6,14.166666666666666,49565.6761295771,827000.8873114464,28.333333333333332,7225.0,84.733745264447,1,1
apartamento,5600000,89.0,2,3,2,altos del poblado,6.2136712074279785,-75.55390167236328,7,12.714285714285714,58495.7928802589,930019.3704600484,44.5,7921.0,100.0,1,4
casa,5300000,224.0,4,2,1,el nogal-los almendros,6.237189769744873,-75.5968246459961,7,32.0,31931.988041853514,623722.6277372263,56.0,50176.0,54.5885207628836,1,1
apartamento,5550000,43.0,1,1,1,villa carlota,6.2182464599609375,-75.57389068603516,3,14.333333333333334,54977.83356366141,748492.5201380898,43.0,1849.0,93.98596182156422,1,1
apartamento,4650000,70.0,1,2,1,el tesoro,6.202227592468262,-75.55608367919922,4,17.5,46307.752975324685,855149.2240350179,70.0,4900.0,79.1642453160979,1,1
apartamento,3800000,80.0,2,2,2,el diamante no.2,6.187800407409668,-75.57454681396484,6,13.333333333333334,43639.65496971377,774744.3419949707,40.0,6400.0,74.60306600005285,1,4
apartamento,5150000,67.0,3,2,1,villa carlota,6.2182464599609375,-75.57389068603516,6,11.166666666666666,54977.83356366141,748492.5201380898,22.333333333333332,4489.0,93.98596182156422,1,1
apartamento,3750000,69.0,2,2,1,la aguacatala,6.195807456970215,-75.5767593383789,5,13.8,51442.75043487159,795490.506329114,34.5,4761.0,87.9426500640398,1,1
apartamento,6200000,104.0,3,3,2,los naranjos,6.193490028381348,-75.55754852294922,8,13.0,49565.6761295771,827000.8873114464,34.666666666666664,10816.0,84.733745264447,1,4
apartamento,9700000,210.0,3,3,2,los balsos no.1,6.186577796936035,-75.5617446899414,8,26.25,48115.75526148983,871145.722446916,70.0,44100.0,82.2550697961868,1,4
apartamento,3000000,95.0,3,2,1,laureles,6.239089488983154,-75.59599304199219,6,15.833333333333334,37952.470484611345,680619.6840826245,31.666666666666668,9025.0,64.88068391909857,1,1
apartamento,5300000,87.0,3,3,1,altos del poblado,6.212951183319092,-75.55374145507812,7,12.428571428571429,58495.7928802589,930019.3704600484,29.0,7569.0,100.0,1,1
apartamento,3500000,61.0,2,3,1,castropol,6.219926834106445,-75.56832122802734,6,10.166666666666666,48917.86962109346,739745.95924104,30.5,3721.0,83.62630406810368,1,1
apartamento,5600000,117.0,3,2,1,laureles,6.242758750915527,-75.59607696533203,6,19.5,37952.470484611345,680619.6840826245,39.0,13689.0,64.88068391909857,1,1
apartamento,6150000,104.0,2,3,1,alejandria,6.200427055358887,-75.57274627685547,6,17.333333333333332,48842.610337435945,852482.6560951438,52.0,10816.0,83.49764646735697,1,1
apartamento,3850000,100.0,3,2,1,miravalle,6.2345709800720215,-75.599853515625,6,16.666666666666668,42041.52249134948,650892.8571428572,33.333333333333336,10000.0,71.87101913022809,1,1
casa,6500000,198.0,5,4,2,rosales,6.237630844116211,-75.58792877197266,11,18.0,31678.50652568974,626633.9869281045,39.6,39204.0,54.15518786203267,1,4
apartamento,2200000,90.0,2,2,0,san joaquin,6.24817143,-75.58584543,4,22.5,32753.58855757907,569436.2017804154,45.0,8100.0,55.9930670990746,0,0
apartamento,5500000,92.0,2,3,2,el castillo,6.18965,-75.576433,7,13.142857142857142,56343.83279364145,907109.0047393364,46.0,8464.0,96.32117118059666,1,4
apartamento,5000000,132.0,3,5,2,la florida,6.20766664,-75.55914673,10,13.2,45025.656955191065,832086.513994911,44.0,17424.0,76.97247056272704,1,4
casa,3500000,90.0,3,2,1,la mota,6.21351,-75.59764,6,15.0,31054.252952250557,508263.3053221289,30.0,8100.0,53.08801098878807,1,1
apartamento,7200000,168.0,3,4,2,asomadera no.2,6.2165886972,-75.5605595605,9,18.666666666666668,51821.74887892377,772562.6740947075,56.0,28224.0,88.59055724742987,1,4
apartamento,3500000,78.0,3,2,1,san diego,6.23319,-75.56923,6,13.0,47227.322103995706,654899.8185117968,26.0,6084.0,80.73627141129654,1,1
apartamento,2800000,68.0,3,2,1,las palmas,6.24022,-75.56579,6,11.333333333333334,44135.83717530642,781094.527363184,22.666666666666668,4624.0,75.45130171267638,1,1
apartamento,2400000,48.0,1,1,1,rosales,6.234855651855469,-75.5904541015625,3,16.0,31678.50652568974,626633.9869281045,48.0,2304.0,54.15518786203267,1,1
apartamento,3200000,85.0,3,2,1,asomadera no.1,6.225736141204834,-75.56065368652344,6,14.166666666666666,48571.57944764218,665557.1635311143,28.333333333333332,7225.0,83.03431247964855,1,1
apartamento,7600000,88.0,3,2,1,castropol,6.2158894538879395,-75.56684112548828,6,14.666666666666666,48917.86962109346,739745.95924104,29.333333333333332,7744.0,83.62630406810368,1,1
apartamento,5100000,145.0,3,3,2,san lucas,6.181797981262207,-75.56238555908203,8,18.125,47354.22828936933,904097.3871733967,48.333333333333336,21025.0,80.95322066375543,1,4
apartamento,5500000,64.0,3,2,1,perpetuo socorro,6.233447074890137,-75.57007598876953,6,10.666666666666666,50836.120401337794,608000.0,21.333333333333332,4096.0,86.90560106672888,1,1
apartamento,7200000,190.0,3,3,3,la florida,6.2045087814331055,-75.56468200683594,9,21.11111111111111,45025.656955191065,832086.513994911,63.333333333333336,36100.0,76.97247056272704,1,9
apartamento,4000000,85.0,3,2,1,villa carlota,6.223103046417236,-75.5744400024414,6,14.166666666666666,54977.83356366141,748492.5201380898,28.333333333333332,7225.0,93.98596182156422,1,1
apartamento,3400000,85.0,3,2,1,lorena,6.248704433441162,-75.59989929199219,6,14.166666666666666,35721.295387634935,652329.7491039427,28.333333333333332,7225.0,61.06643508663359,1,1
apartamento,2950000,62.0,2,2,1,simon bolivar,6.245041370391846,-75.60330963134766,5,12.4,28965.474716228782,659298.245614035,31.0,3844.0,49.51719310057257,1,1
casa,2900000,84.0,3,3,0,la loma de los bernal,6.217579364776611,-75.60416412353516,6,14.0,40721.08579809159,584155.2990556138,28.0,7056.0,69.61370005095546,0,0
casa,9300000,280.0,5,5,4,los balsos no.1,6.189018249511719,-75.56607055664062,14,20.0,48115.75526148983,871145.722446916,56.0,78400.0,82.2550697961868,1,16
apartamento,6700000,102.0,3,3,2,alejandria,6.199336051940918,-75.57052612304688,8,12.75,48842.610337435945,852482.6560951438,34.0,10404.0,83.49764646735697,1,4
apartamento,8200000,147.0,3,2,2,las lomas no.2,6.208159446716309,-75.55874633789062,7,21.0,41861.648016276704,816005.6657223796,49.0,21609.0,71.56351928072442,1,4
apartamento,4600000,100.0,2,2,2,san lucas,6.182498455047607,-75.56712341308594,6,16.666666666666668,47354.22828936933,904097.3871733967,50.0,10000.0,80.95322066375543,1,4
apartamento,6100000,100.0,3,3,2,altos del poblado,6.2146711349487305,-75.55535888671875,8,12.5,58495.7928802589,930019.3704600484,33.333333333333336,10000.0,100.0,1,4
apartamento,4800000,85.0,3,2,2,el tesoro,6.203347682952881,-75.55573272705078,7,12.142857142857142,46307.752975324685,855149.2240350179,28.333333333333332,7225.0,79.1642453160979,1,4
apartamento,6200000,100.0,2,3,2,santa maria de los angeles,6.185530662536621,-75.57933044433594,7,14.285714285714286,47391.397443391514,760224.6376811594,50.0,10000.0,81.01676224887126,1,4
apartamento,7000000,110.0,3,2,2,castropol,6.2251482009887695,-75.56725311279297,7,15.714285714285714,48917.86962109346,739745.95924104,36.666666666666664,12100.0,83.62630406810368,1,4
apartamento,4600000,100.0,3,2,1,los naranjos,6.196056842803955,-75.56475067138672,6,16.666666666666668,49565.6761295771,827000.8873114464,33.333333333333336,10000.0,84.733745264447,1,1
apartamento,7500000,210.0,3,3,2,los balsos no.1,6.186577796936035,-75.5617446899414,8,26.25,48115.75526148983,871145.722446916,70.0,44100.0,82.2550697961868,1,4
apartamento,4700000,85.0,2,3,1,los balsos no.1,6.195618629455566,-75.56561279296875,6,14.166666666666666,48115.75526148983,871145.722446916,42.5,7225.0,82.2550697961868,1,1
apartamento,5450000,104.0,3,3,2,san lucas,6.180775165557861,-75.56379699707031,8,13.0,47354.22828936933,904097.3871733967,34.666666666666664,10816.0,80.95322066375543,1,4
apartamento,4000000,84.0,3,2,1,castropol,6.223623752593994,-75.56558227539062,6,14.0,48917.86962109346,739745.95924104,28.0,7056.0,83.62630406810368,1,1
apartamento,4900000,120.0,3,2,1,la loma de los bernal,6.217579364776611,-75.60416412353516,6,20.0,40721.08579809159,584155.2990556138,40.0,14400.0,69.61370005095546,1,1
apartamento,3800000,117.0,3,2,1,laureles,6.245956897735596,-75.59494018554688,6,19.5,37952.470484611345,680619.6840826245,39.0,13689.0,64.88068391909857,1,1
apartamento,3850000,72.0,2,3,1,villa carlota,6.21848201751709,-75.57445526123047,6,12.0,54977.83356366141,748492.5201380898,36.0,5184.0,93.98596182156422,1,1
apartamento,2900000,62.0,2,5,0,loreto,6.2275985,-75.5592155,7,8.857142857142858,37293.72937293729,403571.4285714286,31.0,3844.0,63.75454974903526,0,0
casa,4650000,190.0,5,2,0,guayaquil,6.24924,-75.57221,7,27.142857142857142,24473.684210526317,664285.7142857143,38.0,36100.0,41.838366496927456,0,0
apartamento,3500000,85.0,3,5,0,san lucas,6.180376,-75.5599957,8,10.625,47354.22828936933,904097.3871733967,28.333333333333332,7225.0,80.95322066375543,0,0
apartamento,5800000,150.0,3,3,2,la florida,6.20634835,-75.56802643,8,18.75,45025.656955191065,832086.513994911,50.0,22500.0,76.97247056272704,1,4
apartamento,4400000,120.0,3,2,2,la loma de los bernal,6.2178,-75.60134,7,17.142857142857142,40721.08579809159,584155.2990556138,40.0,14400.0,69.61370005095546,1,4
apartamento,2800000,73.0,3,2,0,simon bolivar,6.24368,-75.60334,5,14.6,28965.474716228782,659298.245614035,24.333333333333332,5329.0,49.51719310057257,0,0
apartamento,3200000,85.0,3,2,1,la loma de los bernal,6.21866,-75.60319,6,14.166666666666666,40721.08579809159,584155.2990556138,28.333333333333332,7225.0,69.61370005095546,1,1
apartamento,5600000,101.0,2,2,1,los balsos no.2,6.194679,-75.5664243,5,20.2,47300.9517913736,836162.823200559,50.5,10201.0,80.86214317702954,1,1
apartamento,5100000,110.0,3,2,2,san lucas,6.179930686950684,-75.5642318725586,7,15.714285714285714,47354.22828936933,904097.3871733967,36.666666666666664,12100.0,80.95322066375543,1,4
apartamento,2300000,51.0,3,2,1,la hondonada,6.202930450439453,-75.59960174560547,6,8.5,35058.243727598565,399234.693877551,17.0,2601.0,59.93293192787884,1,1
apartamento,5500000,105.0,3,2,2,los naranjos,6.193474292755127,-75.55982971191406,7,15.0,49565.6761295771,827000.8873114464,35.0,11025.0,84.733745264447,1,4
apartamento,3200000,85.0,3,2,1,laureles,6.241969585418701,-75.59529113769531,6,14.166666666666666,37952.470484611345,680619.6840826245,28.333333333333332,7225.0,64.88068391909857,1,1
apartamento,3150000,69.0,3,2,1,la loma de los bernal,6.217579364776611,-75.60416412353516,6,11.5,40721.08579809159,584155.2990556138,23.0,4761.0,69.61370005095546,1,1
apartamento,4200000,76.0,3,2,1,los naranjos,6.19466495513916,-75.56161499023438,6,12.666666666666666,49565.6761295771,827000.8873114464,25.333333333333332,5776.0,84.733745264447,1,1
apartamento,6700000,146.0,3,3,2,el tesoro,6.202554225921631,-75.55690002441406,8,18.25,46307.752975324685,855149.2240350179,48.666666666666664,21316.0,79.1642453160979,1,4
apartamento,4200000,84.0,2,2,2,la loma de los bernal,6.217579364776611,-75.60416412353516,6,14.0,40721.08579809159,584155.2990556138,42.0,7056.0,69.61370005095546,1,4
apartamento,2700000,110.0,3,2,1,las acacias,6.240993499755859,-75.60108184814453,6,18.333333333333332,34935.06493506493,672500.0,36.666666666666664,12100.0,59.7223547453697,1,1
apartamento,2500000,60.0,1,2,1,santa maria de los angeles,6.188619613647461,-75.58129119873047,4,15.0,47391.397443391514,760224.6376811594,60.0,3600.0,81.01676224887126,1,1
apartamento,2700000,80.0,2,2,1,la loma de los bernal,6.2178120613098145,-75.60408020019531,5,16.0,40721.08579809159,584155.2990556138,40.0,6400.0,69.61370005095546,1,1
apartamento,5200000,75.0,2,2,1,belen,6.231471538543701,-75.59929656982422,5,15.0,34214.434214434215,771428.5714285715,37.5,5625.0,58.49041876305752,1,1
apartamento,5150000,135.0,3,3,1,laureles,6.246397972106934,-75.59388732910156,7,19.285714285714285,37952.470484611345,680619.6840826245,45.0,18225.0,64.88068391909857,1,1
apartamento,8700000,120.0,2,3,2,el tesoro,6.203347682952881,-75.55573272705078,7,17.142857142857142,46307.752975324685,855149.2240350179,60.0,14400.0,79.1642453160979,1,4
apartamento,3700000,57.0,2,2,2,los naranjos,6.198044300079346,-75.56368255615234,6,9.5,49565.6761295771,827000.8873114464,28.5,3249.0,84.733745264447,1,4
apartamento,4500000,90.0,3,2,1,castropol,6.215184211730957,-75.56710052490234,6,15.0,48917.86962109346,739745.95924104,30.0,8100.0,83.62630406810368,1,1
apartamento,4750000,120.0,3,3,2,san lucas,6.179964065551758,-75.56400299072266,8,15.0,47354.22828936933,904097.3871733967,40.0,14400.0,80.95322066375543,1,4
apartamento,3250000,60.0,2,2,1,santa maria de los angeles,6.190048694610596,-75.57898712158203,5,12.0,47391.397443391514,760224.6376811594,30.0,3600.0,81.01676224887126,1,1
apartamento,8800000,175.0,3,4,2,los balsos no.1,6.1891984939575195,-75.56619262695312,9,19.444444444444443,48115.75526148983,871145.722446916,58.333333333333336,30625.0,82.2550697961868,1,4
apartamento,7200000,70.0,2,2,1,el diamante no.2,6.18894624710083,-75.57596588134766,5,14.0,43639.65496971377,774744.3419949707,35.0,4900.0,74.60306600005285,1,1
apartamento,5500000,70.0,2,2,1,altos del poblado,6.211982250213623,-75.55554962158203,5,14.0,58495.7928802589,930019.3704600484,35.0,4900.0,100.0,1,1
apartamento,3500000,79.0,3,2,1,asomadera no.1,6.225736141204834,-75.56065368652344,6,13.166666666666666,48571.57944764218,665557.1635311143,26.333333333333332,6241.0,83.03431247964855,1,1
apartamento,4100000,155.0,3,3,1,barrio cristobal,6.2489118576049805,-75.60844421386719,7,22.142857142857142,27092.70927092709,578846.1538461539,51.666666666666664,24025.0,46.315654403361904,1,1
apartamento,4200000,100.0,3,2,0,los balsos no.1,6.18697917,-75.56198729,5,20.0,48115.75526148983,871145.722446916,33.333333333333336,10000.0,82.2550697961868,0,0
apartamento,4500000,51.0,2,5,0,villa carlota,6.2184151,-75.5711747,7,7.285714285714286,54977.83356366141,748492.5201380898,25.5,2601.0,93.98596182156422,0,0
apartamento,6700000,188.0,3,3,2,la candelaria,6.251022,-75.570181,8,23.5,33260.86956521739,689189.1891891892,62.666666666666664,35344.0,56.86027648740912,1,4
apartamento,4600000,130.0,2,3,1,el diamante no.2,6.184181,-75.578771,6,21.666666666666668,43639.65496971377,774744.3419949707,65.0,16900.0,74.60306600005285,1,1
apartamento,3300000,60.0,2,2,0,betania,6.242467,-75.617723,4,15.0,55000.0,825000.0,30.0,3600.0,94.0238558909445,0,0
apartamento,2100000,55.0,2,2,0,los naranjos,6.1978,-75.56234,4,13.75,49565.6761295771,827000.8873114464,27.5,3025.0,84.733745264447,0,0
apartamento,3500000,70.0,3,2,1,la florida,6.206079006195068,-75.56328582763672,6,11.666666666666666,45025.656955191065,832086.513994911,23.333333333333332,4900.0,76.97247056272704,1,1
apartamento,4800000,90.0,3,2,2,altos del poblado,6.2172722,-75.555998,7,12.857142857142858,58495.7928802589,930019.3704600484,30.0,8100.0,100.0,1,4
apartamento,5500000,145.0,3,3,2,el tesoro,6.202171802520752,-75.56169128417969,8,18.125,46307.752975324685,855149.2240350179,48.333333333333336,21025.0,79.1642453160979,1,4
apartamento,6300000,135.0,3,4,2,la florida,6.201542377471924,-75.56719970703125,9,15.0,45025.656955191065,832086.513994911,45.0,18225.0,76.97247056272704,1,4
apartamento,3150000,110.0,3,2,1,san lucas,6.18502140045166,-75.56877899169922,6,18.333333333333332,47354.22828936933,904097.3871733967,36.666666666666664,12100.0,80.95322066375543,1,1
apartamento,2800000,43.0,1,1,1,villa carlota,6.22353273,-75.57126501,3,14.333333333333334,54977.83356366141,748492.5201380898,43.0,1849.0,93.98596182156422,1,1
apartamento,5000000,86.0,2,3,2,castropol,6.216904163360596,-75.56608581542969,7,12.285714285714286,48917.86962109346,739745.95924104,43.0,7396.0,83.62630406810368,1,4
apartamento,6850000,123.0,2,3,2,los balsos no.2,6.196917533874512,-75.56993103027344,7,17.571428571428573,47300.9517913736,836162.823200559,61.5,15129.0,80.86214317702954,1,4
apartamento,5100000,90.0,3,2,1,el diamante no.2,6.185483455657959,-75.57518005371094,6,15.0,43639.65496971377,774744.3419949707,30.0,8100.0,74.60306600005285,1,1
apartamento,4350000,82.0,2,2,2,los naranjos,6.19380521774292,-75.5624008178711,6,13.666666666666666,49565.6761295771,827000.8873114464,41.0,6724.0,84.733745264447,1,4
apartamento,2850000,41.0,1,1,1,villa carlota,6.2183332443237305,-75.57276153564453,3,13.666666666666666,54977.83356366141,748492.5201380898,41.0,1681.0,93.98596182156422,1,1
apartamento,4050000,80.0,2,2,1,patio bonito,6.204787731170654,-75.57544708251953,5,16.0,43819.79935642627,741195.3041622199,40.0,6400.0,74.91102727015866,1,1
apartamento,7100000,90.0,3,2,1,el diamante no.2,6.18264627456665,-75.5743637084961,6,15.0,43639.65496971377,774744.3419949707,30.0,8100.0,74.60306600005285,1,1
apartamento,5900000,113.0,3,2,2,los naranjos,6.195850849151611,-75.55876922607422,7,16.142857142857142,49565.6761295771,827000.8873114464,37.666666666666664,12769.0,84.733745264447,1,4
apartamento,3950000,90.0,3,2,1,santa maria de los angeles,6.190347194671631,-75.5792465209961,6,15.0,47391.397443391514,760224.6376811594,30.0,8100.0,81.01676224887126,1,1
apartamento,7500000,173.0,3,4,2,el tesoro,6.203360080718994,-75.55542755126953,9,19.22222222222222,46307.752975324685,855149.2240350179,57.666666666666664,29929.0,79.1642453160979,1,4
apartamento,3950000,84.0,3,2,2,la loma de los bernal,6.220260143280029,-75.60388946533203,7,12.0,40721.08579809159,584155.2990556138,28.0,7056.0,69.61370005095546,1,4
apartamento,4200000,130.0,3,2,1,santa maria de los angeles,6.194217205047607,-75.57804107666016,6,21.666666666666668,47391.397443391514,760224.6376811594,43.333333333333336,16900.0,81.01676224887126,1,1
apartamento,7000000,133.0,3,2,2,los naranjos,6.193974018096924,-75.55907440185547,7,19.0,49565.6761295771,827000.8873114464,44.333333333333336,17689.0,84.733745264447,1,4
apartamento,4950000,101.0,3,2,1,castropol,6.225136756896973,-75.56725311279297,6,16.833333333333332,48917.86962109346,739745.95924104,33.666666666666664,10201.0,83.62630406810368,1,1
apartamento,6700000,120.0,2,2,2,los naranjos,6.1919169425964355,-75.55858612060547,6,20.0,49565.6761295771,827000.8873114464,60.0,14400.0,84.733745264447,1,4
apartamento,3300000,84.0,2,2,1,castropol,6.216109752655029,-75.56694793701172,5,16.8,48917.86962109346,739745.95924104,42.0,7056.0,83.62630406810368,1,1
apartamento,8350000,195.0,3,2,2,patio bonito,6.204015731811523,-75.5736312866211,7,27.857142857142858,43819.79935642627,741195.3041622199,65.0,38025.0,74.91102727015866,1,4
apartamento,5700000,186.0,3,3,2,patio bonito,6.205984592437744,-75.57622528076172,8,23.25,43819.79935642627,741195.3041622199,62.0,34596.0,74.91102727015866,1,4
apartamento,4700000,153.0,3,3,2,la florida,6.205812931060791,-75.56632995605469,8,19.125,45025.656955191065,832086.513994911,51.0,23409.0,76.97247056272704,1,4
apartamento,6700000,140.0,3,4,2,el tesoro,6.203347682952881,-75.55573272705078,9,15.555555555555555,46307.752975324685,855149.2240350179,46.666666666666664,19600.0,79.1642453160979,1,4
apartamento,7200000,187.0,3,4,2,el tesoro,6.204002857208252,-75.55545043945312,9,20.77777777777778,46307.752975324685,855149.2240350179,62.333333333333336,34969.0,79.1642453160979,1,4
apartamento,3600000,95.0,2,2,1,los balsos no.2,6.193423748016357,-75.56947326660156,5,19.0,47300.9517913736,836162.823200559,47.5,9025.0,80.86214317702954,1,1
apartamento,3300000,64.0,3,2,1,la loma de los bernal,6.217579364776611,-75.60416412353516,6,10.666666666666666,40721.08579809159,584155.2990556138,21.333333333333332,4096.0,69.61370005095546,1,1
apartamento,3650000,107.0,3,2,1,la aguacatala,6.199292182922363,-75.57801818847656,6,17.833333333333332,51442.75043487159,795490.506329114,35.666666666666664,11449.0,87.9426500640398,1,1
apartamento,4550000,131.0,3,5,0,los conquistadores,6.2442912,-75.5800677,8,16.375,30995.98034836981,625225.2252252252,43.666666666666664,17161.0,52.98839253588492,0,0
apartamento,5000000,130.0,3,3,0,los balsos no.1,6.19392421,-75.5662158,6,21.666666666666668,48115.75526148983,871145.722446916,43.333333333333336,16900.0,82.2550697961868,0,0
apartamento,5200000,210.0,4,5,2,el diamante no.2,6.1882954,-75.5768162,11,19.09090909090909,43639.65496971377,774744.3419949707,52.5,44100.0,74.60306600005285,1,4
apartamento,3700000,130.0,4,4,1,calasanz,6.260916,-75.598985,9,14.444444444444445,32548.10882548109,537043.795620438,32.5,16900.0,55.64179443145114,1,1
apartamento,1400000,25.0,1,1,0,miraflores,6.2375933,-75.55089224,2,12.5,50588.23529411765,716666.6666666666,25.0,625.0,86.48183536493292,0,0
apartamento,4000000,90.0,3,2,1,ferrini,6.26702,-75.59745,6,15.0,34752.10477081384,530714.2857142857,30.0,8100.0,59.40957983414555,1,1
apartamento,9100000,175.0,3,3,2,los balsos no.1,6.186925888061523,-75.56139373779297,8,21.875,48115.75526148983,871145.722446916,58.333333333333336,30625.0,82.2550697961868,1,4
apartamento,3350000,86.0,2,2,1,la florida,6.2013840675354,-75.56295013427734,5,17.2,45025.656955191065,832086.513994911,43.0,7396.0,76.97247056272704,1,1
apartamento,4500000,78.0,3,2,1,asomadera no.2,6.22457913,-75.56160345,6,13.0,51821.74887892377,772562.6740947075,26.0,6084.0,88.59055724742987,1,1
apartamento,4300000,110.0,3,3,1,la castellana,6.2379,-75.60609,7,15.714285714285714,32305.993690851734,627000.0,36.666666666666664,12100.0,55.22789264004374,1,1
apartamento,3100000,70.0,3,3,1,bolivariana,6.247558116912842,-75.59027099609375,7,10.0,37400.24554941682,658648.6486486486,23.333333333333332,4900.0,63.936641778623724,1,1
casa,8300000,229.0,3,4,2,el diamante no.2,6.187958240509033,-75.5752944946289,9,25.444444444444443,43639.65496971377,774744.3419949707,76.33333333333333,52441.0,74.60306600005285,1,4
apartamento,7500000,192.0,2,3,2,la florida,6.203094482421875,-75.57052612304688,7,27.428571428571427,45025.656955191065,832086.513994911,96.0,36864.0,76.97247056272704,1,4
apartamento,2000000,50.0,2,2,0,calasanz,6.260910511016846,-75.5985107421875,4,12.5,32548.10882548109,537043.795620438,25.0,2500.0,55.64179443145114,0,0
apartamento,4000000,90.0,3,2,1,castropol,6.218486785888672,-75.56706237792969,6,15.0,48917.86962109346,739745.95924104,30.0,8100.0,83.62630406810368,1,1
apartamento,4150000,80.0,2,2,1,la aguacatala,6.197415351867676,-75.5775375366211,5,16.0,51442.75043487159,795490.506329114,40.0,6400.0,87.9426500640398,1,1
apartamento,6700000,100.0,2,3,2,los naranjos,6.197756767272949,-75.56451416015625,7,14.285714285714286,49565.6761295771,827000.8873114464,50.0,10000.0,84.733745264447,1,4
apartamento,7700000,160.0,3,4,2,el tesoro,6.204042434692383,-75.55533599853516,9,17.77777777777778,46307.752975324685,855149.2240350179,53.333333333333336,25600.0,79.1642453160979,1,4
apartamento,4750000,90.0,2,2,1,los naranjos,6.193474292755127,-75.55982971191406,5,18.0,49565.6761295771,827000.8873114464,45.0,8100.0,84.733745264447,1,1
apartamento,4700000,78.0,2,3,2,villa carlota,6.2182464599609375,-75.57389068603516,7,11.142857142857142,54977.83356366141,748492.5201380898,39.0,6084.0,93.98596182156422,1,4
apartamento,4650000,106.0,3,2,1,lorena,6.246124267578125,-75.60250854492188,6,17.666666666666668,35721.295387634935,652329.7491039427,35.333333333333336,11236.0,61.06643508663359,1,1
apartamento,4200000,78.0,2,2,1,altos del poblado,6.20853,-75.55428,5,15.6,58495.7928802589,930019.3704600484,39.0,6084.0,100.0,1,1
apartamento,3850000,82.0,3,2,1,los balsos no.1,6.18710470199585,-75.5595474243164,6,13.666666666666666,48115.75526148983,871145.722446916,27.333333333333332,6724.0,82.2550697961868,1,1
apartamento,6700000,150.0,3,4,2,el tesoro,6.203347682952881,-75.55573272705078,9,16.666666666666668,46307.752975324685,855149.2240350179,50.0,22500.0,79.1642453160979,1,4
apartamento,4000000,113.0,2,2,2,laureles,6.245950222015381,-75.595703125,6,18.833333333333332,37952.470484611345,680619.6840826245,56.5,12769.0,64.88068391909857,1,4
apartamento,4300000,86.0,3,2,1,la florida,6.2013840675354,-75.56295013427734,6,14.333333333333334,45025.656955191065,832086.513994911,28.666666666666668,7396.0,76.97247056272704,1,1
apartamento,4450000,114.0,3,2,1,el diamante no.2,6.185441017150879,-75.57550811767578,6,19.0,43639.65496971377,774744.3419949707,38.0,12996.0,74.60306600005285,1,1
apartamento,8650000,149.0,3,3,2,san lucas,6.179964065551758,-75.56400299072266,8,18.625,47354.22828936933,904097.3871733967,49.666666666666664,22201.0,80.95322066375543,1,4
apartamento,4150000,75.0,2,2,1,santa maria de los angeles,6.188520908355713,-75.57913208007812,5,15.0,47391.397443391514,760224.6376811594,37.5,5625.0,81.01676224887126,1,1
casa,9300000,160.0,3,3,2,altos del poblado,6.215419769287109,-75.55437469482422,8,20.0,58495.7928802589,930019.3704600484,53.333333333333336,25600.0,100.0,1,4
apartamento,5500000,225.0,4,3,1,san diego,6.2265729904174805,-75.56698608398438,8,28.125,47227.322103995706,654899.8185117968,56.25,50625.0,80.73627141129654,1,1
casa,3200000,79.0,2,3,1,asomadera no.1,6.224887371063232,-75.56059265136719,6,13.166666666666666,48571.57944764218,665557.1635311143,39.5,6241.0,83.03431247964855,1,1
apartamento,3750000,115.0,3,2,2,los balsos no.1,6.187974452972412,-75.56758880615234,7,16.428571428571427,48115.75526148983,871145.722446916,38.333333333333336,13225.0,82.2550697961868,1,4
apartamento,4000000,75.0,2,2,1,la loma de los bernal,6.217579364776611,-75.60416412353516,5,15.0,40721.08579809159,584155.2990556138,37.5,5625.0,69.61370005095546,1,1
apartamento,2700000,59.0,2,2,1,castropol,6.219926834106445,-75.56832122802734,5,11.8,48917.86962109346,739745.95924104,29.5,3481.0,83.62630406810368,1,1
apartamento,4700000,120.0,3,4,1,laureles,6.239883,-75.597507,8,15.0,37952.470484611345,680619.6840826245,40.0,14400.0,64.88068391909857,1,1
apartamento,2500000,60.0,3,1,1,loreto,6.22716326,-75.55880426,5,12.0,37293.72937293729,403571.4285714286,20.0,3600.0,63.75454974903526,1,1
apartamento,5300000,95.0,2,2,2,lalinde,6.212935,-75.567698,6,15.833333333333334,53427.21397778484,890320.987654321,47.5,9025.0,91.33513941276176,1,4
apartamento,5600000,152.0,4,3,1,altos del poblado,6.214628,-75.55614,8,19.0,58495.7928802589,930019.3704600484,38.0,23104.0,100.0,1,1
apartamento,3100000,110.0,3,2,1,bombona no.1,6.243745,-75.561876,6,18.333333333333332,29444.444444444445,441666.6666666667,36.666666666666664,12100.0,50.336003658788464,1,1
apartamento,3500000,68.0,3,2,1,san diego,6.23327,-75.56912,6,11.333333333333334,47227.322103995706,654899.8185117968,22.666666666666668,4624.0,80.73627141129654,1,1
casa,4000000,180.0,5,3,0,el nogal-los almendros,6.2374028,-75.5973072,8,22.5,31931.988041853514,623722.6277372263,36.0,32400.0,54.5885207628836,0,0
apartamento,1400000,25.0,1,1,0,miraflores,6.2375933,-75.55089224,2,12.5,50588.23529411765,716666.6666666666,25.0,625.0,86.48183536493292,0,0
apartamento,4600000,80.0,2,2,1,villa carlota,6.22276,-75.57456,5,16.0,54977.83356366141,748492.5201380898,40.0,6400.0,93.98596182156422,1,1
apartamento,3800000,86.0,3,2,1,estadio,6.25992,-75.59415,6,14.333333333333334,28935.940737376888,589306.3583815029,28.666666666666668,7396.0,49.466704035636994,1,1
apartamento,4700000,98.0,3,3,1,castropol,6.223597526550293,-75.56558227539062,7,14.0,48917.86962109346,739745.95924104,32.666666666666664,9604.0,83.62630406810368,1,1
apartamento,5850000,112.0,3,3,2,santa maria de los angeles,6.189024925231934,-75.5792465209961,8,14.0,47391.397443391514,760224.6376811594,37.333333333333336,12544.0,81.01676224887126,1,4
apartamento,5850000,120.0,3,3,2,san lucas,6.179803848266602,-75.56848907470703,8,15.0,47354.22828936933,904097.3871733967,40.0,14400.0,80.95322066375543,1,4
apartamento,4350000,90.0,3,2,1,villa carlota,6.2182464599609375,-75.57389068603516,6,15.0,54977.83356366141,748492.5201380898,30.0,8100.0,93.98596182156422,1,1
apartamento,4750000,94.0,2,2,1,la loma de los bernal,6.2178120613098145,-75.60408020019531,5,18.8,40721.08579809159,584155.2990556138,47.0,8836.0,69.61370005095546,1,1
apartamento,7000000,165.0,4,4,1,los conquistadores,6.241286277770996,-75.5816879272461,9,18.333333333333332,30995.98034836981,625225.2252252252,41.25,27225.0,52.98839253588492,1,1
apartamento,4700000,82.0,1,2,1,los naranjos,6.1938090324401855,-75.56259155273438,4,20.5,49565.6761295771,827000.8873114464,82.0,6724.0,84.733745264447,1,1
apartamento,4460000,143.0,3,2,2,san german,6.268360614776611,-75.58721160888672,7,20.428571428571427,39001.584786053885,502244.89795918367,47.666666666666664,20449.0,66.67417068077062,1,4
apartamento,3700000,130.0,4,3,1,el velodromo,6.252366542816162,-75.59307861328125,8,16.25,33048.78048780488,624423.9631336406,32.5,16900.0,56.497704981033166,1,1
apartamento,8200000,122.0,2,3,2,los balsos no.1,6.1891984939575195,-75.56619262695312,7,17.428571428571427,48115.75526148983,871145.722446916,61.0,14884.0,82.2550697961868,1,4
apartamento,7300000,175.0,3,4,2,los balsos no.1,6.188527584075928,-75.5661849975586,9,19.444444444444443,48115.75526148983,871145.722446916,58.333333333333336,30625.0,82.2550697961868,1,4
apartamento,7500000,120.0,2,3,2,altos del poblado,6.215446949005127,-75.55396270751953,7,17.142857142857142,58495.7928802589,930019.3704600484,60.0,14400.0,100.0,1,4
casa,4500000,290.0,4,4,2,la mota,6.209763526916504,-75.59870910644531,10,29.0,31054.252952250557,508263.3053221289,72.5,84100.0,53.08801098878807,1,4
casa,9200000,171.0,4,5,2,alejandria,6.200799942016602,-75.56958770751953,11,15.545454545454545,48842.610337435945,852482.6560951438,42.75,29241.0,83.49764646735697,1,4
apartamento,3400000,83.0,2,2,1,asomadera no.2,6.21804,-75.56188,5,16.6,51821.74887892377,772562.6740947075,41.5,6889.0,88.59055724742987,1,1
apartamento,2900000,97.0,3,2,2,la mota,6.211221694946289,-75.60029602050781,7,13.857142857142858,31054.252952250557,508263.3053221289,32.333333333333336,9409.0,53.08801098878807,1,4
apartamento,2850000,91.0,3,2,1,laureles,6.242308139801025,-75.59518432617188,6,15.166666666666666,37952.470484611345,680619.6840826245,30.333333333333332,8281.0,64.88068391909857,1,1
apartamento,2700000,46.0,1,1,0,laureles,6.241491317749023,-75.59525299072266,2,23.0,37952.470484611345,680619.6840826245,46.0,2116.0,64.88068391909857,0,0
casa,4200000,106.0,3,3,1,alejandria,6.199343204498291,-75.56890869140625,7,15.142857142857142,48842.610337435945,852482.6560951438,35.333333333333336,11236.0,83.49764646735697,1,1
casa,9000000,240.0,4,4,2,el poblado,6.209064483642578,-75.56769561767578,10,24.0,51331.92389006342,930592.3344947735,60.0,57600.0,87.7531893535319,1,4
casa,7200000,150.0,3,3,2,las lomas no.1,6.209898948669434,-75.56082916259766,8,18.75,42753.43481316735,816268.3823529412,50.0,22500.0,73.08805079483885,1,4
apartamento,8700000,120.0,2,3,2,castropol,6.216073513031006,-75.56684112548828,7,17.142857142857142,48917.86962109346,739745.95924104,60.0,14400.0,83.62630406810368,1,4
apartamento,7700000,153.0,3,3,2,los balsos no.2,6.1969895362854,-75.56990051269531,8,19.125,47300.9517913736,836162.823200559,51.0,23409.0,80.86214317702954,1,4
apartamento,5800000,99.0,2,2,1,lalinde,6.212533950805664,-75.56732177734375,5,19.8,53427.21397778484,890320.987654321,49.5,9801.0,91.33513941276176,1,1
apartamento,9600000,100.0,2,3,2,altos del poblado,6.215446949005127,-75.55396270751953,7,14.285714285714286,58495.7928802589,930019.3704600484,50.0,10000.0,100.0,1,4
apartamento,4700000,128.0,3,2,2,el tesoro,6.203914642333984,-75.55549621582031,7,18.285714285714285,46307.752975324685,855149.2240350179,42.666666666666664,16384.0,79.1642453160979,1,4
apartamento,7200000,152.0,2,3,2,alejandria,6.2019758224487305,-75.56838989257812,7,21.714285714285715,48842.610337435945,852482.6560951438,76.0,23104.0,83.49764646735697,1,4
apartamento,7700000,182.0,3,4,1,laureles,6.242438793182373,-75.59593963623047,8,22.75,37952.470484611345,680619.6840826245,60.666666666666664,33124.0,64.88068391909857,1,1
apartamento,8500000,100.0,3,2,2,los balsos no.2,6.1952893281,-75.5725471538,7,14.285714285714286,47300.9517913736,836162.823200559,33.333333333333336,10000.0,80.86214317702954,1,4
apartamento,4500000,100.0,3,2,1,santa fe,6.224012001,-75.5776473041,6,16.666666666666668,48109.58350181965,701917.4041297935,33.333333333333336,10000.0,82.24451902088094,1,1
apartamento,8400000,214.0,3,3,0,el tesoro,6.20261604,-75.55442607,6,35.666666666666664,46307.752975324685,855149.2240350179,71.33333333333333,45796.0,79.1642453160979,0,0
apartamento,4500000,90.0,3,3,2,altos del poblado,6.2168480319,-75.5563872617,8,11.25,58495.7928802589,930019.3704600484,30.0,8100.0,100.0,1,4
apartamento,3500000,130.0,3,2,1,laureles,6.245896,-75.595879,6,21.666666666666668,37952.470484611345,680619.6840826245,43.333333333333336,16900.0,64.88068391909857,1,1
apartamento,2950000,80.0,3,2,1,calasanz parte alta,6.26497,-75.60326,6,13.333333333333334,33556.33802816901,458173.07692307694,26.666666666666668,6400.0,57.36538710887971,1,1
apartamento,1550000,55.0,2,1,0,santa monica,6.2493,-75.61339,3,18.333333333333332,33578.94736842105,543750.0,27.5,3025.0,57.40403833341875,0,0
apartamento,4700000,150.0,3,3,1,las lomas no.2,6.208580493927002,-75.55738830566406,7,21.428571428571427,41861.648016276704,816005.6657223796,50.0,22500.0,71.56351928072442,1,1
apartamento,6970000,120.0,2,2,1,lalinde,6.212927341461182,-75.56755828857422,5,24.0,53427.21397778484,890320.987654321,60.0,14400.0,91.33513941276176,1,1
apartamento,8500000,140.0,3,4,2,fatima,6.2335594,-75.5857056,9,15.555555555555555,31102.18652387327,606086.9565217391,46.666666666666664,19600.0,53.16995461116248,1,4
apartamento,5800000,140.0,3,3,2,alejandria,6.199336051940918,-75.57052612304688,8,17.5,48842.610337435945,852482.6560951438,46.666666666666664,19600.0,83.49764646735697,1,4
casa,6700000,220.0,4,2,1,el tesoro,6.20521879196167,-75.55533599853516,7,31.428571428571427,46307.752975324685,855149.2240350179,55.0,48400.0,79.1642453160979,1,1
apartamento,6200000,130.0,3,4,3,la florida,6.2052836418151855,-75.56460571289062,10,13.0,45025.656955191065,832086.513994911,43.333333333333336,16900.0,76.97247056272704,1,9
apartamento,3200000,75.0,2,1,1,la loma de los bernal,6.217579364776611,-75.60416412353516,4,18.75,40721.08579809159,584155.2990556138,37.5,5625.0,69.61370005095546,1,1
apartamento,3950000,60.0,1,2,1,villa carlota,6.223944187164307,-75.57264709472656,4,15.0,54977.83356366141,748492.5201380898,60.0,3600.0,93.98596182156422,1,1
apartamento,3750000,92.0,3,2,1,villa carlota,6.218188285827637,-75.57330322265625,6,15.333333333333334,54977.83356366141,748492.5201380898,30.666666666666668,8464.0,93.98596182156422,1,1
apartamento,4700000,95.0,2,2,1,san lucas,6.179964065551758,-75.56400299072266,5,19.0,47354.22828936933,904097.3871733967,47.5,9025.0,80.95322066375543,1,1
apartamento,4000000,60.0,1,2,1,la aguacatala,6.197067737579346,-75.57808685302734,4,15.0,51442.75043487159,795490.506329114,60.0,3600.0,87.9426500640398,1,1
casa,7200000,240.0,5,2,1,los conquistadores,6.242410659790039,-75.58174896240234,8,30.0,30995.98034836981,625225.2252252252,48.0,57600.0,52.98839253588492,1,1
apartamento,6500000,123.0,3,4,1,los conquistadores,6.242410659790039,-75.58174896240234,8,15.375,30995.98034836981,625225.2252252252,41.0,15129.0,52.98839253588492,1,1
apartamento,4700000,86.0,3,2,1,castropol,6.220721244812012,-75.56621551513672,6,14.333333333333334,48917.86962109346,739745.95924104,28.666666666666668,7396.0,83.62630406810368,1,1
apartamento,4700000,75.0,2,2,1,las lomas no.1,6.210727691650391,-75.5605239868164,5,15.0,42753.43481316735,816268.3823529412,37.5,5625.0,73.08805079483885,1,1
apartamento,8500000,215.0,3,4,2,alejandria,6.196913719177246,-75.56722259521484,9,23.88888888888889,48842.610337435945,852482.6560951438,71.66666666666667,46225.0,83.49764646735697,1,4
apartamento,3850000,90.0,3,2,2,la aguacatala,6.196604251861572,-75.57518005371094,7,12.857142857142858,51442.75043487159,795490.506329114,30.0,8100.0,87.9426500640398,1,4
apartamento,3700000,60.0,2,2,1,los colores,6.265888690948486,-75.59309387207031,5,12.0,34639.764996907856,599064.1711229946,30.0,3600.0,59.21753222118996,1,1
apartamento,5800000,100.0,3,2,1,los balsos no.2,6.197497844696045,-75.57127380371094,6,16.666666666666668,47300.9517913736,836162.823200559,33.333333333333336,10000.0,80.86214317702954,1,1
apartamento,7650000,155.0,2,3,2,el poblado,6.208239555358887,-75.56584930419922,7,22.142857142857142,51331.92389006342,930592.3344947735,77.5,24025.0,87.7531893535319,1,4
apartamento,4700000,113.0,3,2,1,castropol,6.216140270233154,-75.56697082519531,6,18.833333333333332,48917.86962109346,739745.95924104,37.666666666666664,12769.0,83.62630406810368,1,1
apartamento,4500000,98.0,2,2,2,la florida,6.205695152282715,-75.56403350830078,6,16.333333333333332,45025.656955191065,832086.513994911,49.0,9604.0,76.97247056272704,1,4
apartamento,5200000,116.0,2,2,2,la florida,6.20327091217041,-75.56565856933594,6,19.333333333333332,45025.656955191065,832086.513994911,58.0,13456.0,76.97247056272704,1,4
apartamento,5800000,200.0,3,3,2,laureles,6.242182731628418,-75.5960693359375,8,25.0,37952.470484611345,680619.6840826245,66.66666666666667,40000.0,64.88068391909857,1,4
apartamento,4300000,90.0,2,2,1,castropol,6.216943264007568,-75.566650390625,5,18.0,48917.86962109346,739745.95924104,45.0,8100.0,83.62630406810368,1,1
apartamento,3100000,82.0,4,2,1,la loma de los bernal,6.217579364776611,-75.60416412353516,7,11.714285714285714,40721.08579809159,584155.2990556138,20.5,6724.0,69.61370005095546,1,1
apartamento,4200000,90.0,3,2,2,los colores,6.26442,-75.58929,7,12.857142857142858,34639.764996907856,599064.1711229946,30.0,8100.0,59.21753222118996,1,4
apartamento,4400000,120.0,3,3,1,el diamante no.2,6.18182,-75.57395,7,17.142857142857142,43639.65496971377,774744.3419949707,40.0,14400.0,74.60306600005285,1,1
apartamento,6192000,92.0,3,3,1,castropol,6.21614,-75.56697,7,13.142857142857142,48917.86962109346,739745.95924104,30.666666666666668,8464.0,83.62630406810368,1,1
casa,8900000,300.0,5,4,0,lorena,6.248457,-75.597187,9,33.333333333333336,35721.295387634935,652329.7491039427,60.0,90000.0,61.06643508663359,0,0
apartamento,2800000,75.0,3,3,0,la gloria,6.222654,-75.603911,6,12.5,34291.07710077967,552325.5813953489,25.0,5625.0,58.62144166670863,0,0
apartamento,2100000,68.0,3,2,0,el rincon,6.20621,-75.60281,5,13.6,35361.216730038024,498214.28571428574,22.666666666666668,4624.0,60.45087174461001,0,0
apartamento,4500000,87.0,2,2,2,villa carlota,6.22072983,-75.57458359,6,14.5,54977.83356366141,748492.5201380898,43.5,7569.0,93.98596182156422,1,4
apartamento,2450000,77.0,3,2,1,la gloria,6.222308158874512,-75.60409545898438,6,12.833333333333334,34291.07710077967,552325.5813953489,25.666666666666668,5929.0,58.62144166670863,1,1
apartamento,2450000,63.0,3,2,0,el rincon,6.210841655731201,-75.60124206542969,5,12.6,35361.216730038024,498214.28571428574,21.0,3969.0,60.45087174461001,0,0
apartamento,6500000,82.0,2,2,2,los balsos no.2,6.196805000305176,-75.57260131835938,6,13.666666666666666,47300.9517913736,836162.823200559,41.0,6724.0,80.86214317702954,1,4
apartamento,4400000,103.0,3,3,2,la loma de los bernal,6.218601703643799,-75.60139465332031,8,12.875,40721.08579809159,584155.2990556138,34.333333333333336,10609.0,69.61370005095546,1,4
apartamento,3400000,92.0,3,2,1,la gloria,6.220664978027344,-75.60224914550781,6,15.333333333333334,34291.07710077967,552325.5813953489,30.666666666666668,8464.0,58.62144166670863,1,1
apartamento,3000000,75.0,2,2,1,los colores,6.266347408294678,-75.5921859741211,5,15.0,34639.764996907856,599064.1711229946,37.5,5625.0,59.21753222118996,1,1
apartamento,8700000,173.0,3,4,3,la florida,6.202642440795898,-75.56949615478516,10,17.3,45025.656955191065,832086.513994911,57.666666666666664,29929.0,76.97247056272704,1,9
apartamento,5800000,70.0,1,2,1,altos del poblado,6.2071709632873535,-75.55035400390625,4,17.5,58495.7928802589,930019.3704600484,70.0,4900.0,100.0,1,1
apartamento,3400000,74.0,2,2,1,los conquistadores,6.241286277770996,-75.5816879272461,5,14.8,30995.98034836981,625225.2252252252,37.0,5476.0,52.98839253588492,1,1
apartamento,3850000,110.0,2,2,2,los balsos no.2,6.193475246429443,-75.56665802001953,6,18.333333333333332,47300.9517913736,836162.823200559,55.0,12100.0,80.86214317702954,1,4
apartamento,3200000,80.0,3,2,1,lorena,6.248471260070801,-75.59370422363281,6,13.333333333333334,35721.295387634935,652329.7491039427,26.666666666666668,6400.0,61.06643508663359,1,1
apartamento,5950000,64.0,3,2,1,san diego,6.231868267059326,-75.56780242919922,6,10.666666666666666,47227.322103995706,654899.8185117968,21.333333333333332,4096.0,80.73627141129654,1,1
apartamento,7200000,177.0,3,4,3,los balsos no.2,6.193423748016357,-75.56947326660156,10,17.7,47300.9517913736,836162.823200559,59.0,31329.0,80.86214317702954,1,9
apartamento,3300000,120.0,3,2,1,lorena,6.248325824737549,-75.59950256347656,6,20.0,35721.295387634935,652329.7491039427,40.0,14400.0,61.06643508663359,1,1
apartamento,5000000,120.0,3,2,2,los balsos no.2,6.194524765014648,-75.56732177734375,7,17.142857142857142,47300.9517913736,836162.823200559,40.0,14400.0,80.86214317702954,1,4
apartamento,5700000,134.0,4,3,2,los balsos no.2,6.195940017700195,-75.57139587402344,9,14.88888888888889,47300.9517913736,836162.823200559,33.5,17956.0,80.86214317702954,1,4
apartamento,9000000,188.0,2,2,2,la florida,6.20439557,-75.57128814,6,31.333333333333332,45025.656955191065,832086.513994911,94.0,35344.0,76.97247056272704,1,4
apartamento,8700000,153.0,2,3,2,los balsos no.1,6.186973571777344,-75.56109619140625,7,21.857142857142858,48115.75526148983,871145.722446916,76.5,23409.0,82.2550697961868,1,4
apartamento,6650000,84.0,1,2,1,san lucas,6.179964065551758,-75.56400299072266,4,21.0,47354.22828936933,904097.3871733967,84.0,7056.0,80.95322066375543,1,1
apartamento,6800000,53.0,1,2,1,alejandria,6.199336051940918,-75.57052612304688,4,13.25,48842.610337435945,852482.6560951438,53.0,2809.0,83.49764646735697,1,1
apartamento,3550000,104.0,3,2,1,los conquistadores,6.242410659790039,-75.58174896240234,6,17.333333333333332,30995.98034836981,625225.2252252252,34.666666666666664,10816.0,52.98839253588492,1,1
apartamento,5850000,125.0,4,3,1,el castillo,6.191690921783447,-75.5763931274414,8,15.625,56343.83279364145,907109.0047393364,31.25,15625.0,96.32117118059666,1,1
apartamento,4550000,134.0,3,3,2,laureles,6.245988845825195,-75.59563446044922,8,16.75,37952.470484611345,680619.6840826245,44.666666666666664,17956.0,64.88068391909857,1,4
apartamento,3600000,60.0,1,1,1,lalinde,6.212459564208984,-75.5672378540039,3,20.0,53427.21397778484,890320.987654321,60.0,3600.0,91.33513941276176,1,1
apartamento,4800000,78.0,2,2,1,alejandria,6.201523780822754,-75.57217407226562,5,15.6,48842.610337435945,852482.6560951438,39.0,6084.0,83.49764646735697,1,1
apartamento,8700000,157.0,3,4,3,los naranjos,6.195694923400879,-75.55621337890625,10,15.7,49565.6761295771,827000.8873114464,52.333333333333336,24649.0,84.733745264447,1,9
apartamento,6800000,110.0,2,3,2,castropol,6.2238563863,-75.566425836,7,15.714285714285714,48917.86962109346,739745.95924104,55.0,12100.0,83.62630406810368,1,4
casa,5000000,198.0,5,3,1,rosales,6.235386,-75.592949,9,22.0,31678.50652568974,626633.9869281045,39.6,39204.0,54.15518786203267,1,1
apartamento,2000000,40.0,1,1,0,calasanz,6.260916,-75.598985,2,20.0,32548.10882548109,537043.795620438,40.0,1600.0,55.64179443145114,0,0
apartamento,7000000,148.0,3,4,1,altos del poblado,6.214628,-75.55614,8,18.5,58495.7928802589,930019.3704600484,49.333333333333336,21904.0,100.0,1,1
casa,5000000,171.0,4,3,2,lorena,6.2480303,-75.6021808,9,19.0,35721.295387634935,652329.7491039427,42.75,29241.0,61.06643508663359,1,4
apartamento,1300000,54.0,3,1,0,robledo,6.27582,-75.59794,4,13.5,31382.113821138213,371153.8461538461,18.0,2916.0,53.648497226762125,0,0
apartamento,6350000,135.0,3,2,1,el diamante no.2,6.182089805603027,-75.57347106933594,6,22.5,43639.65496971377,774744.3419949707,45.0,18225.0,74.60306600005285,1,1
apartamento,2700000,71.0,3,2,1,calasanz,6.261049747467041,-75.59908294677734,6,11.833333333333334,32548.10882548109,537043.795620438,23.666666666666668,5041.0,55.64179443145114,1,1
apartamento,4750000,120.0,3,3,1,santa maria de los angeles,6.186434268951416,-75.57833862304688,7,17.142857142857142,47391.397443391514,760224.6376811594,40.0,14400.0,81.01676224887126,1,1
apartamento,3950000,84.0,2,3,1,villa carlota,6.221945762634277,-75.57394409179688,6,14.0,54977.83356366141,748492.5201380898,42.0,7056.0,93.98596182156422,1,1
apartamento,4000000,165.0,3,2,1,laureles,6.242351055145264,-75.59495544433594,6,27.5,37952.470484611345,680619.6840826245,55.0,27225.0,64.88068391909857,1,1
apartamento,3000000,112.0,3,2,0,fatima,6.234073162078857,-75.58476257324219,5,22.4,31102.18652387327,606086.9565217391,37.333333333333336,12544.0,53.16995461116248,0,0
apartamento,3500000,60.0,2,2,0,los balsos no.2,6.194524765014648,-75.56732177734375,4,15.0,47300.9517913736,836162.823200559,30.0,3600.0,80.86214317702954,0,0
apartamento,2200000,60.0,2,2,0,la hondonada,6.20130729675293,-75.60093688964844,4,15.0,35058.243727598565,399234.693877551,30.0,3600.0,59.93293192787884,0,0
apartamento,3600000,140.0,4,2,1,santa teresita,6.244048595428467,-75.61153411865234,7,20.0,26323.37946103423,520028.77697841724,35.0,19600.0,45.00046612739874,1,1
apartamento,5100000,115.0,3,2,3,la florida,6.2052836418151855,-75.56460571289062,8,14.375,45025.656955191065,832086.513994911,38.333333333333336,13225.0,76.97247056272704,1,9
apartamento,5800000,115.0,3,3,2,el castillo,6.192907333374023,-75.57125854492188,8,14.375,56343.83279364145,907109.0047393364,38.333333333333336,13225.0,96.32117118059666,1,4
casa,8300000,280.0,4,4,2,los balsos no.2,6.19590425491333,-75.56942749023438,10,28.0,47300.9517913736,836162.823200559,70.0,78400.0,80.86214317702954,1,4
apartamento,6500000,75.0,2,2,2,alejandria,6.199336051940918,-75.57052612304688,6,12.5,48842.610337435945,852482.6560951438,37.5,5625.0,83.49764646735697,1,4
apartamento,4400000,54.0,1,2,1,alejandria,6.1985764503479,-75.57109069824219,4,13.5,48842.610337435945,852482.6560951438,54.0,2916.0,83.49764646735697,1,1
apartamento,4100000,88.0,3,2,1,la aguacatala,6.1960320472717285,-75.5770034790039,6,14.666666666666666,51442.75043487159,795490.506329114,29.333333333333332,7744.0,87.9426500640398,1,1
apartamento,5650000,152.0,4,3,1,altos del poblado,6.215106964111328,-75.5547103881836,8,19.0,58495.7928802589,930019.3704600484,38.0,23104.0,100.0,1,1
apartamento,3150000,111.0,3,2,1,manila,6.21376371383667,-75.57194519042969,6,18.5,48813.76037959668,888129.4964028777,37.0,12321.0,83.44832675320535,1,1
apartamento,4150000,50.0,1,2,1,las lomas no.2,6.211746692657471,-75.55590057373047,4,12.5,41861.648016276704,816005.6657223796,50.0,2500.0,71.56351928072442,1,1
apartamento,2750000,83.0,3,2,1,santa monica,6.2490410804748535,-75.61370086669922,6,13.833333333333334,33578.94736842105,543750.0,27.666666666666668,6889.0,57.40403833341875,1,1
apartamento,4600000,82.0,3,2,1,manila,6.214477062225342,-75.57429504394531,6,13.666666666666666,48813.76037959668,888129.4964028777,27.333333333333332,6724.0,83.44832675320535,1,1
apartamento,2700000,80.0,1,2,1,castropol,6.2198686599731445,-75.56712341308594,4,20.0,48917.86962109346,739745.95924104,80.0,6400.0,83.62630406810368,1,1
apartamento,4250000,95.0,2,2,1,el diamante no.2,6.185781955718994,-75.57426452636719,5,19.0,43639.65496971377,774744.3419949707,47.5,9025.0,74.60306600005285,1,1
apartamento,4100000,94.0,3,2,2,bolivariana,6.245323181152344,-75.59203338623047,7,13.428571428571429,37400.24554941682,658648.6486486486,31.333333333333332,8836.0,63.936641778623724,1,4
apartamento,4400000,80.0,3,2,1,los colores,6.2628173828125,-75.59369659423828,6,13.333333333333334,34639.764996907856,599064.1711229946,26.666666666666668,6400.0,59.21753222118996,1,1
apartamento,3900000,54.0,1,2,1,alejandria,6.1985764503479,-75.57109069824219,4,13.5,48842.610337435945,852482.6560951438,54.0,2916.0,83.49764646735697,1,1
apartamento,3800000,148.0,3,4,2,alejandria,6.20152371,-75.57217188,9,16.444444444444443,48842.610337435945,852482.6560951438,49.333333333333336,21904.0,83.49764646735697,1,4
apartamento,1800000,54.0,2,5,0,santa monica,6.2464839,-75.614376,7,7.714285714285714,33578.94736842105,543750.0,27.0,2916.0,57.40403833341875,0,0
apartamento,8500000,175.0,2,3,2,los balsos no.2,6.19606,-75.5679,7,25.0,47300.9517913736,836162.823200559,87.5,30625.0,80.86214317702954,1,4
apartamento,4650000,120.0,3,3,1,san lucas,6.1817849,-75.569426,7,17.142857142857142,47354.22828936933,904097.3871733967,40.0,14400.0,80.95322066375543,1,1
apartamento,2500000,160.0,4,2,1,estadio,6.25954535,-75.59199257,7,22.857142857142858,28935.940737376888,589306.3583815029,40.0,25600.0,49.466704035636994,1,1
apartamento,1400000,56.0,2,1,0,corazon de jesus,6.24822,-75.58003,3,18.666666666666668,39626.55601659751,682142.8571428572,28.0,3136.0,67.74257440652734,0,0
apartamento,6000000,150.0,3,3,2,los balsos no.2,6.19527,-75.56865,8,18.75,47300.9517913736,836162.823200559,50.0,22500.0,80.86214317702954,1,4
apartamento,4700000,90.0,2,2,1,santa maria de los angeles,6.1872967024,-75.5803155899,5,18.0,47391.397443391514,760224.6376811594,45.0,8100.0,81.01676224887126,1,1
apartamento,4950000,135.0,3,2,1,el diamante no.2,6.182089805603027,-75.57347106933594,6,22.5,43639.65496971377,774744.3419949707,45.0,18225.0,74.60306600005285,1,1
apartamento,8200000,146.0,2,3,2,los balsos no.1,6.1862945556640625,-75.55794525146484,7,20.857142857142858,48115.75526148983,871145.722446916,73.0,21316.0,82.2550697961868,1,4
apartamento,5950000,52.0,1,2,1,villa carlota,6.220077037811279,-75.5752944946289,4,13.0,54977.83356366141,748492.5201380898,52.0,2704.0,93.98596182156422,1,1
apartamento,3200000,86.0,2,2,1,bolivariana,6.24700403213501,-75.59033203125,5,17.2,37400.24554941682,658648.6486486486,43.0,7396.0,63.936641778623724,1,1
apartamento,3600000,92.0,3,2,2,el diamante no.2,6.1808037757873535,-75.5717544555664,7,13.142857142857142,43639.65496971377,774744.3419949707,30.666666666666668,8464.0,74.60306600005285,1,4
apartamento,6800000,92.0,2,2,2,las lomas no.2,6.207980632781982,-75.55908203125,6,15.333333333333334,41861.648016276704,816005.6657223796,46.0,8464.0,71.56351928072442,1,4
apartamento,4400000,110.0,3,2,1,asomadera no.2,6.22388219833374,-75.56503295898438,6,18.333333333333332,51821.74887892377,772562.6740947075,36.666666666666664,12100.0,88.59055724742987,1,1
apartamento,4400000,140.0,3,3,1,los conquistadores,6.241562843322754,-75.58087158203125,7,20.0,30995.98034836981,625225.2252252252,46.666666666666664,19600.0,52.98839253588492,1,1
apartamento,3350000,110.0,4,3,1,la gloria,6.222933769226074,-75.60262298583984,8,13.75,34291.07710077967,552325.5813953489,27.5,12100.0,58.62144166670863,1,1
apartamento,5600000,132.0,3,3,2,san lucas,6.1854448318481445,-75.56639099121094,8,16.5,47354.22828936933,904097.3871733967,44.0,17424.0,80.95322066375543,1,4
apartamento,4150000,81.0,3,2,1,villa carlota,6.218269348144531,-75.57412719726562,6,13.5,54977.83356366141,748492.5201380898,27.0,6561.0,93.98596182156422,1,1
apartamento,3400000,89.0,3,2,1,san joaquin,6.246966361999512,-75.58515167236328,6,14.833333333333334,32753.58855757907,569436.2017804154,29.666666666666668,7921.0,55.9930670990746,1,1
apartamento,1750000,45.0,1,1,0,lorena,6.247283458709717,-75.59957122802734,2,22.5,35721.295387634935,652329.7491039427,45.0,2025.0,61.06643508663359,0,0
apartamento,3100000,50.0,1,2,1,las lomas no.2,6.209353923797607,-75.55735778808594,4,12.5,41861.648016276704,816005.6657223796,50.0,2500.0,71.56351928072442,1,1
apartamento,7100000,140.0,3,4,3,la florida,6.202153205871582,-75.56844329833984,10,14.0,45025.656955191065,832086.513994911,46.666666666666664,19600.0,76.97247056272704,1,9
apartamento,3900000,112.0,3,2,1,las acacias,6.240654468536377,-75.59966278076172,6,18.666666666666668,34935.06493506493,672500.0,37.333333333333336,12544.0,59.7223547453697,1,1
apartamento,3000000,42.0,1,1,1,santa fe,6.222962856292725,-75.5811538696289,3,14.0,48109.58350181965,701917.4041297935,42.0,1764.0,82.24451902088094,1,1
casa,6200000,198.0,3,3,2,la florida,6.205749034881592,-75.56301879882812,8,24.75,45025.656955191065,832086.513994911,66.0,39204.0,76.97247056272704,1,4
casa,5500000,170.0,4,3,1,simon bolivar,6.24705,-75.60415,8,21.25,28965.474716228782,659298.245614035,42.5,28900.0,49.51719310057257,1,1
apartamento,6100000,120.0,3,3,2,los balsos no.1,6.190432548522949,-75.56293487548828,8,15.0,48115.75526148983,871145.722446916,40.0,14400.0,82.2550697961868,1,4
apartamento,4300000,100.0,3,2,2,el tesoro,6.2028350830078125,-75.55504608154297,7,14.285714285714286,46307.752975324685,855149.2240350179,33.333333333333336,10000.0,79.1642453160979,1,4
apartamento,2900000,76.0,4,4,0,tenche,6.231594562530518,-75.58242797851562,8,9.5,38157.89473684211,362500.0,19.0,5776.0,65.2318617425213,0,0
apartamento,6550000,150.0,3,4,2,los balsos no.2,6.1930108070373535,-75.56909942626953,9,16.666666666666668,47300.9517913736,836162.823200559,50.0,22500.0,80.86214317702954,1,4
apartamento,8350000,154.0,3,4,2,las lomas no.1,6.209727764129639,-75.56367492675781,9,17.11111111111111,42753.43481316735,816268.3823529412,51.333333333333336,23716.0,73.08805079483885,1,4
apartamento,8200000,139.0,3,3,2,los balsos no.2,6.195680618286133,-75.56803894042969,8,17.375,47300.9517913736,836162.823200559,46.333333333333336,19321.0,80.86214317702954,1,4
apartamento,4500000,104.0,3,3,1,la florida,6.205739,-75.564059,7,14.857142857142858,45025.656955191065,832086.513994911,34.666666666666664,10816.0,76.97247056272704,1,1
casa,8000000,400.0,5,4,1,los angeles,6.2544644914,-75.5595883748,10,40.0,22614.840989399294,556521.7391304348,80.0,160000.0,38.66062818516189,1,1
casa,8500000,370.0,5,3,0,prado,6.25618,-75.56058,8,46.25,28816.08339538347,604687.5,74.0,136900.0,49.261804954708616,0,0
apartamento,1600000,54.0,3,1,1,robledo,6.27582,-75.59794,5,10.8,31382.113821138213,371153.8461538461,18.0,2916.0,53.648497226762125,1,1
apartamento,4500000,80.0,2,2,1,el tesoro,6.20392,-75.55397,5,16.0,46307.752975324685,855149.2240350179,40.0,6400.0,79.1642453160979,1,1
apartamento,3600000,80.0,2,2,1,patio bonito,6.2030048,-75.5748262,5,16.0,43819.79935642627,741195.3041622199,40.0,6400.0,74.91102727015866,1,1
apartamento,5000000,90.0,3,2,2,castropol,6.216158866882324,-75.56632232666016,7,12.857142857142858,48917.86962109346,739745.95924104,30.0,8100.0,83.62630406810368,1,4
apartamento,5700000,85.0,1,2,1,san lucas,6.178069114685059,-75.56542205810547,4,21.25,47354.22828936933,904097.3871733967,85.0,7225.0,80.95322066375543,1,1
apartamento,7400000,112.0,2,2,2,san lucas,6.1780524253845215,-75.56542205810547,6,18.666666666666668,47354.22828936933,904097.3871733967,56.0,12544.0,80.95322066375543,1,4
apartamento,2600000,60.0,3,2,1,el velodromo,6.255359649658203,-75.59541320800781,6,10.0,33048.78048780488,624423.9631336406,20.0,3600.0,56.497704981033166,1,1
apartamento,7200000,100.0,2,3,2,las lomas no.1,6.210826396942139,-75.56100463867188,7,14.285714285714286,42753.43481316735,816268.3823529412,50.0,10000.0,73.08805079483885,1,4
apartamento,2700000,87.0,2,2,1,la floresta,6.254532814025879,-75.60315704345703,5,17.4,27946.058091286308,552049.1803278689,43.5,7569.0,47.77447524900123,1,1
apartamento,6700000,146.0,2,3,2,los balsos no.1,6.187114238739014,-75.56001281738281,7,20.857142857142858,48115.75526148983,871145.722446916,73.0,21316.0,82.2550697961868,1,4
apartamento,7300000,106.0,2,2,2,los balsos no.1,6.186926364898682,-75.56047058105469,6,17.666666666666668,48115.75526148983,871145.722446916,53.0,11236.0,82.2550697961868,1,4
apartamento,7550000,170.0,3,4,2,el tesoro,6.204051494598389,-75.55583953857422,9,18.88888888888889,46307.752975324685,855149.2240350179,56.666666666666664,28900.0,79.1642453160979,1,4
apartamento,5200000,106.0,2,2,2,los balsos no.1,6.186925888061523,-75.56139373779297,6,17.666666666666668,48115.75526148983,871145.722446916,53.0,11236.0,82.2550697961868,1,4
apartamento,6400000,170.0,3,4,2,la florida,6.2040276527404785,-75.56429290771484,9,18.88888888888889,45025.656955191065,832086.513994911,56.666666666666664,28900.0,76.97247056272704,1,4
apartamento,6800000,130.0,3,4,2,castropol,6.2158894538879395,-75.56684112548828,9,14.444444444444445,48917.86962109346,739745.95924104,43.333333333333336,16900.0,83.62630406810368,1,4
apartamento,3200000,86.0,3,2,1,la loma de los bernal,6.216218948364258,-75.60031127929688,6,14.333333333333334,40721.08579809159,584155.2990556138,28.666666666666668,7396.0,69.61370005095546,1,1
apartamento,5500000,80.0,2,2,2,san lucas,6.183307151,-75.5646746844,6,13.333333333333334,47354.22828936933,904097.3871733967,40.0,6400.0,80.95322066375543,1,4
apartamento,3700000,67.0,2,2,1,altos del poblado,6.214538097381592,-75.55482482910156,5,13.4,58495.7928802589,930019.3704600484,33.5,4489.0,100.0,1,1
apartamento,5350000,100.0,3,3,2,villa carlota,6.220170497894287,-75.57475280761719,8,12.5,54977.83356366141,748492.5201380898,33.333333333333336,10000.0,93.98596182156422,1,4
apartamento,4150000,65.0,1,1,1,santa maria de los angeles,6.188781261444092,-75.57971954345703,3,21.666666666666668,47391.397443391514,760224.6376811594,65.0,4225.0,81.01676224887126,1,1
apartamento,6600000,89.0,2,2,1,asomadera no.2,6.220116138458252,-75.56029510498047,5,17.8,51821.74887892377,772562.6740947075,44.5,7921.0,88.59055724742987,1,1
apartamento,3600000,68.0,3,2,1,santa fe,6.221242427825928,-75.58136749267578,6,11.333333333333334,48109.58350181965,701917.4041297935,22.666666666666668,4624.0,82.24451902088094,1,1
apartamento,2950000,47.0,1,1,1,la aguacatala,6.196604251861572,-75.57518005371094,3,15.666666666666666,51442.75043487159,795490.506329114,47.0,2209.0,87.9426500640398,1,1
apartamento,3650000,72.0,3,2,1,villa carlota,6.218216896057129,-75.57360076904297,6,12.0,54977.83356366141,748492.5201380898,24.0,5184.0,93.98596182156422,1,1
apartamento,6000000,70.0,2,2,1,altos del poblado,6.2164358952,-75.5554024105,5,14.0,58495.7928802589,930019.3704600484,35.0,4900.0,100.0,1,1
apartamento,2800000,72.0,2,2,0,granada,6.230261325836182,-75.59368896484375,4,18.0,26254.6468401487,553921.568627451,36.0,5184.0,44.88296601755968,0,0
casa,4200000,165.0,3,2,0,suramericana,6.25508,-75.58394,5,33.0,26951.114922813034,661578.947368421,55.0,27225.0,46.07359537459739,0,0
apartamento,3700000,105.0,3,2,1,bolivariana,6.247507572174072,-75.59033966064453,6,17.5,37400.24554941682,658648.6486486486,35.0,11025.0,63.936641778623724,1,1
apartamento,4100000,64.0,1,2,1,alejandria,6.197247505187988,-75.56945037841797,4,16.0,48842.610337435945,852482.6560951438,64.0,4096.0,83.49764646735697,1,1
apartamento,7000000,118.0,2,3,2,el tesoro,6.202732086181641,-75.55340576171875,7,16.857142857142858,46307.752975324685,855149.2240350179,59.0,13924.0,79.1642453160979,1,4
apartamento,9700000,214.0,3,4,3,los balsos no.1,6.188110828399658,-75.55946350097656,10,21.4,48115.75526148983,871145.722446916,71.33333333333333,45796.0,82.2550697961868,1,9
apartamento,8500000,123.37,3,3,2,la florida,6.20702,-75.56558,8,15.42125,45025.656955191065,832086.513994911,41.123333333333335,15220.156900000002,76.97247056272704,1,4
apartamento,3980000,100.0,3,3,1,alejandria,6.20074,-75.569881,7,14.285714285714286,48842.610337435945,852482.6560951438,33.333333333333336,10000.0,83.49764646735697,1,1
apartamento,6000000,64.75,2,2,1,altos del poblado,6.21658,-75.55701,5,12.95,58495.7928802589,930019.3704600484,32.375,4192.5625,100.0,1,1
apartamento,1850000,60.0,2,1,0,sevilla,6.26501,-75.56395,3,20.0,25909.090909090908,475000.0,30.0,3600.0,44.292229634577154,0,0
apartamento,3300000,100.0,3,1,1,miravalle,6.23609,-75.60048,5,20.0,42041.52249134948,650892.8571428572,33.333333333333336,10000.0,71.87101913022809,1,1
apartamento,7500000,196.0,4,4,2,la florida,6.20532,-75.56646,10,19.6,45025.656955191065,832086.513994911,49.0,38416.0,76.97247056272704,1,4
apartamento,6000000,156.0,4,4,2,el tesoro,6.20358419418335,-75.56096649169922,10,15.6,46307.752975324685,855149.2240350179,39.0,24336.0,79.1642453160979,1,4
apartamento,6950000,134.0,3,4,2,alejandria,6.201954364776611,-75.5684585571289,9,14.88888888888889,48842.610337435945,852482.6560951438,44.666666666666664,17956.0,83.49764646735697,1,4
casa,7200000,340.0,4,4,2,granada,6.231464385986328,-75.59140014648438,10,34.0,26254.6468401487,553921.568627451,85.0,115600.0,44.88296601755968,1,4
apartamento,2850000,72.0,3,2,1,rosales,6.232447147369385,-75.58894348144531,6,12.0,31678.50652568974,626633.9869281045,24.0,5184.0,54.15518786203267,1,1
apartamento,6500000,103.0,2,3,2,altos del poblado,6.215419769287109,-75.55437469482422,7,14.714285714285714,58495.7928802589,930019.3704600484,51.5,10609.0,100.0,1,4
apartamento,4100000,100.0,3,2,1,santa maria de los angeles,6.190048694610596,-75.57902526855469,6,16.666666666666668,47391.397443391514,760224.6376811594,33.333333333333336,10000.0,81.01676224887126,1,1
apartamento,3500000,65.0,1,2,1,alejandria,6.1985764503479,-75.57109069824219,4,16.25,48842.610337435945,852482.6560951438,65.0,4225.0,83.49764646735697,1,1
apartamento,3700000,80.0,3,2,1,santa maria de los angeles,6.190206050872803,-75.57931518554688,6,13.333333333333334,47391.397443391514,760224.6376811594,26.666666666666668,6400.0,81.01676224887126,1,1
apartamento,7700000,159.0,3,4,3,el tesoro,6.2039570808410645,-75.5552978515625,10,15.9,46307.752975324685,855149.2240350179,53.0,25281.0,79.1642453160979,1,9
casa,9300000,322.0,4,5,2,castropol,6.215414524078369,-75.56713104248047,11,29.272727272727273,48917.86962109346,739745.95924104,80.5,103684.0,83.62630406810368,1,4
casa,9000000,250.0,3,3,2,el tesoro,6.203347682952881,-75.55573272705078,8,31.25,46307.752975324685,855149.2240350179,83.33333333333333,62500.0,79.1642453160979,1,4
casa,5500000,250.0,4,3,1,barrio cristobal,6.248537063598633,-75.60792541503906,8,31.25,27092.70927092709,578846.1538461539,62.5,62500.0,46.315654403361904,1,1
apartamento,7700000,237.0,3,4,3,castropol,6.218486785888672,-75.56706237792969,10,23.7,48917.86962109346,739745.95924104,79.0,56169.0,83.62630406810368,1,9
apartamento,3500000,65.0,1,1,1,lalinde,6.212459564208984,-75.5672378540039,3,21.666666666666668,53427.21397778484,890320.987654321,65.0,4225.0,91.33513941276176,1,1
apartamento,4200000,87.0,2,2,2,san lucas,6.184081554412842,-75.56226348876953,6,14.5,47354.22828936933,904097.3871733967,43.5,7569.0,80.95322066375543,1,4
apartamento,6650000,160.0,3,3,2,san lucas,6.179680824279785,-75.56314849853516,8,20.0,47354.22828936933,904097.3871733967,53.333333333333336,25600.0,80.95322066375543,1,4
apartamento,4700000,140.0,3,2,1,la florida,6.206615924835205,-75.56380462646484,6,23.333333333333332,45025.656955191065,832086.513994911,46.666666666666664,19600.0,76.97247056272704,1,1
apartamento,5200000,140.0,3,3,1,la florida,6.205695152282715,-75.56403350830078,7,20.0,45025.656955191065,832086.513994911,46.666666666666664,19600.0,76.97247056272704,1,1
casa,3100000,90.0,3,3,1,la mota,6.209683418273926,-75.5986099243164,7,12.857142857142858,31054.252952250557,508263.3053221289,30.0,8100.0,53.08801098878807,1,1
apartamento,4200000,84.0,3,2,1,los balsos no.2,6.195137023925781,-75.5708999633789,6,14.0,47300.9517913736,836162.823200559,28.0,7056.0,80.86214317702954,1,1
apartamento,6050000,116.0,3,2,2,santa maria de los angeles,6.190048694610596,-75.5792007446289,7,16.571428571428573,47391.397443391514,760224.6376811594,38.666666666666664,13456.0,81.01676224887126,1,4
apartamento,3600000,94.0,2,2,1,laureles,6.240597248077393,-75.59341430664062,5,18.8,37952.470484611345,680619.6840826245,47.0,8836.0,64.88068391909857,1,1
apartamento,7600000,123.0,3,3,2,altos del poblado,6.216899871826172,-75.55632781982422,8,15.375,58495.7928802589,930019.3704600484,41.0,15129.0,100.0,1,4
apartamento,4700000,120.0,3,4,2,laureles,6.24652311,-75.59712845,9,13.333333333333334,37952.470484611345,680619.6840826245,40.0,14400.0,64.88068391909857,1,4
casa,7000000,290.0,4,3,1,los pinos,6.25236,-75.59723,8,36.25,28607.27728983689,814285.7142857143,72.5,84100.0,48.90484576967115,1,1
apartamento,7500000,130.0,2,4,2,el tesoro,6.20083193,-75.55141244,8,16.25,46307.752975324685,855149.2240350179,65.0,16900.0,79.1642453160979,1,4
apartamento,4500000,85.0,2,3,2,villa carlota,6.22205,-75.57366,7,12.142857142857142,54977.83356366141,748492.5201380898,42.5,7225.0,93.98596182156422,1,4
apartamento,6000000,120.0,3,3,2,villa carlota,6.21799,-75.57433,8,15.0,54977.83356366141,748492.5201380898,40.0,14400.0,93.98596182156422,1,4
apartamento,2500000,60.0,3,2,0,altavista,6.2197040959,-75.6085634249,5,12.0,27468.581687612208,463636.36363636365,20.0,3600.0,46.958217565903404,0,0
apartamento,2600000,54.0,2,2,0,san diego,6.23546,-75.5686,4,13.5,47227.322103995706,654899.8185117968,27.0,2916.0,80.73627141129654,0,0
apartamento,8800000,113.0,3,4,2,los naranjos,6.193474292755127,-75.55982971191406,9,12.555555555555555,49565.6761295771,827000.8873114464,37.666666666666664,12769.0,84.733745264447,1,4
apartamento,4900000,100.0,2,2,2,los naranjos,6.1952223777771,-75.55766296386719,6,16.666666666666668,49565.6761295771,827000.8873114464,50.0,10000.0,84.733745264447,1,4
apartamento,5300000,100.0,2,2,1,alejandria,6.200577259063721,-75.56989288330078,5,20.0,48842.610337435945,852482.6560951438,50.0,10000.0,83.49764646735697,1,1
apartamento,2950000,54.0,1,2,1,patio bonito,6.204209804534912,-75.57378387451172,4,13.5,43819.79935642627,741195.3041622199,54.0,2916.0,74.91102727015866,1,1
apartamento,8400000,117.0,3,2,2,los naranjos,6.1944727583,-75.5589821329,7,16.714285714285715,49565.6761295771,827000.8873114464,39.0,13689.0,84.733745264447,1,4
apartamento,3300000,68.0,2,2,1,santa fe,6.2213850021362305,-75.58198547363281,5,13.6,48109.58350181965,701917.4041297935,34.0,4624.0,82.24451902088094,1,1
apartamento,3350000,78.0,3,2,1,la mota,6.210890293121338,-75.59989929199219,6,13.0,31054.252952250557,508263.3053221289,26.0,6084.0,53.08801098878807,1,1
apartamento,5100000,120.0,3,2,2,santa maria de los angeles,6.189105033874512,-75.57966613769531,7,17.142857142857142,47391.397443391514,760224.6376811594,40.0,14400.0,81.01676224887126,1,4
apartamento,2600000,78.0,3,2,1,asomadera no.1,6.225736141204834,-75.56065368652344,6,13.0,48571.57944764218,665557.1635311143,26.0,6084.0,83.03431247964855,1,1
apartamento,2950000,90.0,2,3,1,la castellana,6.239984035491943,-75.60546875,6,15.0,32305.993690851734,627000.0,45.0,8100.0,55.22789264004374,1,1
apartamento,3400000,101.0,3,3,1,miravalle,6.2345709800720215,-75.599853515625,7,14.428571428571429,42041.52249134948,650892.8571428572,33.666666666666664,10201.0,71.87101913022809,1,1
casa,4700000,147.0,4,2,1,estadio,6.258180618286133,-75.59220123291016,7,21.0,28935.940737376888,589306.3583815029,36.75,21609.0,49.466704035636994,1,1
apartamento,5600000,125.0,3,3,2,castropol,6.2151947021484375,-75.56585693359375,8,15.625,48917.86962109346,739745.95924104,41.666666666666664,15625.0,83.62630406810368,1,4
apartamento,4350000,70.0,2,2,1,el diamante no.2,6.1844706535339355,-75.57243347167969,5,14.0,43639.65496971377,774744.3419949707,35.0,4900.0,74.60306600005285,1,1
apartamento,3450000,100.0,3,2,1,las acacias,6.241544246673584,-75.60011291503906,6,16.666666666666668,34935.06493506493,672500.0,33.333333333333336,10000.0,59.7223547453697,1,1
apartamento,5200000,100.0,2,2,2,el tesoro,6.2064528465271,-75.55963897705078,6,16.666666666666668,46307.752975324685,855149.2240350179,50.0,10000.0,79.1642453160979,1,4
apartamento,9800000,189.0,4,3,1,la florida,6.207563877105713,-75.55925750732422,8,23.625,45025.656955191065,832086.513994911,47.25,35721.0,76.97247056272704,1,1
apartamento,7200000,133.0,3,4,2,la florida,6.202153205871582,-75.56844329833984,9,14.777777777777779,45025.656955191065,832086.513994911,44.333333333333336,17689.0,76.97247056272704,1,4
apartamento,4050000,86.0,3,2,1,santa maria de los angeles,6.190030097961426,-75.58019256591797,6,14.333333333333334,47391.397443391514,760224.6376811594,28.666666666666668,7396.0,81.01676224887126,1,1
apartamento,3250000,63.0,1,2,1,santa maria de los angeles,6.189105033874512,-75.57966613769531,4,15.75,47391.397443391514,760224.6376811594,63.0,3969.0,81.01676224887126,1,1
apartamento,3150000,64.0,2,2,1,san diego,6.233372688293457,-75.5699462890625,5,12.8,47227.322103995706,654899.8185117968,32.0,4096.0,80.73627141129654,1,1
apartamento,6200000,156.0,3,3,2,el tesoro,6.204051494598389,-75.55583953857422,8,19.5,46307.752975324685,855149.2240350179,52.0,24336.0,79.1642453160979,1,4
apartamento,4000000,133.3,3,2,2,las lomas no.1,6.21209,-75.55933,7,19.042857142857144,42753.43481316735,816268.3823529412,44.43333333333334,17768.890000000003,73.08805079483885,1,4
apartamento,7500000,190.0,2,3,2,la florida,6.20325,-75.57032,7,27.142857142857142,45025.656955191065,832086.513994911,95.0,36100.0,76.97247056272704,1,4
apartamento,2600000,75.0,2,2,1,la gloria,6.22204,-75.60639,5,15.0,34291.07710077967,552325.5813953489,37.5,5625.0,58.62144166670863,1,1
apartamento,1300000,50.0,2,1,0,palenque,6.27908,-75.59538,3,16.666666666666668,40259.74025974026,620000.0,25.0,2500.0,68.82501847979408,0,0
apartamento,2800000,110.0,2,3,2,la florida,6.204085826873779,-75.56657409667969,7,15.714285714285714,45025.656955191065,832086.513994911,55.0,12100.0,76.97247056272704,1,4
apartamento,7500000,116.0,3,3,2,santa maria de los angeles,6.191622734069824,-75.57670593261719,8,14.5,47391.397443391514,760224.6376811594,38.666666666666664,13456.0,81.01676224887126,1,4
apartamento,6300000,115.0,2,2,2,el tesoro,6.204042434692383,-75.55555725097656,6,19.166666666666668,46307.752975324685,855149.2240350179,57.5,13225.0,79.1642453160979,1,4
apartamento,7200000,114.0,3,4,2,santa maria de los angeles,6.186628341674805,-75.57970428466797,9,12.666666666666666,47391.397443391514,760224.6376811594,38.0,12996.0,81.01676224887126,1,4
apartamento,5700000,100.0,3,2,1,santa maria de los angeles,6.190464973449707,-75.5826644897461,6,16.666666666666668,47391.397443391514,760224.6376811594,33.333333333333336,10000.0,81.01676224887126,1,1
apartamento,3250000,84.0,2,2,1,las acacias,6.240963935852051,-75.60116577148438,5,16.8,34935.06493506493,672500.0,42.0,7056.0,59.7223547453697,1,1
apartamento,3850000,52.0,1,2,1,villa carlota,6.217075347900391,-75.5740966796875,4,13.0,54977.83356366141,748492.5201380898,52.0,2704.0,93.98596182156422,1,1
apartamento,8500000,140.0,3,4,2,la florida,6.203983306884766,-75.56324768066406,9,15.555555555555555,45025.656955191065,832086.513994911,46.666666666666664,19600.0,76.97247056272704,1,4
casa,9700000,300.0,3,4,1,el tesoro,6.2064528465271,-75.55963897705078,8,37.5,46307.752975324685,855149.2240350179,100.0,90000.0,79.1642453160979,1,1
apartamento,3150000,61.0,3,2,1,villa carlota,6.218269348144531,-75.57412719726562,6,10.166666666666666,54977.83356366141,748492.5201380898,20.333333333333332,3721.0,93.98596182156422,1,1
casa,3500000,140.0,3,2,0,la castellana,6.238236427307129,-75.60475158691406,5,28.0,32305.993690851734,627000.0,46.666666666666664,19600.0,55.22789264004374,0,0
apartamento,4600000,74.0,3,2,1,altos del poblado,6.213791370391846,-75.55433654785156,6,12.333333333333334,58495.7928802589,930019.3704600484,24.666666666666668,5476.0,100.0,1,1
apartamento,3250000,46.0,1,2,1,las lomas no.1,6.2108049392700195,-75.56102752685547,4,11.5,42753.43481316735,816268.3823529412,46.0,2116.0,73.08805079483885,1,1
apartamento,7000000,127.0,3,4,2,castropol,6.2151947021484375,-75.56585693359375,9,14.11111111111111,48917.86962109346,739745.95924104,42.333333333333336,16129.0,83.62630406810368,1,4
apartamento,2300000,140.0,5,3,0,la america,6.24938,-75.60548,8,17.5,26048.171275646742,423188.40579710144,28.0,19600.0,44.529990949891804,0,0
apartamento,3500000,72.0,3,2,1,alejandria,6.201523780822754,-75.57217407226562,6,12.0,48842.610337435945,852482.6560951438,24.0,5184.0,83.49764646735697,1,1
apartamento,3950000,58.0,2,2,1,villa carlota,6.218235969543457,-75.57379150390625,5,11.6,54977.83356366141,748492.5201380898,29.0,3364.0,93.98596182156422,1,1
casa,7400000,244.0,4,4,3,el tesoro,6.204230308532715,-75.55294799804688,11,22.181818181818183,46307.752975324685,855149.2240350179,61.0,59536.0,79.1642453160979,1,9
apartamento,3200000,190.0,3,4,2,astorga,6.208789348602295,-75.57371520996094,9,21.11111111111111,38915.5662264906,771825.3968253968,63.333333333333336,36100.0,66.52711983261925,1,4
apartamento,3100000,70.0,2,2,1,castropol,6.2158894538879395,-75.56684112548828,5,14.0,48917.86962109346,739745.95924104,35.0,4900.0,83.62630406810368,1,1
apartamento,2850000,57.0,2,1,1,los naranjos,6.197045803070068,-75.56517028808594,4,14.25,49565.6761295771,827000.8873114464,28.5,3249.0,84.733745264447,1,1
apartamento,4100000,108.0,3,2,2,los balsos no.2,6.194098949432373,-75.56954193115234,7,15.428571428571429,47300.9517913736,836162.823200559,36.0,11664.0,80.86214317702954,1,4
apartamento,4000000,67.0,1,2,1,los balsos no.1,6.191534996032715,-75.56587982177734,4,16.75,48115.75526148983,871145.722446916,67.0,4489.0,82.2550697961868,1,1
apartamento,4000000,78.0,2,2,1,alejandria,6.199948787689209,-75.56999206542969,5,15.6,48842.610337435945,852482.6560951438,39.0,6084.0,83.49764646735697,1,1
apartamento,3550000,72.0,2,2,1,villa carlota,6.222380638122559,-75.57136535644531,5,14.4,54977.83356366141,748492.5201380898,36.0,5184.0,93.98596182156422,1,1
apartamento,8000000,120.0,2,2,2,santa maria de los angeles,6.1889725409,-75.5798863885,6,20.0,47391.397443391514,760224.6376811594,60.0,14400.0,81.01676224887126,1,4
apartamento,7800000,147.0,2,3,2,los naranjos,6.199004173278809,-75.55937194824219,7,21.0,49565.6761295771,827000.8873114464,73.5,21609.0,84.733745264447,1,4
apartamento,5750000,105.0,2,2,1,los balsos no.1,6.187114238739014,-75.56001281738281,5,21.0,48115.75526148983,871145.722446916,52.5,11025.0,82.2550697961868,1,1
apartamento,3400000,66.19,2,2,0,castropol,6.2188542082,-75.5677157741,4,16.5475,48917.86962109346,739745.95924104,33.095,4381.116099999999,83.62630406810368,0,0
casa,8500000,160.0,5,3,0,miravalle,6.23543,-75.60095,8,20.0,42041.52249134948,650892.8571428572,32.0,25600.0,71.87101913022809,0,0
apartamento,2000000,55.0,2,2,0,boston,6.24586,-75.56137,4,13.75,28429.680759275238,599090.9090909091,27.5,3025.0,48.60124012246641,0,0
apartamento,5500000,70.0,2,1,0,laureles,6.24706,-75.59639,3,23.333333333333332,37952.470484611345,680619.6840826245,35.0,4900.0,64.88068391909857,0,0
apartamento,4700000,116.0,3,3,2,la florida,6.206431865692139,-75.56341552734375,8,14.5,45025.656955191065,832086.513994911,38.666666666666664,13456.0,76.97247056272704,1,4
apartamento,5200000,94.0,2,2,2,los balsos no.2,6.195743083953857,-75.56614685058594,6,15.666666666666666,47300.9517913736,836162.823200559,47.0,8836.0,80.86214317702954,1,4
apartamento,3300000,75.0,3,2,1,la loma de los bernal,6.217579364776611,-75.60416412353516,6,12.5,40721.08579809159,584155.2990556138,25.0,5625.0,69.61370005095546,1,1
apartamento,4950000,126.0,3,2,1,el diamante no.2,6.182539463043213,-75.5722885131836,6,21.0,43639.65496971377,774744.3419949707,42.0,15876.0,74.60306600005285,1,1
apartamento,3800000,86.0,3,2,1,ferrini,6.268284797668457,-75.59685516357422,6,14.333333333333334,34752.10477081384,530714.2857142857,28.666666666666668,7396.0,59.40957983414555,1,1
casa,3950000,190.0,3,3,2,la loma de los bernal,6.217737674713135,-75.60385131835938,8,23.75,40721.08579809159,584155.2990556138,63.333333333333336,36100.0,69.61370005095546,1,4
apartamento,3300000,59.0,1,1,1,el tesoro,6.202823162078857,-75.55668640136719,3,19.666666666666668,46307.752975324685,855149.2240350179,59.0,3481.0,79.1642453160979,1,1
apartamento,3100000,56.0,1,2,1,patio bonito,6.203550815582275,-75.57388305664062,4,14.0,43819.79935642627,741195.3041622199,56.0,3136.0,74.91102727015866,1,1
apartamento,3700000,78.0,3,2,2,alejandria,6.199612140655518,-75.56756591796875,7,11.142857142857142,48842.610337435945,852482.6560951438,26.0,6084.0,83.49764646735697,1,4
apartamento,9300000,165.0,3,4,3,el tesoro,6.203347682952881,-75.55573272705078,10,16.5,46307.752975324685,855149.2240350179,55.0,27225.0,79.1642453160979,1,9
apartamento,3450000,160.0,3,3,1,castropol,6.216533660888672,-75.56967163085938,7,22.857142857142858,48917.86962109346,739745.95924104,53.333333333333336,25600.0,83.62630406810368,1,1
apartamento,6800000,128.0,3,3,2,el tesoro,6.203347682952881,-75.55573272705078,8,16.0,46307.752975324685,855149.2240350179,42.666666666666664,16384.0,79.1642453160979,1,4
apartamento,3500000,84.0,2,2,2,los balsos no.1,6.186577796936035,-75.5617446899414,6,14.0,48115.75526148983,871145.722446916,42.0,7056.0,82.2550697961868,1,4
apartamento,8700000,100.0,2,3,2,castropol,6.216135025024414,-75.56685638427734,7,14.285714285714286,48917.86962109346,739745.95924104,50.0,10000.0,83.62630406810368,1,4
apartamento,6300000,133.0,2,3,2,los balsos no.1,6.186973571777344,-75.56109619140625,7,19.0,48115.75526148983,871145.722446916,66.5,17689.0,82.2550697961868,1,4
apartamento,6700000,96.0,2,3,2,alejandria,6.197247505187988,-75.56945037841797,7,13.714285714285714,48842.610337435945,852482.6560951438,48.0,9216.0,83.49764646735697,1,4
apartamento,3700000,80.0,3,2,1,la loma de los bernal,6.217527389526367,-75.60253143310547,6,13.333333333333334,40721.08579809159,584155.2990556138,26.666666666666668,6400.0,69.61370005095546,1,1
apartamento,8200000,177.0,3,4,3,lalinde,6.2132792472839355,-75.56483459472656,10,17.7,53427.21397778484,890320.987654321,59.0,31329.0,91.33513941276176,1,9
apartamento,6500000,134.0,3,3,2,el tesoro,6.2050275802612305,-75.55426025390625,8,16.75,46307.752975324685,855149.2240350179,44.666666666666664,17956.0,79.1642453160979,1,4
apartamento,3000000,59.0,1,2,1,el tesoro,6.2005486488342285,-75.55818939208984,4,14.75,46307.752975324685,855149.2240350179,59.0,3481.0,79.1642453160979,1,1
apartamento,3300000,155.0,3,2,1,laureles,6.239884853363037,-75.59781646728516,6,25.833333333333332,37952.470484611345,680619.6840826245,51.666666666666664,24025.0,64.88068391909857,1,1
apartamento,4650000,70.0,1,2,1,patio bonito,6.2056732177734375,-75.57352447509766,4,17.5,43819.79935642627,741195.3041622199,70.0,4900.0,74.91102727015866,1,1
apartamento,5650000,94.0,2,2,2,castropol,6.2251482009887695,-75.56725311279297,6,15.666666666666666,48917.86962109346,739745.95924104,47.0,8836.0,83.62630406810368,1,4
apartamento,5500000,103.0,3,2,1,castropol,6.216041564941406,-75.56681060791016,6,17.166666666666668,48917.86962109346,739745.95924104,34.333333333333336,10609.0,83.62630406810368,1,1
casa,3800000,400.0,4,2,1,la palma,6.23001,-75.60277,7,57.142857142857146,30263.43970871707,611688.3116883116,100.0,160000.0,51.73609625339456,1,1
apartamento,4300000,76.0,1,2,1,los balsos no.2,6.197088241577148,-75.5694808959961,4,19.0,47300.9517913736,836162.823200559,76.0,5776.0,80.86214317702954,1,1
apartamento,2750000,85.0,2,2,1,las acacias,6.239671230316162,-75.59888458251953,5,17.0,34935.06493506493,672500.0,42.5,7225.0,59.7223547453697,1,1
apartamento,5000000,63.0,1,2,1,alejandria,6.199870586395264,-75.56961059570312,4,15.75,48842.610337435945,852482.6560951438,63.0,3969.0,83.49764646735697,1,1
apartamento,6700000,96.0,2,3,2,alejandria,6.197247505187988,-75.56945037841797,7,13.714285714285714,48842.610337435945,852482.6560951438,48.0,9216.0,83.49764646735697,1,4
apartamento,3500000,75.0,3,5,0,trinidad,6.2288684,-75.5831828,8,9.375,34098.360655737706,472727.2727272727,25.0,5625.0,58.291988152955156,0,0
casa,7000000,150.0,2,2,1,campo amor,6.212906,-75.583814,5,30.0,41497.65990639626,782352.9411764706,75.0,22500.0,70.94127263364413,1,1
apartamento,7500000,180.0,3,4,2,san joaquin,6.247487,-75.587671,9,20.0,32753.58855757907,569436.2017804154,60.0,32400.0,55.9930670990746,1,4
apartamento,6500000,169.0,3,3,2,el poblado,6.2091,-75.56765,8,21.125,51331.92389006342,930592.3344947735,56.333333333333336,28561.0,87.7531893535319,1,4
apartamento,2000000,100.0,3,2,0,el rincon,6.21104,-75.60341,5,20.0,35361.216730038024,498214.28571428574,33.333333333333336,10000.0,60.45087174461001,0,0
apartamento,2400000,70.0,2,2,1,las palmas,6.24022,-75.56579,5,14.0,44135.83717530642,781094.527363184,35.0,4900.0,75.45130171267638,1,1
apartamento,6490000,86.0,2,3,1,villa carlota,6.222003936767578,-75.5722885131836,6,14.333333333333334,54977.83356366141,748492.5201380898,43.0,7396.0,93.98596182156422,1,1
apartamento,9700000,240.0,3,3,2,los balsos no.1,6.187241554260254,-75.55888366699219,8,30.0,48115.75526148983,871145.722446916,80.0,57600.0,82.2550697961868,1,4
apartamento,3350000,78.0,3,2,1,santa maria de los angeles,6.190939426422119,-75.5804214477539,6,13.0,47391.397443391514,760224.6376811594,26.0,6084.0,81.01676224887126,1,1
apartamento,2950000,63.0,3,2,1,san joaquin,6.2469482421875,-75.58496856689453,6,10.5,32753.58855757907,569436.2017804154,21.0,3969.0,55.9930670990746,1,1
apartamento,8800000,210.0,3,4,2,los balsos no.1,6.188079833984375,-75.55982208251953,9,23.333333333333332,48115.75526148983,871145.722446916,70.0,44100.0,82.2550697961868,1,4
apartamento,7100000,113.0,2,3,2,altos del poblado,6.215999603271484,-75.5550537109375,7,16.142857142857142,58495.7928802589,930019.3704600484,56.5,12769.0,100.0,1,4
apartamento,7500000,220.0,3,4,2,los balsos no.2,6.195743083953857,-75.56614685058594,9,24.444444444444443,47300.9517913736,836162.823200559,73.33333333333333,48400.0,80.86214317702954,1,4
apartamento,5100000,90.0,3,2,1,villa carlota,6.2201690673828125,-75.5747299194336,6,15.0,54977.83356366141,748492.5201380898,30.0,8100.0,93.98596182156422,1,1
apartamento,5150000,80.0,2,2,2,el diamante no.2,6.183094024658203,-75.57190704345703,6,13.333333333333334,43639.65496971377,774744.3419949707,40.0,6400.0,74.60306600005285,1,4
apartamento,5450000,117.0,4,4,1,altos del poblado,6.2130446434021,-75.55469512939453,9,13.0,58495.7928802589,930019.3704600484,29.25,13689.0,100.0,1,1
apartamento,7250000,133.0,3,3,2,los balsos no.1,6.186973571777344,-75.56109619140625,8,16.625,48115.75526148983,871145.722446916,44.333333333333336,17689.0,82.2550697961868,1,4
apartamento,5200000,88.0,1,3,2,los balsos no.1,6.188101291656494,-75.559814453125,6,14.666666666666666,48115.75526148983,871145.722446916,88.0,7744.0,82.2550697961868,1,4
casa,3300000,113.0,3,4,1,asomadera no.1,6.225736141204834,-75.56065368652344,8,14.125,48571.57944764218,665557.1635311143,37.666666666666664,12769.0,83.03431247964855,1,1
apartamento,3700000,220.0,3,4,2,el tesoro,6.202886581420898,-75.55498504638672,9,24.444444444444443,46307.752975324685,855149.2240350179,73.33333333333333,48400.0,79.1642453160979,1,4
apartamento,9200000,102.0,2,3,2,lalinde,6.212133884429932,-75.56751251220703,7,14.571428571428571,53427.21397778484,890320.987654321,51.0,10404.0,91.33513941276176,1,4
apartamento,4400000,150.0,3,3,2,laureles,6.243978500366211,-75.59589385986328,8,18.75,37952.470484611345,680619.6840826245,50.0,22500.0,64.88068391909857,1,4
apartamento,4900000,114.0,3,2,4,el tesoro,6.2028350830078125,-75.55504608154297,9,12.666666666666666,46307.752975324685,855149.2240350179,38.0,12996.0,79.1642453160979,1,16
apartamento,2000000,50.0,2,1,0,el velodromo,6.252945423126221,-75.5949935913086,3,16.666666666666668,33048.78048780488,624423.9631336406,25.0,2500.0,56.497704981033166,0,0
apartamento,3750000,72.0,2,2,1,patio bonito,6.206048011779785,-75.57542419433594,5,14.4,43819.79935642627,741195.3041622199,36.0,5184.0,74.91102727015866,1,1
apartamento,7700000,146.0,3,4,3,castropol,6.218486785888672,-75.56706237792969,10,14.6,48917.86962109346,739745.95924104,48.666666666666664,21316.0,83.62630406810368,1,9
apartamento,4850000,107.0,3,2,2,los naranjos,6.1920647621154785,-75.55923461914062,7,15.285714285714286,49565.6761295771,827000.8873114464,35.666666666666664,11449.0,84.733745264447,1,4
apartamento,3550000,83.0,3,2,1,la loma de los bernal,6.219188213348389,-75.60374450683594,6,13.833333333333334,40721.08579809159,584155.2990556138,27.666666666666668,6889.0,69.61370005095546,1,1
apartamento,3100000,98.0,3,2,2,laureles,6.242875099182129,-75.59549713134766,7,14.0,37952.470484611345,680619.6840826245,32.666666666666664,9604.0,64.88068391909857,1,4
apartamento,6200000,154.0,3,3,2,el diamante no.2,6.183230400085449,-75.5716552734375,8,19.25,43639.65496971377,774744.3419949707,51.333333333333336,23716.0,74.60306600005285,1,4
apartamento,8500000,100.0,2,2,2,san lucas,6.178069114685059,-75.56542205810547,6,16.666666666666668,47354.22828936933,904097.3871733967,50.0,10000.0,80.95322066375543,1,4
apartamento,7950000,239.0,3,3,2,patio bonito,6.2032575607299805,-75.57283020019531,8,29.875,43819.79935642627,741195.3041622199,79.66666666666667,57121.0,74.91102727015866,1,4
apartamento,4000000,63.0,1,2,1,alejandria,6.200913429260254,-75.56626892089844,4,15.75,48842.610337435945,852482.6560951438,63.0,3969.0,83.49764646735697,1,1
apartamento,3800000,70.0,3,2,1,los conquistadores,6.24362266,-75.58265778,6,11.666666666666666,30995.98034836981,625225.2252252252,23.333333333333332,4900.0,52.98839253588492,1,1
apartamento,3800000,111.0,3,2,1,astorga,6.2101595464,-75.5716359615,6,18.5,38915.5662264906,771825.3968253968,37.0,12321.0,66.52711983261925,1,1
apartamento,5500000,75.0,2,3,1,lalinde,6.21289,-75.56894,6,12.5,53427.21397778484,890320.987654321,37.5,5625.0,91.33513941276176,1,1
casa,3000000,80.0,3,2,0,calasanz,6.263682,-75.59849,5,16.0,32548.10882548109,537043.795620438,26.666666666666668,6400.0,55.64179443145114,0,0
apartamento,2900000,75.0,3,2,1,bosques de san pablo,6.27538,-75.58172,6,12.5,36040.609137055835,473333.3333333333,25.0,5625.0,61.61230981317083,1,1
apartamento,6500000,137.0,3,3,2,la florida,6.20712,-75.56169,8,17.125,45025.656955191065,832086.513994911,45.666666666666664,18769.0,76.97247056272704,1,4
apartamento,5300000,170.0,2,3,2,los conquistadores,6.24024,-75.58178,7,24.285714285714285,30995.98034836981,625225.2252252252,85.0,28900.0,52.98839253588492,1,4
apartamento,6400000,91.0,2,2,2,el tesoro,6.20493,-75.55091,6,15.166666666666666,46307.752975324685,855149.2240350179,45.5,8281.0,79.1642453160979,1,4
apartamento,3100000,63.0,3,2,1,castropol,6.21714,-75.56619,6,10.5,48917.86962109346,739745.95924104,21.0,3969.0,83.62630406810368,1,1
apartamento,4300000,90.0,2,2,1,los balsos no.2,6.195840358734131,-75.57096862792969,5,18.0,47300.9517913736,836162.823200559,45.0,8100.0,80.86214317702954,1,1
apartamento,5000000,109.0,3,4,2,castropol,6.216728210449219,-75.56562042236328,9,12.11111111111111,48917.86962109346,739745.95924104,36.333333333333336,11881.0,83.62630406810368,1,4
apartamento,3950000,87.0,3,2,1,la aguacatala,6.19698429107666,-75.57559204101562,6,14.5,51442.75043487159,795490.506329114,29.0,7569.0,87.9426500640398,1,1
apartamento,3950000,104.0,3,3,2,los colores,6.2653913497924805,-75.59236145019531,8,13.0,34639.764996907856,599064.1711229946,34.666666666666664,10816.0,59.21753222118996,1,4
apartamento,2800000,127.0,3,3,2,el tesoro,6.204956531524658,-75.55992889404297,8,15.875,46307.752975324685,855149.2240350179,42.333333333333336,16129.0,79.1642453160979,1,4
apartamento,5600000,74.0,2,2,1,asomadera no.2,6.218166828155518,-75.56145477294922,5,14.8,51821.74887892377,772562.6740947075,37.0,5476.0,88.59055724742987,1,1
apartamento,3500000,100.0,2,2,2,los balsos no.1,6.192847728729248,-75.56182098388672,6,16.666666666666668,48115.75526148983,871145.722446916,50.0,10000.0,82.2550697961868,1,4
apartamento,3350000,71.0,3,2,1,castropol,6.216109752655029,-75.56694793701172,6,11.833333333333334,48917.86962109346,739745.95924104,23.666666666666668,5041.0,83.62630406810368,1,1
apartamento,4700000,88.0,2,2,1,la florida,6.206676483154297,-75.56338500976562,5,17.6,45025.656955191065,832086.513994911,44.0,7744.0,76.97247056272704,1,1
apartamento,3350000,72.0,1,2,1,el tesoro,6.2005486488342285,-75.55818939208984,4,18.0,46307.752975324685,855149.2240350179,72.0,5184.0,79.1642453160979,1,1
apartamento,7650000,125.0,3,4,2,la florida,6.202976226806641,-75.56718444824219,9,13.88888888888889,45025.656955191065,832086.513994911,41.666666666666664,15625.0,76.97247056272704,1,4
apartamento,6800000,125.0,3,4,2,las lomas no.1,6.215233325958252,-75.5632553100586,9,13.88888888888889,42753.43481316735,816268.3823529412,41.666666666666664,15625.0,73.08805079483885,1,4
apartamento,3000000,72.0,3,2,1,castropol,6.216109752655029,-75.56694793701172,6,12.0,48917.86962109346,739745.95924104,24.0,5184.0,83.62630406810368,1,1
apartamento,3800000,164.0,5,3,1,simon bolivar,6.245184421539307,-75.60428619384766,9,18.22222222222222,28965.474716228782,659298.245614035,32.8,26896.0,49.51719310057257,1,1
apartamento,3600000,69.0,2,2,1,asomadera no.1,6.22565221786499,-75.56111907958984,5,13.8,48571.57944764218,665557.1635311143,34.5,4761.0,83.03431247964855,1,1
apartamento,8400000,340.0,3,4,3,el diamante no.2,6.184192657470703,-75.572265625,10,34.0,43639.65496971377,774744.3419949707,113.33333333333333,115600.0,74.60306600005285,1,9
apartamento,5700000,125.0,3,3,1,lalinde,6.212890625,-75.56771850585938,7,17.857142857142858,53427.21397778484,890320.987654321,41.666666666666664,15625.0,91.33513941276176,1,1
apartamento,4100000,137.0,4,3,1,los conquistadores,6.242410659790039,-75.58174896240234,8,17.125,30995.98034836981,625225.2252252252,34.25,18769.0,52.98839253588492,1,1
apartamento,2300000,60.0,2,2,1,la hondonada,6.201869487762451,-75.60250854492188,5,12.0,35058.243727598565,399234.693877551,30.0,3600.0,59.93293192787884,1,1
apartamento,3950000,79.0,2,2,1,el tesoro,6.202211856842041,-75.55608367919922,5,15.8,46307.752975324685,855149.2240350179,39.5,6241.0,79.1642453160979,1,1
apartamento,3650000,48.0,1,2,1,villa carlota,6.218197822570801,-75.57340240478516,4,12.0,54977.83356366141,748492.5201380898,48.0,2304.0,93.98596182156422,1,1
apartamento,5650000,90.0,2,2,1,alejandria,6.200799942016602,-75.56988525390625,5,18.0,48842.610337435945,852482.6560951438,45.0,8100.0,83.49764646735697,1,1
apartamento,4500000,74.0,2,2,1,asomadera no.2,6.218166828155518,-75.56145477294922,5,14.8,51821.74887892377,772562.6740947075,37.0,5476.0,88.59055724742987,1,1
apartamento,3600000,63.0,3,2,1,san diego,6.233372688293457,-75.5699462890625,6,10.5,47227.322103995706,654899.8185117968,21.0,3969.0,80.73627141129654,1,1
apartamento,6100000,102.0,2,2,2,altos del poblado,6.213318347930908,-75.55414581298828,6,17.0,58495.7928802589,930019.3704600484,51.0,10404.0,100.0,1,4
apartamento,2500000,60.0,3,2,1,asomadera no.1,6.225736141204834,-75.56065368652344,6,10.0,48571.57944764218,665557.1635311143,20.0,3600.0,83.03431247964855,1,1
apartamento,4200000,100.0,3,2,1,castropol,6.218486785888672,-75.56706237792969,6,16.666666666666668,48917.86962109346,739745.95924104,33.333333333333336,10000.0,83.62630406810368,1,1
apartamento,6900000,120.0,3,3,2,la florida,6.20327091217041,-75.56565856933594,8,15.0,45025.656955191065,832086.513994911,40.0,14400.0,76.97247056272704,1,4
apartamento,5150000,115.0,3,2,2,santa maria de los angeles,6.190855503082275,-75.57855987548828,7,16.428571428571427,47391.397443391514,760224.6376811594,38.333333333333336,13225.0,81.01676224887126,1,4
apartamento,3550000,61.0,3,2,1,la loma de los bernal,6.219292640686035,-75.60274505615234,6,10.166666666666666,40721.08579809159,584155.2990556138,20.333333333333332,3721.0,69.61370005095546,1,1
apartamento,3050000,41.0,1,1,1,villa carlota,6.221945762634277,-75.57394409179688,3,13.666666666666666,54977.83356366141,748492.5201380898,41.0,1681.0,93.98596182156422,1,1
apartamento,7350000,176.0,3,4,2,santa maria de los angeles,6.190206050872803,-75.57931518554688,9,19.555555555555557,47391.397443391514,760224.6376811594,58.666666666666664,30976.0,81.01676224887126,1,4
apartamento,7200000,88.0,2,2,1,la florida,6.206332206726074,-75.56346893310547,5,17.6,45025.656955191065,832086.513994911,44.0,7744.0,76.97247056272704,1,1
apartamento,4150000,76.0,2,2,1,astorga,6.2082414627075195,-75.57292938232422,5,15.2,38915.5662264906,771825.3968253968,38.0,5776.0,66.52711983261925,1,1
apartamento,5800000,150.0,4,3,1,altos del poblado,6.2152409,-75.5553251,8,18.75,58495.7928802589,930019.3704600484,37.5,22500.0,100.0,1,1
apartamento,3300000,76.0,3,3,1,asomadera no.1,6.225461,-75.561049,7,10.857142857142858,48571.57944764218,665557.1635311143,25.333333333333332,5776.0,83.03431247964855,1,1
apartamento,5000000,100.0,2,2,1,el tesoro,6.20519598,-75.55940185,5,20.0,46307.752975324685,855149.2240350179,50.0,10000.0,79.1642453160979,1,1
apartamento,3200000,100.0,2,2,1,asomadera no.1,6.22951,-75.5637,5,20.0,48571.57944764218,665557.1635311143,50.0,10000.0,83.03431247964855,1,1
apartamento,4000000,86.0,3,2,1,los naranjos,6.1923113414,-75.5597655422,6,14.333333333333334,49565.6761295771,827000.8873114464,28.666666666666668,7396.0,84.733745264447,1,1
apartamento,5300000,100.0,2,3,2,lalinde,6.2127461433410645,-75.56774139404297,7,14.285714285714286,53427.21397778484,890320.987654321,50.0,10000.0,91.33513941276176,1,4
apartamento,7500000,94.0,3,3,2,asomadera no.2,6.22429,-75.56199,8,11.75,51821.74887892377,772562.6740947075,31.333333333333332,8836.0,88.59055724742987,1,4
apartamento,3200000,65.0,2,1,1,san diego,6.23355,-75.56894,4,16.25,47227.322103995706,654899.8185117968,32.5,4225.0,80.73627141129654,1,1
apartamento,9400000,250.0,5,5,1,la aguacatala,6.197157382965088,-75.57756805419922,11,22.727272727272727,51442.75043487159,795490.506329114,50.0,62500.0,87.9426500640398,1,1
apartamento,5650000,179.0,3,4,2,san lucas,6.180486679077148,-75.5669937133789,9,19.88888888888889,47354.22828936933,904097.3871733967,59.666666666666664,32041.0,80.95322066375543,1,4
casa,4300000,267.0,3,4,2,alejandria,6.198394298553467,-75.56937408447266,9,29.666666666666668,48842.610337435945,852482.6560951438,89.0,71289.0,83.49764646735697,1,4
apartamento,2500000,90.0,3,2,0,las violetas,6.2325239181518555,-75.60969543457031,5,18.0,27777.777777777777,500000.0,30.0,8100.0,47.48679590451742,0,0
apartamento,3350000,73.0,2,1,1,laureles,6.24623441696167,-75.59576416015625,4,18.25,37952.470484611345,680619.6840826245,36.5,5329.0,64.88068391909857,1,1
apartamento,7800000,125.0,2,3,2,alejandria,6.198543071746826,-75.56918334960938,7,17.857142857142858,48842.610337435945,852482.6560951438,62.5,15625.0,83.49764646735697,1,4
apartamento,1900000,70.0,2,2,0,san joaquin,6.243350028991699,-75.58643341064453,4,17.5,32753.58855757907,569436.2017804154,35.0,4900.0,55.9930670990746,0,0
apartamento,3500000,80.0,2,2,1,castropol,6.216728210449219,-75.56562042236328,5,16.0,48917.86962109346,739745.95924104,40.0,6400.0,83.62630406810368,1,1
apartamento,3400000,110.0,3,3,2,el tesoro,6.206542491912842,-75.55018615722656,8,13.75,46307.752975324685,855149.2240350179,36.666666666666664,12100.0,79.1642453160979,1,4
apartamento,2200000,70.0,3,2,1,bombona no.1,6.24313,-75.56099,6,11.666666666666666,29444.444444444445,441666.6666666667,23.333333333333332,4900.0,50.336003658788464,1,1
apartamento,3250000,80.0,3,2,1,la florida,6.204432964324951,-75.56298065185547,6,13.333333333333334,45025.656955191065,832086.513994911,26.666666666666668,6400.0,76.97247056272704,1,1
apartamento,5600000,95.0,2,2,1,el diamante no.2,6.183629035949707,-75.57273864746094,5,19.0,43639.65496971377,774744.3419949707,47.5,9025.0,74.60306600005285,1,1
apartamento,8150000,106.0,2,2,2,el castillo,6.1904754638671875,-75.57254791259766,6,17.666666666666668,56343.83279364145,907109.0047393364,53.0,11236.0,96.32117118059666,1,4
apartamento,3950000,68.0,1,2,1,el castillo,6.191229820251465,-75.56768798828125,4,17.0,56343.83279364145,907109.0047393364,68.0,4624.0,96.32117118059666,1,1
apartamento,7300000,230.0,3,3,2,los balsos no.1,6.184234142303467,-75.55809783935547,8,28.75,48115.75526148983,871145.722446916,76.66666666666667,52900.0,82.2550697961868,1,4
apartamento,3150000,75.0,3,2,1,villa carlota,6.220837593078613,-75.57351684570312,6,12.5,54977.83356366141,748492.5201380898,25.0,5625.0,93.98596182156422,1,1
casa,4200000,178.0,4,3,1,santa fe,6.221959590911865,-75.58143615722656,8,22.25,48109.58350181965,701917.4041297935,44.5,31684.0,82.24451902088094,1,1
apartamento,2650000,90.0,3,2,0,san joaquin,6.246449947357178,-75.58524322509766,5,18.0,32753.58855757907,569436.2017804154,30.0,8100.0,55.9930670990746,0,0
apartamento,4700000,120.0,3,2,1,las lomas no.2,6.208580493927002,-75.55738830566406,6,20.0,41861.648016276704,816005.6657223796,40.0,14400.0,71.56351928072442,1,1
apartamento,3900000,110.0,3,2,2,el diamante no.2,6.182827472686768,-75.57115173339844,7,15.714285714285714,43639.65496971377,774744.3419949707,36.666666666666664,12100.0,74.60306600005285,1,4
apartamento,4000000,92.0,3,2,1,laureles,6.242758750915527,-75.59607696533203,6,15.333333333333334,37952.470484611345,680619.6840826245,30.666666666666668,8464.0,64.88068391909857,1,1
apartamento,7600000,186.0,3,4,2,la florida,6.204309463500977,-75.56580352783203,9,20.666666666666668,45025.656955191065,832086.513994911,62.0,34596.0,76.97247056272704,1,4
apartamento,7800000,95.0,2,3,2,lalinde,6.212959289550781,-75.56752014160156,7,13.571428571428571,53427.21397778484,890320.987654321,47.5,9025.0,91.33513941276176,1,4
apartamento,2950000,71.0,3,2,1,calasanz,6.260723114013672,-75.59822082519531,6,11.833333333333334,32548.10882548109,537043.795620438,23.666666666666668,5041.0,55.64179443145114,1,1
apartamento,4700000,140.0,4,2,1,lalinde,6.212944984436035,-75.56668853759766,7,20.0,53427.21397778484,890320.987654321,35.0,19600.0,91.33513941276176,1,1
apartamento,5300000,86.0,2,3,2,lalinde,6.212946,-75.568472,7,12.285714285714286,53427.21397778484,890320.987654321,43.0,7396.0,91.33513941276176,1,4
apartamento,3000000,47.0,2,1,0,los pinos,6.25051,-75.59704,3,15.666666666666666,28607.27728983689,814285.7142857143,23.5,2209.0,48.90484576967115,0,0
apartamento,3700000,120.0,3,2,1,la pilarica,6.2736402,-75.5825746,6,20.0,30057.95574288725,528240.7407407408,40.0,14400.0,51.38481634810215,1,1
casa,7000000,243.0,4,5,2,el diamante no.2,6.184181,-75.578771,11,22.09090909090909,43639.65496971377,774744.3419949707,60.75,59049.0,74.60306600005285,1,4
apartamento,6500000,143.0,3,3,2,los balsos no.2,6.195581,-75.569881,8,17.875,47300.9517913736,836162.823200559,47.666666666666664,20449.0,80.86214317702954,1,4
apartamento,6500000,149.0,3,4,2,el tesoro,6.20203,-75.55972,9,16.555555555555557,46307.752975324685,855149.2240350179,49.666666666666664,22201.0,79.1642453160979,1,4
apartamento,5300000,100.0,2,3,2,lalinde,6.21359920501709,-75.56700897216797,7,14.285714285714286,53427.21397778484,890320.987654321,50.0,10000.0,91.33513941276176,1,4
apartamento,3500000,65.0,3,2,1,villa carlota,6.22196,-75.5735,6,10.833333333333334,54977.83356366141,748492.5201380898,21.666666666666668,4225.0,93.98596182156422,1,1
apartamento,3850000,87.0,3,2,1,villa carlota,6.217248916625977,-75.57366180419922,6,14.5,54977.83356366141,748492.5201380898,29.0,7569.0,93.98596182156422,1,1
apartamento,3400000,76.0,2,2,1,castropol,6.215184211730957,-75.56710052490234,5,15.2,48917.86962109346,739745.95924104,38.0,5776.0,83.62630406810368,1,1
apartamento,3800000,85.0,3,2,1,patio bonito,6.205358028411865,-75.57597351074219,6,14.166666666666666,43819.79935642627,741195.3041622199,28.333333333333332,7225.0,74.91102727015866,1,1
apartamento,3000000,80.0,3,2,1,la loma de los bernal,6.216218948364258,-75.60031127929688,6,13.333333333333334,40721.08579809159,584155.2990556138,26.666666666666668,6400.0,69.61370005095546,1,1
apartamento,3600000,80.0,2,2,1,patio bonito,6.205358028411865,-75.57597351074219,5,16.0,43819.79935642627,741195.3041622199,40.0,6400.0,74.91102727015866,1,1
apartamento,3500000,132.0,3,4,2,el tesoro,6.207009792327881,-75.5593490600586,9,14.666666666666666,46307.752975324685,855149.2240350179,44.0,17424.0,79.1642453160979,1,4
apartamento,3200000,78.0,2,2,1,bolivariana,6.244923114776611,-75.59150695800781,5,15.6,37400.24554941682,658648.6486486486,39.0,6084.0,63.936641778623724,1,1
apartamento,7800000,140.0,3,4,2,altos del poblado,6.214988708496094,-75.55255889892578,9,15.555555555555555,58495.7928802589,930019.3704600484,46.666666666666664,19600.0,100.0,1,4
apartamento,9000000,179.0,3,4,2,los balsos no.1,6.1891984939575195,-75.56619262695312,9,19.88888888888889,48115.75526148983,871145.722446916,59.666666666666664,32041.0,82.2550697961868,1,4
apartamento,4700000,268.0,4,5,2,el diamante no.2,6.183218002319336,-75.57075500488281,11,24.363636363636363,43639.65496971377,774744.3419949707,67.0,71824.0,74.60306600005285,1,4
apartamento,3400000,97.0,3,2,1,la castellana,6.240710735321045,-75.60774993896484,6,16.166666666666668,32305.993690851734,627000.0,32.333333333333336,9409.0,55.22789264004374,1,1
apartamento,7700000,168.0,2,3,2,el tesoro,6.20346212387085,-75.55400085449219,7,24.0,46307.752975324685,855149.2240350179,84.0,28224.0,79.1642453160979,1,4
casa,3800000,201.0,5,2,0,boston,6.24379,-75.55823,7,28.714285714285715,28429.680759275238,599090.9090909091,40.2,40401.0,48.60124012246641,0,0
apartamento,3650000,100.0,3,2,1,santa maria de los angeles,6.188781261444092,-75.57971954345703,6,16.666666666666668,47391.397443391514,760224.6376811594,33.333333333333336,10000.0,81.01676224887126,1,1
casa,8300000,170.0,3,4,2,san lucas,6.179947376251221,-75.56388854980469,9,18.88888888888889,47354.22828936933,904097.3871733967,56.666666666666664,28900.0,80.95322066375543,1,4
apartamento,6800000,109.0,3,3,2,el tesoro,6.203396320343018,-75.55110931396484,8,13.625,46307.752975324685,855149.2240350179,36.333333333333336,11881.0,79.1642453160979,1,4
apartamento,7200000,156.0,4,3,1,la florida,6.204973220825195,-75.5646743774414,8,19.5,45025.656955191065,832086.513994911,39.0,24336.0,76.97247056272704,1,1
apartamento,4150000,102.0,3,2,1,los conquistadores,6.2413740158081055,-75.58100128173828,6,17.0,30995.98034836981,625225.2252252252,34.0,10404.0,52.98839253588492,1,1
apartamento,5000000,108.0,3,2,2,las lomas no.1,6.211594104766846,-75.56126403808594,7,15.428571428571429,42753.43481316735,816268.3823529412,36.0,11664.0,73.08805079483885,1,4
apartamento,4000000,98.0,4,2,2,la loma de los bernal,6.217561721801758,-75.6037368774414,8,12.25,40721.08579809159,584155.2990556138,24.5,9604.0,69.61370005095546,1,4
apartamento,2350000,70.0,2,2,1,laureles,6.242016792297363,-75.59490966796875,5,14.0,37952.470484611345,680619.6840826245,35.0,4900.0,64.88068391909857,1,1
apartamento,6700000,156.0,3,4,2,los balsos no.1,6.186973571777344,-75.56109619140625,9,17.333333333333332,48115.75526148983,871145.722446916,52.0,24336.0,82.2550697961868,1,4
apartamento,4200000,103.0,3,2,1,lorena,6.248669624328613,-75.5997085571289,6,17.166666666666668,35721.295387634935,652329.7491039427,34.333333333333336,10609.0,61.06643508663359,1,1
apartamento,4100000,131.0,3,3,1,la castellana,6.23786,-75.60845,7,18.714285714285715,32305.993690851734,627000.0,43.666666666666664,17161.0,55.22789264004374,1,1
apartamento,2900000,80.0,2,2,1,la palma,6.229387,-75.602622,5,16.0,30263.43970871707,611688.3116883116,40.0,6400.0,51.73609625339456,1,1
casa,4800000,182.0,4,3,1,simon bolivar,6.2447775,-75.60622981,8,22.75,28965.474716228782,659298.245614035,45.5,33124.0,49.51719310057257,1,1
apartamento,3400000,120.0,3,2,1,santa teresita,6.24218,-75.61405,6,20.0,26323.37946103423,520028.77697841724,40.0,14400.0,45.00046612739874,1,1
apartamento,5300000,100.0,2,3,2,lalinde,6.212845802307129,-75.56961822509766,7,14.285714285714286,53427.21397778484,890320.987654321,50.0,10000.0,91.33513941276176,1,4
apartamento,2800000,135.0,3,2,0,fatima,6.235534191131592,-75.58534240722656,5,27.0,31102.18652387327,606086.9565217391,45.0,18225.0,53.16995461116248,0,0
apartamento,8650000,160.0,3,3,2,los balsos no.1,6.185995578765869,-75.55952453613281,8,20.0,48115.75526148983,871145.722446916,53.333333333333336,25600.0,82.2550697961868,1,4
apartamento,5600000,111.0,3,2,2,el tesoro,6.205535888671875,-75.55521392822266,7,15.857142857142858,46307.752975324685,855149.2240350179,37.0,12321.0,79.1642453160979,1,4
apartamento,3200000,85.0,3,2,1,las acacias,6.240963935852051,-75.60116577148438,6,14.166666666666666,34935.06493506493,672500.0,28.333333333333332,7225.0,59.7223547453697,1,1
casa,5000000,310.0,4,4,2,la mota,6.210672855377197,-75.59797668457031,10,31.0,31054.252952250557,508263.3053221289,77.5,96100.0,53.08801098878807,1,4
apartamento,5200000,94.0,3,2,1,castropol,6.216140270233154,-75.56697082519531,6,15.666666666666666,48917.86962109346,739745.95924104,31.333333333333332,8836.0,83.62630406810368,1,1
apartamento,6200000,115.0,2,2,2,el tesoro,6.204034328460693,-75.55548858642578,6,19.166666666666668,46307.752975324685,855149.2240350179,57.5,13225.0,79.1642453160979,1,4
apartamento,4600000,108.0,3,2,2,el poblado,6.207086086273193,-75.5677261352539,7,15.428571428571429,51331.92389006342,930592.3344947735,36.0,11664.0,87.7531893535319,1,4
apartamento,5500000,113.0,3,3,2,castropol,6.224766254425049,-75.56730651855469,8,14.125,48917.86962109346,739745.95924104,37.666666666666664,12769.0,83.62630406810368,1,4
casa,2500000,70.0,3,2,1,los conquistadores,6.24191,-75.58369,6,11.666666666666666,30995.98034836981,625225.2252252252,23.333333333333332,4900.0,52.98839253588492,1,1
apartamento,3800000,94.0,2,2,2,el diamante no.2,6.1890363693237305,-75.57592010498047,6,15.666666666666666,43639.65496971377,774744.3419949707,47.0,8836.0,74.60306600005285,1,4
apartamento,3850000,54.0,1,2,2,los balsos no.2,6.195755481719971,-75.5705795288086,5,10.8,47300.9517913736,836162.823200559,54.0,2916.0,80.86214317702954,1,4
apartamento,2550000,60.0,3,2,0,asomadera no.1,6.2253313064575195,-75.56105041503906,5,12.0,48571.57944764218,665557.1635311143,20.0,3600.0,83.03431247964855,0,0
apartamento,7700000,85.0,2,2,1,villa carlota,6.221945762634277,-75.57394409179688,5,17.0,54977.83356366141,748492.5201380898,42.5,7225.0,93.98596182156422,1,1
apartamento,2500000,59.0,2,1,1,altos del poblado,6.214712619781494,-75.55589294433594,4,14.75,58495.7928802589,930019.3704600484,29.5,3481.0,100.0,1,1
casa,8200000,325.0,3,4,2,el tesoro,6.204493999481201,-75.55184173583984,9,36.111111111111114,46307.752975324685,855149.2240350179,108.33333333333333,105625.0,79.1642453160979,1,4
casa,3000000,143.0,3,3,1,barrio cristobal,6.247297286987305,-75.60896301269531,7,20.428571428571427,27092.70927092709,578846.1538461539,47.666666666666664,20449.0,46.315654403361904,1,1
apartamento,3950000,77.0,3,2,1,patio bonito,6.205706596374512,-75.57499694824219,6,12.833333333333334,43819.79935642627,741195.3041622199,25.666666666666668,5929.0,74.91102727015866,1,1
apartamento,6700000,134.0,3,4,2,alejandria,6.200403213500977,-75.56999206542969,9,14.88888888888889,48842.610337435945,852482.6560951438,44.666666666666664,17956.0,83.49764646735697,1,4
apartamento,4700000,54.0,1,2,2,los balsos no.2,6.195755481719971,-75.5705795288086,5,10.8,47300.9517913736,836162.823200559,54.0,2916.0,80.86214317702954,1,4
apartamento,3100000,80.0,3,2,1,patio bonito,6.20739221572876,-75.57610321044922,6,13.333333333333334,43819.79935642627,741195.3041622199,26.666666666666668,6400.0,74.91102727015866,1,1
apartamento,7000000,120.0,3,3,2,alejandria,6.197887420654297,-75.56558227539062,8,15.0,48842.610337435945,852482.6560951438,40.0,14400.0,83.49764646735697,1,4
apartamento,5300000,70.0,1,2,1,lalinde,6.212858200073242,-75.56771087646484,4,17.5,53427.21397778484,890320.987654321,70.0,4900.0,91.33513941276176,1,1
apartamento,9400000,180.0,3,4,2,alejandria,6.201192855834961,-75.56655883789062,9,20.0,48842.610337435945,852482.6560951438,60.0,32400.0,83.49764646735697,1,4
apartamento,2650000,43.0,1,1,1,santa fe,6.222130298614502,-75.58153533935547,3,14.333333333333334,48109.58350181965,701917.4041297935,43.0,1849.0,82.24451902088094,1,1
apartamento,5200000,98.0,2,3,2,los naranjos,6.195694923400879,-75.55621337890625,7,14.0,49565.6761295771,827000.8873114464,49.0,9604.0,84.733745264447,1,4
apartamento,4500000,96.0,3,3,3,el tesoro,6.2017,-75.56174,9,10.666666666666666,46307.752975324685,855149.2240350179,32.0,9216.0,79.1642453160979,1,9
casa,3800000,130.0,3,2,0,florida nueva,6.251009,-75.590982,5,26.0,34915.907498248074,668791.9463087248,43.333333333333336,16900.0,59.68960463485137,0,0
apartamento,9500000,130.0,2,3,2,el tesoro,6.20109,-75.5514,7,18.571428571428573,46307.752975324685,855149.2240350179,65.0,16900.0,79.1642453160979,1,4
apartamento,5700000,100.0,2,3,2,villa carlota,6.2178127,-75.5701677,7,14.285714285714286,54977.83356366141,748492.5201380898,50.0,10000.0,93.98596182156422,1,4
apartamento,5500000,106.0,2,2,2,el tesoro,6.20576,-75.55048,6,17.666666666666668,46307.752975324685,855149.2240350179,53.0,11236.0,79.1642453160979,1,4
apartamento,6300000,135.0,3,3,2,la florida,6.20232,-75.5677,8,16.875,45025.656955191065,832086.513994911,45.0,18225.0,76.97247056272704,1,4
apartamento,3600000,81.0,2,2,1,laureles,6.242737293243408,-75.5957260131836,5,16.2,37952.470484611345,680619.6840826245,40.5,6561.0,64.88068391909857,1,1
apartamento,4700000,110.0,3,2,2,los balsos no.2,6.194098949432373,-75.56954193115234,7,15.714285714285714,47300.9517913736,836162.823200559,36.666666666666664,12100.0,80.86214317702954,1,4
apartamento,7700000,143.0,3,3,2,el tesoro,6.203840255737305,-75.5555419921875,8,17.875,46307.752975324685,855149.2240350179,47.666666666666664,20449.0,79.1642453160979,1,4
apartamento,3400000,102.0,3,3,2,los naranjos,6.194737911224365,-75.55928039550781,8,12.75,49565.6761295771,827000.8873114464,34.0,10404.0,84.733745264447,1,4
casa,6800000,343.0,3,3,2,los naranjos,6.1951751708984375,-75.55643463134766,8,42.875,49565.6761295771,827000.8873114464,114.33333333333333,117649.0,84.733745264447,1,4
apartamento,6200000,180.0,2,3,2,el tesoro,6.200662136077881,-75.55960083007812,7,25.714285714285715,46307.752975324685,855149.2240350179,90.0,32400.0,79.1642453160979,1,4
apartamento,5000000,147.0,3,3,2,patio bonito,6.204614162445068,-75.57588195800781,8,18.375,43819.79935642627,741195.3041622199,49.0,21609.0,74.91102727015866,1,4
apartamento,8600000,150.0,3,3,2,castropol,6.216827869415283,-75.5655746459961,8,18.75,48917.86962109346,739745.95924104,50.0,22500.0,83.62630406810368,1,4
apartamento,9700000,108.0,2,3,1,altos del poblado,6.216899871826172,-75.55632781982422,6,18.0,58495.7928802589,930019.3704600484,54.0,11664.0,100.0,1,1
apartamento,3930000,63.0,2,2,1,castropol,6.215348243713379,-75.56778717041016,5,12.6,48917.86962109346,739745.95924104,31.5,3969.0,83.62630406810368,1,1
apartamento,2450000,56.0,2,2,1,la loma de los bernal,6.220147132873535,-75.6039047241211,5,11.2,40721.08579809159,584155.2990556138,28.0,3136.0,69.61370005095546,1,1
apartamento,6900000,168.0,3,3,2,san lucas,6.17704963684082,-75.56421661376953,8,21.0,47354.22828936933,904097.3871733967,56.0,28224.0,80.95322066375543,1,4
apartamento,4150000,74.0,2,2,2,villa carlota,6.221945762634277,-75.57394409179688,6,12.333333333333334,54977.83356366141,748492.5201380898,37.0,5476.0,93.98596182156422,1,4
apartamento,4600000,65.0,1,2,1,el tesoro,6.204051494598389,-75.55583953857422,4,16.25,46307.752975324685,855149.2240350179,65.0,4225.0,79.1642453160979,1,1
apartamento,6200000,85.0,1,2,2,el diamante no.2,6.1823601722717285,-75.5735855102539,5,17.0,43639.65496971377,774744.3419949707,85.0,7225.0,74.60306600005285,1,4
apartamento,4700000,150.0,2,3,2,los naranjos,6.198287487030029,-75.55645751953125,7,21.428571428571427,49565.6761295771,827000.8873114464,75.0,22500.0,84.733745264447,1,4
apartamento,6650000,135.0,3,4,2,alejandria,6.199517726898193,-75.56962585449219,9,15.0,48842.610337435945,852482.6560951438,45.0,18225.0,83.49764646735697,1,4
apartamento,6150000,180.0,3,3,2,el tesoro,6.203347682952881,-75.55573272705078,8,22.5,46307.752975324685,855149.2240350179,60.0,32400.0,79.1642453160979,1,4
apartamento,4650000,51.0,1,2,1,villa carlota,6.220139980316162,-75.5752944946289,4,12.75,54977.83356366141,748492.5201380898,51.0,2601.0,93.98596182156422,1,1
apartamento,3300000,63.0,2,3,1,san diego,6.233372688293457,-75.5699462890625,6,10.5,47227.322103995706,654899.8185117968,31.5,3969.0,80.73627141129654,1,1
apartamento,8850000,164.0,3,4,3,san lucas,6.179964065551758,-75.56400299072266,10,16.4,47354.22828936933,904097.3871733967,54.666666666666664,26896.0,80.95322066375543,1,9
apartamento,2700000,58.0,1,2,1,las acacias,6.241385459899902,-75.6012191772461,4,14.5,34935.06493506493,672500.0,58.0,3364.0,59.7223547453697,1,1
apartamento,5700000,114.0,2,2,2,los balsos no.1,6.18696403503418,-75.5599594116211,6,19.0,48115.75526148983,871145.722446916,57.0,12996.0,82.2550697961868,1,4
apartamento,4500000,84.0,2,2,1,altos del poblado,6.215049743652344,-75.5549087524414,5,16.8,58495.7928802589,930019.3704600484,42.0,7056.0,100.0,1,1
apartamento,5600000,102.0,3,2,2,castropol,6.217127799987793,-75.5671615600586,7,14.571428571428571,48917.86962109346,739745.95924104,34.0,10404.0,83.62630406810368,1,4
apartamento,5200000,105.0,1,2,2,altos del poblado,6.207199573516846,-75.55168914794922,5,21.0,58495.7928802589,930019.3704600484,105.0,11025.0,100.0,1,4
apartamento,7000000,105.0,2,3,2,los balsos no.1,6.186973571777344,-75.56109619140625,7,15.0,48115.75526148983,871145.722446916,52.5,11025.0,82.2550697961868,1,4
apartamento,3900000,86.0,2,2,2,los balsos no.2,6.196826934814453,-75.5726089477539,6,14.333333333333334,47300.9517913736,836162.823200559,43.0,7396.0,80.86214317702954,1,4
apartamento,4900000,111.0,1,2,1,los balsos no.2,6.19558048248291,-75.56987762451172,4,27.75,47300.9517913736,836162.823200559,111.0,12321.0,80.86214317702954,1,1
apartamento,2450000,60.0,2,2,1,san diego,6.230320453643799,-75.56790924072266,5,12.0,47227.322103995706,654899.8185117968,30.0,3600.0,80.73627141129654,1,1
apartamento,2650000,79.0,3,2,0,san bernardo,6.22866666,-75.59148806,5,15.8,36813.18681318681,609090.9090909091,26.333333333333332,6241.0,62.933050396536274,0,0
apartamento,3700000,150.0,3,3,1,la pilarica,6.277057,-75.587178,7,21.428571428571427,30057.95574288725,528240.7407407408,50.0,22500.0,51.38481634810215,1,1
apartamento,3000000,35.0,1,1,1,laureles,6.245521545410156,-75.59310150146484,3,11.666666666666666,37952.470484611345,680619.6840826245,35.0,1225.0,64.88068391909857,1,1
apartamento,3650000,84.0,3,2,1,el diamante no.2,6.185952663421631,-75.57568359375,6,14.0,43639.65496971377,774744.3419949707,28.0,7056.0,74.60306600005285,1,1
apartamento,4500000,180.0,3,3,1,el tesoro,6.202071189880371,-75.55989074707031,7,25.714285714285715,46307.752975324685,855149.2240350179,60.0,32400.0,79.1642453160979,1,1
apartamento,3500000,115.0,3,2,1,laureles,6.24623441696167,-75.59576416015625,6,19.166666666666668,37952.470484611345,680619.6840826245,38.333333333333336,13225.0,64.88068391909857,1,1
apartamento,2700000,82.0,3,2,0,las acacias,6.240993499755859,-75.60108184814453,5,16.4,34935.06493506493,672500.0,27.333333333333332,6724.0,59.7223547453697,0,0
casa,6750000,286.0,4,4,2,el diamante no.2,6.1827569007873535,-75.57183837890625,10,28.6,43639.65496971377,774744.3419949707,71.5,81796.0,74.60306600005285,1,4
apartamento,8200000,195.0,4,3,2,la florida,6.2059173583984375,-75.56620788574219,9,21.666666666666668,45025.656955191065,832086.513994911,48.75,38025.0,76.97247056272704,1,4
apartamento,4150000,89.0,3,2,2,patio bonito,6.206847190856934,-75.57550048828125,7,12.714285714285714,43819.79935642627,741195.3041622199,29.666666666666668,7921.0,74.91102727015866,1,4
apartamento,4850000,93.0,1,2,2,los balsos no.1,6.1868486404418945,-75.56169891357422,5,18.6,48115.75526148983,871145.722446916,93.0,8649.0,82.2550697961868,1,4
apartamento,7650000,130.0,3,4,3,el tesoro,6.203347682952881,-75.55573272705078,10,13.0,46307.752975324685,855149.2240350179,43.333333333333336,16900.0,79.1642453160979,1,9
apartamento,5600000,145.0,3,2,1,la florida,6.205480098724365,-75.56455993652344,6,24.166666666666668,45025.656955191065,832086.513994911,48.333333333333336,21025.0,76.97247056272704,1,1
apartamento,3750000,89.0,3,3,2,el tesoro,6.203914642333984,-75.55551147460938,8,11.125,46307.752975324685,855149.2240350179,29.666666666666668,7921.0,79.1642453160979,1,4
apartamento,7000000,96.0,2,2,2,castropol,6.225136756896973,-75.56725311279297,6,16.0,48917.86962109346,739745.95924104,48.0,9216.0,83.62630406810368,1,4
apartamento,8500000,261.0,4,3,2,san lucas,6.179996967315674,-75.56529998779297,9,29.0,47354.22828936933,904097.3871733967,65.25,68121.0,80.95322066375543,1,4
apartamento,9200000,186.0,2,4,2,el tesoro,6.203347682952881,-75.55573272705078,8,23.25,46307.752975324685,855149.2240350179,93.0,34596.0,79.1642453160979,1,4
apartamento,4200000,88.0,1,2,1,los balsos no.1,6.189059734344482,-75.5609359741211,4,22.0,48115.75526148983,871145.722446916,88.0,7744.0,82.2550697961868,1,1
apartamento,3400000,70.0,3,2,1,santa fe,6.222130298614502,-75.58153533935547,6,11.666666666666666,48109.58350181965,701917.4041297935,23.333333333333332,4900.0,82.24451902088094,1,1
apartamento,7200000,250.0,3,4,3,el tesoro,6.204042434692383,-75.55555725097656,10,25.0,46307.752975324685,855149.2240350179,83.33333333333333,62500.0,79.1642453160979,1,9
apartamento,4650000,107.0,3,2,2,la florida,6.2040276527404785,-75.56429290771484,7,15.285714285714286,45025.656955191065,832086.513994911,35.666666666666664,11449.0,76.97247056272704,1,4
apartamento,7700000,125.0,2,3,2,altos del poblado,6.21470832824707,-75.55503845214844,7,17.857142857142858,58495.7928802589,930019.3704600484,62.5,15625.0,100.0,1,4
apartamento,3600000,57.0,1,2,1,el tesoro,6.204042434692383,-75.55521392822266,4,14.25,46307.752975324685,855149.2240350179,57.0,3249.0,79.1642453160979,1,1
apartamento,2700000,48.0,1,1,1,asomadera no.1,6.225461483001709,-75.56105041503906,3,16.0,48571.57944764218,665557.1635311143,48.0,2304.0,83.03431247964855,1,1
apartamento,6000000,96.0,2,2,2,castropol,6.225136756896973,-75.56725311279297,6,16.0,48917.86962109346,739745.95924104,48.0,9216.0,83.62630406810368,1,4
apartamento,4050000,88.0,2,2,2,la aguacatala,6.1990509033203125,-75.57797241210938,6,14.666666666666666,51442.75043487159,795490.506329114,44.0,7744.0,87.9426500640398,1,4
apartamento,4950000,100.0,3,2,1,altos del poblado,6.207150459289551,-75.5519027709961,6,16.666666666666668,58495.7928802589,930019.3704600484,33.333333333333336,10000.0,100.0,1,1
apartamento,8800000,90.0,3,2,1,el tesoro,6.202227592468262,-75.55608367919922,6,15.0,46307.752975324685,855149.2240350179,30.0,8100.0,79.1642453160979,1,1
apartamento,5650000,90.0,1,2,2,el castillo,6.191037178039551,-75.57282257080078,5,18.0,56343.83279364145,907109.0047393364,90.0,8100.0,96.32117118059666,1,4
apartamento,3800000,85.0,3,2,1,el tesoro,6.20129,-75.55795,6,14.166666666666666,46307.752975324685,855149.2240350179,28.333333333333332,7225.0,79.1642453160979,1,1
apartamento,4600000,85.0,3,2,1,castropol,6.22468,-75.56805,6,14.166666666666666,48917.86962109346,739745.95924104,28.333333333333332,7225.0,83.62630406810368,1,1
apartamento,3200000,112.0,3,2,1,san joaquin,6.24396273,-75.58798988,6,18.666666666666668,32753.58855757907,569436.2017804154,37.333333333333336,12544.0,55.9930670990746,1,1
casa,9500000,600.0,5,5,2,el velodromo,6.2531959886,-75.5946019198,12,50.0,33048.78048780488,624423.9631336406,120.0,360000.0,56.497704981033166,1,4
apartamento,2900000,83.0,3,4,0,prado,6.262654,-75.563307,7,11.857142857142858,28816.08339538347,604687.5,27.666666666666668,6889.0,49.261804954708616,0,0
apartamento,2900000,86.0,3,4,0,prado,6.262718,-75.563178,7,12.285714285714286,28816.08339538347,604687.5,28.666666666666668,7396.0,49.261804954708616,0,0
apartamento,3500000,72.0,3,2,1,villa carlota,6.22243,-75.57391,6,12.0,54977.83356366141,748492.5201380898,24.0,5184.0,93.98596182156422,1,1
apartamento,3450000,70.0,3,2,1,altos del poblado,6.215419769287109,-75.55437469482422,6,11.666666666666666,58495.7928802589,930019.3704600484,23.333333333333332,4900.0,100.0,1,1
apartamento,5900000,130.0,3,3,2,san lucas,6.184934616088867,-75.56820678710938,8,16.25,47354.22828936933,904097.3871733967,43.333333333333336,16900.0,80.95322066375543,1,4
apartamento,2850000,60.0,1,1,1,el nogal-los almendros,6.237795352935791,-75.59639739990234,3,20.0,31931.988041853514,623722.6277372263,60.0,3600.0,54.5885207628836,1,1
apartamento,4100000,126.0,3,3,1,laureles,6.242885112762451,-75.5961685180664,7,18.0,37952.470484611345,680619.6840826245,42.0,15876.0,64.88068391909857,1,1
apartamento,4250000,94.0,3,3,1,los colores,6.265524864196777,-75.59371948242188,7,13.428571428571429,34639.764996907856,599064.1711229946,31.333333333333332,8836.0,59.21753222118996,1,1
apartamento,7200000,61.0,1,2,1,alejandria,6.2017388343811035,-75.56988525390625,4,15.25,48842.610337435945,852482.6560951438,61.0,3721.0,83.49764646735697,1,1
apartamento,5200000,107.0,3,2,2,alejandria,6.198705196380615,-75.5702896118164,7,15.285714285714286,48842.610337435945,852482.6560951438,35.666666666666664,11449.0,83.49764646735697,1,4
apartamento,8200000,254.0,4,5,3,las lomas no.1,6.211377143859863,-75.55956268310547,12,21.166666666666668,42753.43481316735,816268.3823529412,63.5,64516.0,73.08805079483885,1,9
apartamento,3250000,44.0,1,2,1,villa carlota,6.22439432144165,-75.57479095458984,4,11.0,54977.83356366141,748492.5201380898,44.0,1936.0,93.98596182156422,1,1
apartamento,3900000,80.0,2,2,2,asomadera no.1,6.225736141204834,-75.56065368652344,6,13.333333333333334,48571.57944764218,665557.1635311143,40.0,6400.0,83.03431247964855,1,4
apartamento,2800000,79.0,2,2,1,castropol,6.224611282348633,-75.56637573242188,5,15.8,48917.86962109346,739745.95924104,39.5,6241.0,83.62630406810368,1,1
apartamento,2300000,57.0,3,2,1,la hondonada,6.202782154083252,-75.60188293457031,6,9.5,35058.243727598565,399234.693877551,19.0,3249.0,59.93293192787884,1,1
apartamento,5800000,72.0,2,2,1,alejandria,6.201436996459961,-75.56802368164062,5,14.4,48842.610337435945,852482.6560951438,36.0,5184.0,83.49764646735697,1,1
apartamento,3700000,75.0,2,2,1,alejandria,6.1990885734558105,-75.5723648071289,5,15.0,48842.610337435945,852482.6560951438,37.5,5625.0,83.49764646735697,1,1
apartamento,3000000,62.0,2,2,1,castropol,6.216109752655029,-75.56694793701172,5,12.4,48917.86962109346,739745.95924104,31.0,3844.0,83.62630406810368,1,1
casa,8100000,220.0,4,3,2,el diamante no.2,6.1823601722717285,-75.5735855102539,9,24.444444444444443,43639.65496971377,774744.3419949707,55.0,48400.0,74.60306600005285,1,4
apartamento,2800000,90.0,2,1,1,san diego,6.234734058380127,-75.56939697265625,4,22.5,47227.322103995706,654899.8185117968,45.0,8100.0,80.73627141129654,1,1
apartamento,3150000,53.0,1,2,1,villa carlota,6.221945762634277,-75.57394409179688,4,13.25,54977.83356366141,748492.5201380898,53.0,2809.0,93.98596182156422,1,1
apartamento,3100000,146.0,3,2,1,san lucas,6.185212135314941,-75.565185546875,6,24.333333333333332,47354.22828936933,904097.3871733967,48.666666666666664,21316.0,80.95322066375543,1,1
apartamento,6500000,72.0,2,2,1,el diamante no.2,6.18928457,-75.57614067,5,14.4,43639.65496971377,774744.3419949707,36.0,5184.0,74.60306600005285,1,1
apartamento,4000000,135.0,3,2,1,patio bonito,6.204209804534912,-75.57378387451172,6,22.5,43819.79935642627,741195.3041622199,45.0,18225.0,74.91102727015866,1,1
apartamento,2500000,46.0,2,1,1,altos del poblado,6.214477062225342,-75.55789184570312,4,11.5,58495.7928802589,930019.3704600484,23.0,2116.0,100.0,1,1
apartamento,5600000,97.0,2,2,1,lalinde,6.212890625,-75.56771850585938,5,19.4,53427.21397778484,890320.987654321,48.5,9409.0,91.33513941276176,1,1
apartamento,6600000,97.0,2,2,2,lalinde,6.212890625,-75.56771850585938,6,16.166666666666668,53427.21397778484,890320.987654321,48.5,9409.0,91.33513941276176,1,4
apartamento,5800000,130.0,3,3,2,laureles,6.241871356964111,-75.59528350830078,8,16.25,37952.470484611345,680619.6840826245,43.333333333333336,16900.0,64.88068391909857,1,4
casa,4500000,110.0,4,2,2,diego echavarria,6.2123737,-75.5947162374,8,13.75,30825.838103025348,571212.1212121212,27.5,12100.0,52.69753017302621,1,4
apartamento,3400000,80.0,3,2,1,castropol,6.21703,-75.56634,6,13.333333333333334,48917.86962109346,739745.95924104,26.666666666666668,6400.0,83.62630406810368,1,1
apartamento,9000000,200.0,3,5,2,el tesoro,6.2031151982,-75.5596336548,10,20.0,46307.752975324685,855149.2240350179,66.66666666666667,40000.0,79.1642453160979,1,4
apartamento,4500000,170.0,3,4,2,laureles,6.24669,-75.59683,9,18.88888888888889,37952.470484611345,680619.6840826245,56.666666666666664,28900.0,64.88068391909857,1,4
apartamento,7500000,150.0,3,4,1,asomadera no.2,6.21622,-75.56184,8,18.75,51821.74887892377,772562.6740947075,50.0,22500.0,88.59055724742987,1,1
apartamento,3350000,64.0,1,2,1,villa carlota,6.223944187164307,-75.57264709472656,4,16.0,54977.83356366141,748492.5201380898,64.0,4096.0,93.98596182156422,1,1
casa,4000000,140.0,4,3,3,la mota,6.209928512573242,-75.59856414794922,10,14.0,31054.252952250557,508263.3053221289,35.0,19600.0,53.08801098878807,1,9
apartamento,8200000,250.0,4,4,2,san lucas,6.179964065551758,-75.56400299072266,10,25.0,47354.22828936933,904097.3871733967,62.5,62500.0,80.95322066375543,1,4
apartamento,3900000,120.0,3,4,2,florida nueva,6.25126314163208,-75.58840942382812,9,13.333333333333334,34915.907498248074,668791.9463087248,40.0,14400.0,59.68960463485137,1,4
apartamento,5400000,100.0,2,3,1,castropol,6.215184211730957,-75.56710052490234,6,16.666666666666668,48917.86962109346,739745.95924104,50.0,10000.0,83.62630406810368,1,1
apartamento,6750000,107.0,3,3,2,villa carlota,6.221932411193848,-75.57417297363281,8,13.375,54977.83356366141,748492.5201380898,35.666666666666664,11449.0,93.98596182156422,1,4
apartamento,4150000,110.0,3,2,1,patio bonito,6.204817295074463,-75.57514190673828,6,18.333333333333332,43819.79935642627,741195.3041622199,36.666666666666664,12100.0,74.91102727015866,1,1
apartamento,5850000,135.0,4,3,1,santa maria de los angeles,6.191285610198975,-75.57829284667969,8,16.875,47391.397443391514,760224.6376811594,33.75,18225.0,81.01676224887126,1,1
apartamento,7700000,225.0,3,4,2,las lomas no.1,6.210580825805664,-75.5604248046875,9,25.0,42753.43481316735,816268.3823529412,75.0,50625.0,73.08805079483885,1,4
apartamento,6000000,142.0,3,3,1,laureles,6.242885112762451,-75.5961685180664,7,20.285714285714285,37952.470484611345,680619.6840826245,47.333333333333336,20164.0,64.88068391909857,1,1
apartamento,2950000,70.0,2,2,0,el velodromo,6.251677989959717,-75.5963363647461,4,17.5,33048.78048780488,624423.9631336406,35.0,4900.0,56.497704981033166,0,0
apartamento,7400000,135.0,3,3,2,el tesoro,6.203347682952881,-75.55573272705078,8,16.875,46307.752975324685,855149.2240350179,45.0,18225.0,79.1642453160979,1,4
apartamento,4000000,71.0,2,2,1,alejandria,6.199662685394287,-75.56916809082031,5,14.2,48842.610337435945,852482.6560951438,35.5,5041.0,83.49764646735697,1,1
apartamento,8200000,165.0,3,3,2,los naranjos,6.1956586837768555,-75.56539916992188,8,20.625,49565.6761295771,827000.8873114464,55.0,27225.0,84.733745264447,1,4
apartamento,7500000,100.0,1,2,2,alejandria,6.2012,-75.56759,5,20.0,48842.610337435945,852482.6560951438,100.0,10000.0,83.49764646735697,1,4
apartamento,4450000,87.0,3,2,2,la aguacatala,6.19705057144165,-75.57860565185547,7,12.428571428571429,51442.75043487159,795490.506329114,29.0,7569.0,87.9426500640398,1,4
apartamento,6000000,100.0,3,3,2,los naranjos,6.193474292755127,-75.55982971191406,8,12.5,49565.6761295771,827000.8873114464,33.333333333333336,10000.0,84.733745264447,1,4
apartamento,7200000,254.0,4,5,3,las lomas no.1,6.211377143859863,-75.55956268310547,12,21.166666666666668,42753.43481316735,816268.3823529412,63.5,64516.0,73.08805079483885,1,9
apartamento,8200000,130.0,2,3,3,el poblado,6.210840225219727,-75.56705474853516,8,16.25,51331.92389006342,930592.3344947735,65.0,16900.0,87.7531893535319,1,9
apartamento,5950000,78.0,2,2,1,la aguacatala,6.197758674621582,-75.57624053955078,5,15.6,51442.75043487159,795490.506329114,39.0,6084.0,87.9426500640398,1,1
apartamento,2700000,88.0,3,2,1,asomadera no.2,6.216580867767334,-75.56088256835938,6,14.666666666666666,51821.74887892377,772562.6740947075,29.333333333333332,7744.0,88.59055724742987,1,1
apartamento,4200000,100.0,3,2,1,castropol,6.215272903442383,-75.56626892089844,6,16.666666666666668,48917.86962109346,739745.95924104,33.333333333333336,10000.0,83.62630406810368,1,1
apartamento,2600000,65.0,3,2,1,calasanz,6.2603559494018555,-75.59868621826172,6,10.833333333333334,32548.10882548109,537043.795620438,21.666666666666668,4225.0,55.64179443145114,1,1
casa,4500000,210.0,5,3,0,suramericana,6.25404,-75.58221,8,26.25,26951.114922813034,661578.947368421,42.0,44100.0,46.07359537459739,0,0
apartamento,7600000,130.0,3,4,1,el tesoro,6.20472,-75.55494,8,16.25,46307.752975324685,855149.2240350179,43.333333333333336,16900.0,79.1642453160979,1,1
apartamento,2900000,102.0,3,3,0,prado,6.261438,-75.560142,6,17.0,28816.08339538347,604687.5,34.0,10404.0,49.261804954708616,0,0
apartamento,7500000,180.0,3,4,1,laureles,6.24505,-75.59816,8,22.5,37952.470484611345,680619.6840826245,60.0,32400.0,64.88068391909857,1,1
apartamento,7500000,190.0,2,3,2,castropol,6.21953,-75.5685,7,27.142857142857142,48917.86962109346,739745.95924104,95.0,36100.0,83.62630406810368,1,4
apartamento,4900000,90.0,3,2,1,castropol,6.22136926651001,-75.56874084472656,6,15.0,48917.86962109346,739745.95924104,30.0,8100.0,83.62630406810368,1,1
apartamento,4300000,74.0,3,2,1,altos del poblado,6.215419769287109,-75.55437469482422,6,12.333333333333334,58495.7928802589,930019.3704600484,24.666666666666668,5476.0,100.0,1,1
apartamento,6100000,102.0,3,3,2,altos del poblado,6.213318347930908,-75.55414581298828,8,12.75,58495.7928802589,930019.3704600484,34.0,10404.0,100.0,1,4
apartamento,2950000,55.0,2,2,0,san joaquin,6.248112678527832,-75.5847396850586,4,13.75,32753.58855757907,569436.2017804154,27.5,3025.0,55.9930670990746,0,0
apartamento,3900000,85.0,3,2,1,la loma de los bernal,6.218601703643799,-75.60139465332031,6,14.166666666666666,40721.08579809159,584155.2990556138,28.333333333333332,7225.0,69.61370005095546,1,1
apartamento,4700000,150.0,3,3,2,la florida,6.2064032554626465,-75.56658172607422,8,18.75,45025.656955191065,832086.513994911,50.0,22500.0,76.97247056272704,1,4
apartamento,5600000,103.0,2,3,2,los naranjos,6.19387674331665,-75.56238555908203,7,14.714285714285714,49565.6761295771,827000.8873114464,51.5,10609.0,84.733745264447,1,4
apartamento,4000000,70.0,2,2,1,alejandria,6.199948787689209,-75.56999206542969,5,14.0,48842.610337435945,852482.6560951438,35.0,4900.0,83.49764646735697,1,1
apartamento,5200000,92.0,1,1,2,la florida,6.20371150970459,-75.56726837158203,4,23.0,45025.656955191065,832086.513994911,92.0,8464.0,76.97247056272704,1,4
apartamento,4750000,131.0,3,3,1,san joaquin,6.246497631072998,-75.58514404296875,7,18.714285714285715,32753.58855757907,569436.2017804154,43.666666666666664,17161.0,55.9930670990746,1,1
apartamento,3200000,100.0,3,2,1,laureles,6.243587017059326,-75.59553527832031,6,16.666666666666668,37952.470484611345,680619.6840826245,33.333333333333336,10000.0,64.88068391909857,1,1
apartamento,4200000,66.0,1,2,2,los naranjos,6.193474292755127,-75.55982971191406,5,13.2,49565.6761295771,827000.8873114464,66.0,4356.0,84.733745264447,1,4
apartamento,4950000,145.0,3,2,1,san lucas,6.179398059844971,-75.56629943847656,6,24.166666666666668,47354.22828936933,904097.3871733967,48.333333333333336,21025.0,80.95322066375543,1,1
apartamento,4150000,90.0,3,2,2,villa carlota,6.21612024307251,-75.5733871459961,7,12.857142857142858,54977.83356366141,748492.5201380898,30.0,8100.0,93.98596182156422,1,4
apartamento,5400000,72.0,2,2,1,san lucas,6.1799446,-75.5640593,5,14.4,47354.22828936933,904097.3871733967,36.0,5184.0,80.95322066375543,1,1
apartamento,6200000,89.0,1,2,2,san lucas,6.1780524253845215,-75.56542205810547,5,17.8,47354.22828936933,904097.3871733967,89.0,7921.0,80.95322066375543,1,4
apartamento,3500000,220.0,4,3,2,las acacias,6.240568161010742,-75.59904479980469,9,24.444444444444443,34935.06493506493,672500.0,55.0,48400.0,59.7223547453697,1,4
apartamento,3450000,80.0,3,2,1,asomadera no.1,6.225736141204834,-75.56065368652344,6,13.333333333333334,48571.57944764218,665557.1635311143,26.666666666666668,6400.0,83.03431247964855,1,1
apartamento,3500000,84.0,2,2,1,castropol,6.22331,-75.56754,5,16.8,48917.86962109346,739745.95924104,42.0,7056.0,83.62630406810368,1,1
apartamento,4000000,52.0,1,2,0,santa maria de los angeles,6.190048694610596,-75.57911682128906,3,17.333333333333332,47391.397443391514,760224.6376811594,52.0,2704.0,81.01676224887126,0,0
apartamento,3850000,120.0,3,3,1,suramericana,6.2522454261779785,-75.58058166503906,7,17.142857142857142,26951.114922813034,661578.947368421,40.0,14400.0,46.07359537459739,1,1
apartamento,4550000,140.0,3,2,2,patio bonito,6.204814434051514,-75.57466888427734,7,20.0,43819.79935642627,741195.3041622199,46.666666666666664,19600.0,74.91102727015866,1,4
apartamento,6000000,152.0,4,3,1,altos del poblado,6.21464902,-75.55605742,8,19.0,58495.7928802589,930019.3704600484,38.0,23104.0,100.0,1,1
apartamento,5500000,220.0,3,4,2,corazon de jesus,6.24828,-75.58003,9,24.444444444444443,39626.55601659751,682142.8571428572,73.33333333333333,48400.0,67.74257440652734,1,4
apartamento,4100000,90.0,3,2,1,villa carlota,6.22056,-75.57476,6,15.0,54977.83356366141,748492.5201380898,30.0,8100.0,93.98596182156422,1,1
apartamento,4100000,86.0,3,2,1,asomadera no.1,6.227657318115234,-75.56351470947266,6,14.333333333333334,48571.57944764218,665557.1635311143,28.666666666666668,7396.0,83.03431247964855,1,1
apartamento,4600000,88.0,3,2,1,castropol,6.2159013748168945,-75.56682586669922,6,14.666666666666666,48917.86962109346,739745.95924104,29.333333333333332,7744.0,83.62630406810368,1,1
apartamento,3900000,96.0,2,2,1,los balsos no.1,6.186550140380859,-75.55976104736328,5,19.2,48115.75526148983,871145.722446916,48.0,9216.0,82.2550697961868,1,1
apartamento,3300000,127.0,2,2,2,los balsos no.1,6.190971851348877,-75.5560073852539,6,21.166666666666668,48115.75526148983,871145.722446916,63.5,16129.0,82.2550697961868,1,4
apartamento,5400000,118.0,2,2,2,los balsos no.1,6.187497138977051,-75.56366729736328,6,19.666666666666668,48115.75526148983,871145.722446916,59.0,13924.0,82.2550697961868,1,4
apartamento,5850000,78.0,2,2,1,villa carlota,6.220824718475342,-75.57355499267578,5,15.6,54977.83356366141,748492.5201380898,39.0,6084.0,93.98596182156422,1,1
apartamento,3800000,98.0,3,2,1,castropol,6.215945720672607,-75.56684112548828,6,16.333333333333332,48917.86962109346,739745.95924104,32.666666666666664,9604.0,83.62630406810368,1,1
apartamento,6200000,106.0,2,3,2,las lomas no.2,6.213129997253418,-75.55718231201172,7,15.142857142857142,41861.648016276704,816005.6657223796,53.0,11236.0,71.56351928072442,1,4
apartamento,3750000,70.0,2,2,1,lalinde,6.212983131408691,-75.56769561767578,5,14.0,53427.21397778484,890320.987654321,35.0,4900.0,91.33513941276176,1,1
casa,5700000,230.0,4,2,1,laureles,6.242268085479736,-75.59597778320312,7,32.857142857142854,37952.470484611345,680619.6840826245,57.5,52900.0,64.88068391909857,1,1
apartamento,4000000,126.0,2,3,2,santa maria de los angeles,6.188327789306641,-75.5777816772461,7,18.0,47391.397443391514,760224.6376811594,63.0,15876.0,81.01676224887126,1,4
apartamento,8650000,154.0,3,3,2,patio bonito,6.20583438873291,-75.57169342041016,8,19.25,43819.79935642627,741195.3041622199,51.333333333333336,23716.0,74.91102727015866,1,4
apartamento,6150000,153.0,3,3,2,patio bonito,6.2056732177734375,-75.57352447509766,8,19.125,43819.79935642627,741195.3041622199,51.0,23409.0,74.91102727015866,1,4
apartamento,6600000,88.0,3,2,1,castropol,6.215414524078369,-75.56713104248047,6,14.666666666666666,48917.86962109346,739745.95924104,29.333333333333332,7744.0,83.62630406810368,1,1
apartamento,9000000,144.0,2,3,2,el tesoro,6.204816818237305,-75.56110382080078,7,20.571428571428573,46307.752975324685,855149.2240350179,72.0,20736.0,79.1642453160979,1,4
apartamento,3950000,78.0,3,2,1,villa carlota,6.2228522300720215,-75.57453155517578,6,13.0,54977.83356366141,748492.5201380898,26.0,6084.0,93.98596182156422,1,1
apartamento,3700000,40.0,2,2,1,laureles,6.239701747894287,-75.5969009399414,5,8.0,37952.470484611345,680619.6840826245,20.0,1600.0,64.88068391909857,1,1
apartamento,5500000,80.0,3,3,1,castropol,6.2158894538879395,-75.56684112548828,7,11.428571428571429,48917.86962109346,739745.95924104,26.666666666666668,6400.0,83.62630406810368,1,1
apartamento,4900000,135.0,3,2,1,las lomas no.1,6.208969593048096,-75.56332397460938,6,22.5,42753.43481316735,816268.3823529412,45.0,18225.0,73.08805079483885,1,1
apartamento,3800000,57.0,1,2,1,patio bonito,6.204399108886719,-75.5739974975586,4,14.25,43819.79935642627,741195.3041622199,57.0,3249.0,74.91102727015866,1,1
apartamento,6000000,130.0,3,3,1,las acacias,6.24064653,-75.59948473,7,18.571428571428573,34935.06493506493,672500.0,43.333333333333336,16900.0,59.7223547453697,1,1
apartamento,3500000,90.0,3,3,1,la floresta,6.256810188293457,-75.60189819335938,7,12.857142857142858,27946.058091286308,552049.1803278689,30.0,8100.0,47.77447524900123,1,1
apartamento,3650000,75.0,2,3,2,la aguacatala,6.196191787719727,-75.57723999023438,7,10.714285714285714,51442.75043487159,795490.506329114,37.5,5625.0,87.9426500640398,1,4
apartamento,4350000,118.0,3,2,2,el diamante no.2,6.185894966125488,-75.57291412353516,7,16.857142857142858,43639.65496971377,774744.3419949707,39.333333333333336,13924.0,74.60306600005285,1,4
apartamento,5000000,110.0,3,2,1,la florida,6.205695152282715,-75.56403350830078,6,18.333333333333332,45025.656955191065,832086.513994911,36.666666666666664,12100.0,76.97247056272704,1,1
apartamento,2950000,110.0,3,3,1,los conquistadores,6.242225646972656,-75.57984161376953,7,15.714285714285714,30995.98034836981,625225.2252252252,36.666666666666664,12100.0,52.98839253588492,1,1
apartamento,3400000,68.0,2,2,1,castropol,6.223730087280273,-75.56568908691406,5,13.6,48917.86962109346,739745.95924104,34.0,4624.0,83.62630406810368,1,1
apartamento,2900000,66.0,2,2,1,laureles,6.23981856,-75.5914161,5,13.2,37952.470484611345,680619.6840826245,33.0,4356.0,64.88068391909857,1,1
apartamento,5700000,130.0,3,2,2,los naranjos,6.194491863250732,-75.5567855834961,7,18.571428571428573,49565.6761295771,827000.8873114464,43.333333333333336,16900.0,84.733745264447,1,4
apartamento,4300000,100.0,3,3,2,los balsos no.1,6.18868,-75.56267,8,12.5,48115.75526148983,871145.722446916,33.333333333333336,10000.0,82.2550697961868,1,4
apartamento,4900000,115.0,4,3,2,santa maria de los angeles,6.18851,-75.57871,9,12.777777777777779,47391.397443391514,760224.6376811594,28.75,13225.0,81.01676224887126,1,4
casa,2200000,96.0,2,2,0,prado,6.25987533,-75.55985973,4,24.0,28816.08339538347,604687.5,48.0,9216.0,49.261804954708616,0,0
apartamento,5000000,127.0,3,2,1,astorga,6.21087,-75.57559,6,21.166666666666668,38915.5662264906,771825.3968253968,42.333333333333336,16129.0,66.52711983261925,1,1
apartamento,1800000,75.0,3,2,0,la pilarica,6.27364,-75.58257,5,15.0,30057.95574288725,528240.7407407408,25.0,5625.0,51.38481634810215,0,0
apartamento,5800000,145.0,3,3,2,el tesoro,6.201311111450195,-75.56085205078125,8,18.125,46307.752975324685,855149.2240350179,48.333333333333336,21025.0,79.1642453160979,1,4
apartamento,4050000,71.0,2,2,2,santa maria de los angeles,6.1899847984313965,-75.5792465209961,6,11.833333333333334,47391.397443391514,760224.6376811594,35.5,5041.0,81.01676224887126,1,4
apartamento,3200000,52.0,1,2,1,los balsos no.2,6.197051525115967,-75.57400512695312,4,13.0,47300.9517913736,836162.823200559,52.0,2704.0,80.86214317702954,1,1
apartamento,3550000,117.0,3,3,0,laureles,6.24623441696167,-75.59576416015625,6,19.5,37952.470484611345,680619.6840826245,39.0,13689.0,64.88068391909857,0,0
apartamento,2850000,73.0,3,2,1,san diego,6.230195045471191,-75.56778717041016,6,12.166666666666666,47227.322103995706,654899.8185117968,24.333333333333332,5329.0,80.73627141129654,1,1
apartamento,3450000,78.0,2,2,1,la aguacatala,6.199490547180176,-75.57752990722656,5,15.6,51442.75043487159,795490.506329114,39.0,6084.0,87.9426500640398,1,1
apartamento,5500000,115.0,3,2,1,lorena,6.249333381652832,-75.59937286376953,6,19.166666666666668,35721.295387634935,652329.7491039427,38.333333333333336,13225.0,61.06643508663359,1,1
apartamento,8300000,130.0,2,2,1,la florida,6.2024641036987305,-75.56478118896484,5,26.0,45025.656955191065,832086.513994911,65.0,16900.0,76.97247056272704,1,1
apartamento,6650000,117.0,3,3,2,el diamante no.2,6.181424140930176,-75.5714111328125,8,14.625,43639.65496971377,774744.3419949707,39.0,13689.0,74.60306600005285,1,4
apartamento,2600000,74.0,3,2,1,campo amor,6.21226692199707,-75.58052825927734,6,12.333333333333334,41497.65990639626,782352.9411764706,24.666666666666668,5476.0,70.94127263364413,1,1
apartamento,7200000,144.0,3,2,1,castropol,6.220615863800049,-75.56827545166016,6,24.0,48917.86962109346,739745.95924104,48.0,20736.0,83.62630406810368,1,1
apartamento,8200000,138.0,3,3,2,los balsos no.1,6.194283485412598,-75.56614685058594,8,17.25,48115.75526148983,871145.722446916,46.0,19044.0,82.2550697961868,1,4
apartamento,9500000,140.0,3,4,2,los balsos no.2,6.195743083953857,-75.56614685058594,9,15.555555555555555,47300.9517913736,836162.823200559,46.666666666666664,19600.0,80.86214317702954,1,4
apartamento,6900000,86.0,3,3,1,castropol,6.214688301086426,-75.56704711914062,7,12.285714285714286,48917.86962109346,739745.95924104,28.666666666666668,7396.0,83.62630406810368,1,1
apartamento,5000000,119.0,3,2,1,los balsos no.1,6.18972635269165,-75.56768035888672,6,19.833333333333332,48115.75526148983,871145.722446916,39.666666666666664,14161.0,82.2550697961868,1,1
apartamento,7500000,170.0,3,4,3,el tesoro,6.205365180969238,-75.5565414428711,10,17.0,46307.752975324685,855149.2240350179,56.666666666666664,28900.0,79.1642453160979,1,9
casa,5600000,300.0,5,5,2,diego echavarria,6.214643955230713,-75.59452819824219,12,25.0,30825.838103025348,571212.1212121212,60.0,90000.0,52.69753017302621,1,4
casa,6400000,130.0,3,4,2,castropol,6.216109752655029,-75.56694793701172,9,14.444444444444445,48917.86962109346,739745.95924104,43.333333333333336,16900.0,83.62630406810368,1,4
apartamento,5650000,121.0,3,4,2,villa carlota,6.220468044281006,-75.57357788085938,9,13.444444444444445,54977.83356366141,748492.5201380898,40.333333333333336,14641.0,93.98596182156422,1,4
apartamento,4450000,95.0,3,2,1,patio bonito,6.2010345458984375,-75.57440948486328,6,15.833333333333334,43819.79935642627,741195.3041622199,31.666666666666668,9025.0,74.91102727015866,1,1
apartamento,5200000,87.0,2,2,2,los balsos no.2,6.196844577789307,-75.56871795654297,6,14.5,47300.9517913736,836162.823200559,43.5,7569.0,80.86214317702954,1,4
apartamento,4100000,117.0,3,3,2,el diamante no.2,6.181424140930176,-75.5714111328125,8,14.625,43639.65496971377,774744.3419949707,39.0,13689.0,74.60306600005285,1,4
apartamento,3350000,91.0,3,2,1,la loma de los bernal,6.217801570892334,-75.60372924804688,6,15.166666666666666,40721.08579809159,584155.2990556138,30.333333333333332,8281.0,69.61370005095546,1,1
apartamento,4200000,98.0,2,2,1,los balsos no.1,6.1868486404418945,-75.55992889404297,5,19.6,48115.75526148983,871145.722446916,49.0,9604.0,82.2550697961868,1,1
apartamento,6700000,130.0,2,2,1,la florida,6.204981327056885,-75.56370544433594,5,26.0,45025.656955191065,832086.513994911,65.0,16900.0,76.97247056272704,1,1
apartamento,3000000,130.0,3,3,1,los conquistadores,6.244534015655518,-75.58387756347656,7,18.571428571428573,30995.98034836981,625225.2252252252,43.333333333333336,16900.0,52.98839253588492,1,1
apartamento,3100000,84.0,3,2,1,santa monica,6.244443893432617,-75.61554718017578,6,14.0,33578.94736842105,543750.0,28.0,7056.0,57.40403833341875,1,1
apartamento,5200000,100.0,2,3,2,el diamante no.2,6.185613632202148,-75.57383728027344,7,14.285714285714286,43639.65496971377,774744.3419949707,50.0,10000.0,74.60306600005285,1,4
apartamento,4000000,98.0,2,2,1,laureles,6.242311000823975,-75.59589385986328,5,19.6,37952.470484611345,680619.6840826245,49.0,9604.0,64.88068391909857,1,1
apartamento,4000000,120.0,4,5,2,lorena,6.24834,-75.59283,11,10.909090909090908,35721.295387634935,652329.7491039427,30.0,14400.0,61.06643508663359,1,4
casa,3700000,94.0,4,3,1,los balsos no.1,6.1906956,-75.5587671,8,11.75,48115.75526148983,871145.722446916,23.5,8836.0,82.2550697961868,1,1
casa,3000000,95.0,4,3,0,la floresta,6.2564746525,-75.60306262,7,13.571428571428571,27946.058091286308,552049.1803278689,23.75,9025.0,47.77447524900123,0,0
apartamento,3600000,100.0,3,2,1,la floresta,6.25528943,-75.6008642,6,16.666666666666668,27946.058091286308,552049.1803278689,33.333333333333336,10000.0,47.77447524900123,1,1
apartamento,6800000,122.0,3,4,2,villa carlota,6.22387,-75.57274,9,13.555555555555555,54977.83356366141,748492.5201380898,40.666666666666664,14884.0,93.98596182156422,1,4
apartamento,2500000,65.0,3,2,1,robledo,6.27582,-75.59794,6,10.833333333333334,31382.113821138213,371153.8461538461,21.666666666666668,4225.0,53.648497226762125,1,1
apartamento,5200000,99.0,3,3,2,santa maria de los angeles,6.189105033874512,-75.57966613769531,8,12.375,47391.397443391514,760224.6376811594,33.0,9801.0,81.01676224887126,1,4
apartamento,3850000,49.0,1,2,1,villa carlota,6.220837593078613,-75.57351684570312,4,12.25,54977.83356366141,748492.5201380898,49.0,2401.0,93.98596182156422,1,1
apartamento,7650000,80.0,2,2,2,los balsos no.2,6.19558048248291,-75.56987762451172,6,13.333333333333334,47300.9517913736,836162.823200559,40.0,6400.0,80.86214317702954,1,4
apartamento,4000000,80.0,1,2,1,las lomas no.2,6.208423614501953,-75.55570220947266,4,20.0,41861.648016276704,816005.6657223796,80.0,6400.0,71.56351928072442,1,1
apartamento,4400000,80.0,1,2,1,las lomas no.2,6.208423614501953,-75.55570220947266,4,20.0,41861.648016276704,816005.6657223796,80.0,6400.0,71.56351928072442,1,1
apartamento,3000000,117.0,3,3,2,alejandria,6.199656963348389,-75.56517028808594,8,14.625,48842.610337435945,852482.6560951438,39.0,13689.0,83.49764646735697,1,4
apartamento,4200000,141.0,2,3,1,laureles,6.243377208709717,-75.59456634521484,6,23.5,37952.470484611345,680619.6840826245,70.5,19881.0,64.88068391909857,1,1
apartamento,6200000,152.0,3,3,2,laureles,6.244709014892578,-75.59669494628906,8,19.0,37952.470484611345,680619.6840826245,50.666666666666664,23104.0,64.88068391909857,1,4
apartamento,3500000,108.0,3,2,1,la loma de los bernal,6.216812610626221,-75.60334777832031,6,18.0,40721.08579809159,584155.2990556138,36.0,11664.0,69.61370005095546,1,1
apartamento,4050000,81.0,2,2,1,los balsos no.1,6.1868486404418945,-75.56169891357422,5,16.2,48115.75526148983,871145.722446916,40.5,6561.0,82.2550697961868,1,1
apartamento,8500000,112.0,3,4,2,laureles,6.243476867675781,-75.59454345703125,9,12.444444444444445,37952.470484611345,680619.6840826245,37.333333333333336,12544.0,64.88068391909857,1,4
apartamento,5150000,98.0,2,2,2,la aguacatala,6.199008464813232,-75.57769775390625,6,16.333333333333332,51442.75043487159,795490.506329114,49.0,9604.0,87.9426500640398,1,4
apartamento,3600000,68.0,3,2,1,santa fe,6.220767021179199,-75.58133697509766,6,11.333333333333334,48109.58350181965,701917.4041297935,22.666666666666668,4624.0,82.24451902088094,1,1
apartamento,4200000,93.0,3,4,1,castropol,6.216097831726074,-75.5669174194336,8,11.625,48917.86962109346,739745.95924104,31.0,8649.0,83.62630406810368,1,1
apartamento,3650000,60.0,1,2,1,alejandria,6.197608947753906,-75.56944274902344,4,15.0,48842.610337435945,852482.6560951438,60.0,3600.0,83.49764646735697,1,1
apartamento,4300000,140.0,3,3,1,la florida,6.2060627937316895,-75.56844329833984,7,20.0,45025.656955191065,832086.513994911,46.666666666666664,19600.0,76.97247056272704,1,1
apartamento,3100000,118.0,3,2,1,nueva villa del aburra,6.234978199005127,-75.60237884521484,6,19.666666666666668,27963.362068965518,576666.6666666666,39.333333333333336,13924.0,47.804056825431225,1,1
casa,8150000,267.0,4,5,2,asomadera no.2,6.2176947593688965,-75.56061553955078,11,24.272727272727273,51821.74887892377,772562.6740947075,66.75,71289.0,88.59055724742987,1,4
apartamento,3900000,77.0,2,3,1,el tesoro,6.2064528465271,-75.55963897705078,6,12.833333333333334,46307.752975324685,855149.2240350179,38.5,5929.0,79.1642453160979,1,1
apartamento,3700000,70.0,2,2,1,la florida,6.2040276527404785,-75.56429290771484,5,14.0,45025.656955191065,832086.513994911,35.0,4900.0,76.97247056272704,1,1
apartamento,3250000,60.0,2,2,1,el tesoro,6.203347682952881,-75.55573272705078,5,12.0,46307.752975324685,855149.2240350179,30.0,3600.0,79.1642453160979,1,1
apartamento,3300000,90.0,3,2,1,san joaquin,6.246933937072754,-75.5854721069336,6,15.0,32753.58855757907,569436.2017804154,30.0,8100.0,55.9930670990746,1,1
apartamento,7400000,104.0,3,2,2,castropol,6.217641353607178,-75.5670166015625,7,14.857142857142858,48917.86962109346,739745.95924104,34.666666666666664,10816.0,83.62630406810368,1,4
apartamento,4000000,68.0,2,2,1,la aguacatala,6.195169925689697,-75.57818603515625,5,13.6,51442.75043487159,795490.506329114,34.0,4624.0,87.9426500640398,1,1
apartamento,5200000,162.0,3,4,2,los balsos no.2,6.195840358734131,-75.57015991210938,9,18.0,47300.9517913736,836162.823200559,54.0,26244.0,80.86214317702954,1,4
apartamento,3700000,98.0,2,2,1,la castellana,6.240044116973877,-75.60612487792969,5,19.6,32305.993690851734,627000.0,49.0,9604.0,55.22789264004374,1,1
apartamento,4400000,92.0,1,2,2,la florida,6.205695152282715,-75.56403350830078,5,18.4,45025.656955191065,832086.513994911,92.0,8464.0,76.97247056272704,1,4
apartamento,3200000,65.0,1,2,1,el tesoro,6.206456661224365,-75.55496215820312,4,16.25,46307.752975324685,855149.2240350179,65.0,4225.0,79.1642453160979,1,1
apartamento,3650000,65.0,2,2,1,altos del poblado,6.215419769287109,-75.55437469482422,5,13.0,58495.7928802589,930019.3704600484,32.5,4225.0,100.0,1,1
apartamento,5200000,68.0,3,2,1,santa fe,6.221495628356934,-75.58138275146484,6,11.333333333333334,48109.58350181965,701917.4041297935,22.666666666666668,4624.0,82.24451902088094,1,1
apartamento,3770000,65.0,2,2,1,castropol,6.21912,-75.5669,5,13.0,48917.86962109346,739745.95924104,32.5,4225.0,83.62630406810368,1,1
apartamento,4000000,180.0,3,2,0,boston,6.2441345,-75.55833344,5,36.0,28429.680759275238,599090.9090909091,60.0,32400.0,48.60124012246641,0,0
apartamento,4800000,126.0,3,3,2,el diamante no.2,6.18284069,-75.5730534,8,15.75,43639.65496971377,774744.3419949707,42.0,15876.0,74.60306600005285,1,4
apartamento,9500000,112.0,2,3,2,castropol,6.21588,-75.56765,7,16.0,48917.86962109346,739745.95924104,56.0,12544.0,83.62630406810368,1,4
apartamento,3800000,90.0,2,2,1,patio bonito,6.204787731170654,-75.57544708251953,5,18.0,43819.79935642627,741195.3041622199,45.0,8100.0,74.91102727015866,1,1
apartamento,4400000,78.0,2,3,1,los balsos no.2,6.195743083953857,-75.56614685058594,6,13.0,47300.9517913736,836162.823200559,39.0,6084.0,80.86214317702954,1,1
apartamento,2600000,80.0,2,2,1,santa teresita,6.2452263832092285,-75.61233520507812,5,16.0,26323.37946103423,520028.77697841724,40.0,6400.0,45.00046612739874,1,1
apartamento,4000000,85.0,3,2,2,perpetuo socorro,6.23344713,-75.570075,7,12.142857142857142,50836.120401337794,608000.0,28.333333333333332,7225.0,86.90560106672888,1,4
apartamento,3600000,70.0,2,2,1,castropol,6.216109752655029,-75.56694793701172,5,14.0,48917.86962109346,739745.95924104,35.0,4900.0,83.62630406810368,1,1
apartamento,3400000,100.0,3,2,1,laureles,6.246462345123291,-75.59394836425781,6,16.666666666666668,37952.470484611345,680619.6840826245,33.333333333333336,10000.0,64.88068391909857,1,1
apartamento,8000000,100.0,3,2,1,laureles,6.241871356964111,-75.59528350830078,6,16.666666666666668,37952.470484611345,680619.6840826245,33.333333333333336,10000.0,64.88068391909857,1,1
apartamento,6200000,143.0,3,4,2,alejandria,6.200108528137207,-75.56945037841797,9,15.88888888888889,48842.610337435945,852482.6560951438,47.666666666666664,20449.0,83.49764646735697,1,4
apartamento,4050000,85.0,3,2,1,patio bonito,6.204209804534912,-75.57378387451172,6,14.166666666666666,43819.79935642627,741195.3041622199,28.333333333333332,7225.0,74.91102727015866,1,1
apartamento,2950000,70.0,2,2,1,lorena,6.249434947967529,-75.60053253173828,5,14.0,35721.295387634935,652329.7491039427,35.0,4900.0,61.06643508663359,1,1
apartamento,2400000,70.0,2,2,1,facultad de minas u. nacional,6.273697853088379,-75.5896224975586,5,14.0,34285.71428571428,480000.0,35.0,4900.0,58.61227380214721,1,1
apartamento,2750000,56.0,3,2,1,asomadera no.1,6.225416660308838,-75.5613021850586,6,9.333333333333334,48571.57944764218,665557.1635311143,18.666666666666668,3136.0,83.03431247964855,1,1
apartamento,5600000,102.0,3,3,2,castropol,6.2158894538879395,-75.56684112548828,8,12.75,48917.86962109346,739745.95924104,34.0,10404.0,83.62630406810368,1,4
apartamento,9150000,218.0,4,4,2,la florida,6.205738544464111,-75.56405639648438,10,21.8,45025.656955191065,832086.513994911,54.5,47524.0,76.97247056272704,1,4
apartamento,6500000,118.0,2,2,2,el tesoro,6.200703144073486,-75.55695343017578,6,19.666666666666668,46307.752975324685,855149.2240350179,59.0,13924.0,79.1642453160979,1,4
apartamento,4650000,82.0,1,2,1,alejandria,6.200725555419922,-75.56977844238281,4,20.5,48842.610337435945,852482.6560951438,82.0,6724.0,83.49764646735697,1,1
apartamento,4150000,80.0,2,3,1,villa carlota,6.221945762634277,-75.57394409179688,6,13.333333333333334,54977.83356366141,748492.5201380898,40.0,6400.0,93.98596182156422,1,1
apartamento,4600000,134.0,3,4,2,alejandria,6.2014994621276855,-75.5705337524414,9,14.88888888888889,48842.610337435945,852482.6560951438,44.666666666666664,17956.0,83.49764646735697,1,4
apartamento,6700000,135.0,3,4,2,alejandria,6.2000956535339355,-75.56864166259766,9,15.0,48842.610337435945,852482.6560951438,45.0,18225.0,83.49764646735697,1,4
apartamento,7350000,61.0,1,2,1,los balsos no.2,6.194456100463867,-75.57293701171875,4,15.25,47300.9517913736,836162.823200559,61.0,3721.0,80.86214317702954,1,1
apartamento,2700000,61.0,3,2,1,asomadera no.1,6.225736141204834,-75.56065368652344,6,10.166666666666666,48571.57944764218,665557.1635311143,20.333333333333332,3721.0,83.03431247964855,1,1
apartamento,8000000,130.0,2,2,2,san lucas,6.1822829246521,-75.56431579589844,6,21.666666666666668,47354.22828936933,904097.3871733967,65.0,16900.0,80.95322066375543,1,4
apartamento,7500000,300.0,3,4,2,alejandria,6.201134204864502,-75.57232666015625,9,33.333333333333336,48842.610337435945,852482.6560951438,100.0,90000.0,83.49764646735697,1,4
apartamento,5900000,91.0,3,2,1,altos del poblado,6.216907501220703,-75.55632019042969,6,15.166666666666666,58495.7928802589,930019.3704600484,30.333333333333332,8281.0,100.0,1,1
apartamento,3600000,78.0,3,2,1,castropol,6.216109752655029,-75.56694793701172,6,13.0,48917.86962109346,739745.95924104,26.0,6084.0,83.62630406810368,1,1
apartamento,3500000,76.0,3,2,1,los balsos no.1,6.186577796936035,-75.5617446899414,6,12.666666666666666,48115.75526148983,871145.722446916,25.333333333333332,5776.0,82.2550697961868,1,1
apartamento,8300000,125.0,3,3,2,los balsos no.1,6.188230991363525,-75.56136322021484,8,15.625,48115.75526148983,871145.722446916,41.666666666666664,15625.0,82.2550697961868,1,4
apartamento,5150000,135.0,3,3,2,la aguacatala,6.199697971343994,-75.57489776611328,8,16.875,51442.75043487159,795490.506329114,45.0,18225.0,87.9426500640398,1,4
apartamento,3550000,84.0,3,2,1,santa maria de los angeles,6.190176486968994,-75.57928466796875,6,14.0,47391.397443391514,760224.6376811594,28.0,7056.0,81.01676224887126,1,1
apartamento,3600000,200.0,5,3,0,la floresta,6.255086421966553,-75.60298919677734,8,25.0,27946.058091286308,552049.1803278689,40.0,40000.0,47.77447524900123,0,0
apartamento,2800000,87.0,3,2,1,santa teresita,6.2429294322,-75.6153988838,6,14.5,26323.37946103423,520028.77697841724,29.0,7569.0,45.00046612739874,1,1
apartamento,3300000,58.0,2,2,1,castropol,6.21747649,-75.56855888,5,11.6,48917.86962109346,739745.95924104,29.0,3364.0,83.62630406810368,1,1
apartamento,6900000,125.0,3,2,2,villa carlota,6.21999,-75.57405,7,17.857142857142858,54977.83356366141,748492.5201380898,41.666666666666664,15625.0,93.98596182156422,1,4
apartamento,3500000,80.0,2,2,1,asomadera no.1,6.229627,-75.563626,5,16.0,48571.57944764218,665557.1635311143,40.0,6400.0,83.03431247964855,1,1
apartamento,6200000,130.0,3,3,2,los balsos no.1,6.19296,-75.56663,8,16.25,48115.75526148983,871145.722446916,43.333333333333336,16900.0,82.2550697961868,1,4
apartamento,3700000,52.0,2,2,1,las palmas,6.24096,-75.56425,5,10.4,44135.83717530642,781094.527363184,26.0,2704.0,75.45130171267638,1,1
apartamento,3800000,110.0,3,3,2,laureles,6.241669178009033,-75.59459686279297,8,13.75,37952.470484611345,680619.6840826245,36.666666666666664,12100.0,64.88068391909857,1,4
apartamento,5850000,122.0,2,3,2,los balsos no.1,6.18696403503418,-75.5599594116211,7,17.428571428571427,48115.75526148983,871145.722446916,61.0,14884.0,82.2550697961868,1,4
apartamento,3650000,42.0,1,1,1,villa carlota,6.222131729125977,-75.57250213623047,3,14.0,54977.83356366141,748492.5201380898,42.0,1764.0,93.98596182156422,1,1
apartamento,8650000,320.0,3,4,2,lalinde,6.211753845214844,-75.5692367553711,9,35.55555555555556,53427.21397778484,890320.987654321,106.66666666666667,102400.0,91.33513941276176,1,4
apartamento,5150000,92.0,2,2,2,santa maria de los angeles,6.188520908355713,-75.57913208007812,6,15.333333333333334,47391.397443391514,760224.6376811594,46.0,8464.0,81.01676224887126,1,4
apartamento,8500000,100.0,2,2,2,san lucas,6.177948474884033,-75.56547546386719,6,16.666666666666668,47354.22828936933,904097.3871733967,50.0,10000.0,80.95322066375543,1,4
apartamento,3400000,85.0,3,2,1,patio bonito,6.206488609313965,-75.57408905029297,6,14.166666666666666,43819.79935642627,741195.3041622199,28.333333333333332,7225.0,74.91102727015866,1,1
casa,7800000,170.0,3,4,2,san lucas,6.179197311401367,-75.56238555908203,9,18.88888888888889,47354.22828936933,904097.3871733967,56.666666666666664,28900.0,80.95322066375543,1,4
apartamento,3950000,127.0,3,3,1,patio bonito,6.20634651184082,-75.57542419433594,7,18.142857142857142,43819.79935642627,741195.3041622199,42.333333333333336,16129.0,74.91102727015866,1,1
casa,2950000,84.0,4,3,0,la loma de los bernal,6.217579364776611,-75.60416412353516,7,12.0,40721.08579809159,584155.2990556138,21.0,7056.0,69.61370005095546,0,0
apartamento,3300000,150.0,3,3,2,alejandria,6.201523780822754,-75.57217407226562,8,18.75,48842.610337435945,852482.6560951438,50.0,22500.0,83.49764646735697,1,4
apartamento,3850000,118.0,3,2,2,santa maria de los angeles,6.188607692718506,-75.58257293701172,7,16.857142857142858,47391.397443391514,760224.6376811594,39.333333333333336,13924.0,81.01676224887126,1,4
apartamento,4000000,120.0,3,2,1,laureles,6.242885112762451,-75.5961685180664,6,20.0,37952.470484611345,680619.6840826245,40.0,14400.0,64.88068391909857,1,1
apartamento,4750000,124.0,3,2,2,laureles,6.242885112762451,-75.5961685180664,7,17.714285714285715,37952.470484611345,680619.6840826245,41.333333333333336,15376.0,64.88068391909857,1,4
apartamento,5700000,112.0,3,3,2,el tesoro,6.204051494598389,-75.55583953857422,8,14.0,46307.752975324685,855149.2240350179,37.333333333333336,12544.0,79.1642453160979,1,4
apartamento,4200000,55.0,1,2,1,alejandria,6.200577259063721,-75.56989288330078,4,13.75,48842.610337435945,852482.6560951438,55.0,3025.0,83.49764646735697,1,1
apartamento,9700000,138.0,2,3,2,los balsos no.1,6.1891984939575195,-75.56619262695312,7,19.714285714285715,48115.75526148983,871145.722446916,69.0,19044.0,82.2550697961868,1,4
apartamento,3200000,73.0,3,2,1,castropol,6.21481466293335,-75.56729125976562,6,12.166666666666666,48917.86962109346,739745.95924104,24.333333333333332,5329.0,83.62630406810368,1,1
apartamento,7800000,100.0,2,2,2,san lucas,6.179927349090576,-75.5640640258789,6,16.666666666666668,47354.22828936933,904097.3871733967,50.0,10000.0,80.95322066375543,1,4
apartamento,7000000,170.0,3,4,2,la florida,6.205695152282715,-75.56403350830078,9,18.88888888888889,45025.656955191065,832086.513994911,56.666666666666664,28900.0,76.97247056272704,1,4
apartamento,2950000,73.0,3,2,1,san joaquin,6.247680187225342,-75.58329772949219,6,12.166666666666666,32753.58855757907,569436.2017804154,24.333333333333332,5329.0,55.9930670990746,1,1
apartamento,3950000,90.0,2,2,1,el tesoro,6.2048797607421875,-75.56106567382812,5,18.0,46307.752975324685,855149.2240350179,45.0,8100.0,79.1642453160979,1,1
apartamento,4700000,72.0,2,2,2,el castillo,6.187862396240234,-75.56877899169922,6,12.0,56343.83279364145,907109.0047393364,36.0,5184.0,96.32117118059666,1,4
apartamento,3100000,100.0,3,2,2,los conquistadores,6.2418622970581055,-75.58100891113281,7,14.285714285714286,30995.98034836981,625225.2252252252,33.333333333333336,10000.0,52.98839253588492,1,4
casa,5700000,170.0,3,3,3,los balsos no.1,6.186807155609131,-75.55979919433594,9,18.88888888888889,48115.75526148983,871145.722446916,56.666666666666664,28900.0,82.2550697961868,1,9
apartamento,3600000,74.0,2,2,1,patio bonito,6.20547,-75.5748,5,14.8,43819.79935642627,741195.3041622199,37.0,5476.0,74.91102727015866,1,1
apartamento,8500000,140.0,3,3,2,san lucas,6.17994,-75.56134,8,17.5,47354.22828936933,904097.3871733967,46.666666666666664,19600.0,80.95322066375543,1,4
apartamento,4200000,80.0,2,2,1,santa maria de los angeles,6.1888294693,-75.5787865951,5,16.0,47391.397443391514,760224.6376811594,40.0,6400.0,81.01676224887126,1,1
apartamento,4200000,100.0,3,2,1,el diamante no.2,6.18470957,-75.57635238,6,16.666666666666668,43639.65496971377,774744.3419949707,33.333333333333336,10000.0,74.60306600005285,1,1
apartamento,9000000,297.0,4,5,2,las palmas,6.23866,-75.56479,11,27.0,44135.83717530642,781094.527363184,74.25,88209.0,75.45130171267638,1,4
apartamento,3400000,94.0,3,2,1,la loma de los bernal,6.217579364776611,-75.60416412353516,6,15.666666666666666,40721.08579809159,584155.2990556138,31.333333333333332,8836.0,69.61370005095546,1,1
apartamento,4000000,86.0,3,2,1,alejandria,6.197247505187988,-75.56945037841797,6,14.333333333333334,48842.610337435945,852482.6560951438,28.666666666666668,7396.0,83.49764646735697,1,1
apartamento,3150000,60.0,2,2,1,santa maria de los angeles,6.190059185028076,-75.57935333251953,5,12.0,47391.397443391514,760224.6376811594,30.0,3600.0,81.01676224887126,1,1
apartamento,4100000,120.0,3,2,1,castropol,6.216109752655029,-75.56694793701172,6,20.0,48917.86962109346,739745.95924104,40.0,14400.0,83.62630406810368,1,1
apartamento,8200000,120.0,2,3,2,san lucas,6.1808180809021,-75.56747436523438,7,17.142857142857142,47354.22828936933,904097.3871733967,60.0,14400.0,80.95322066375543,1,4
apartamento,5150000,115.0,3,4,2,alejandria,6.200739860534668,-75.56987762451172,9,12.777777777777779,48842.610337435945,852482.6560951438,38.333333333333336,13225.0,83.49764646735697,1,4
apartamento,3300000,95.0,3,2,2,la loma de los bernal,6.217426776885986,-75.6028823852539,7,13.571428571428571,40721.08579809159,584155.2990556138,31.666666666666668,9025.0,69.61370005095546,1,4
apartamento,4050000,80.0,2,2,1,santa maria de los angeles,6.190048694610596,-75.57915496826172,5,16.0,47391.397443391514,760224.6376811594,40.0,6400.0,81.01676224887126,1,1
apartamento,6000000,90.0,2,2,2,el castillo,6.189358234405518,-75.56795501708984,6,15.0,56343.83279364145,907109.0047393364,45.0,8100.0,96.32117118059666,1,4
apartamento,6800000,128.0,3,4,2,lalinde,6.21368408203125,-75.56477355957031,9,14.222222222222221,53427.21397778484,890320.987654321,42.666666666666664,16384.0,91.33513941276176,1,4
apartamento,4650000,74.0,1,2,1,san lucas,6.17993688583374,-75.56388092041016,4,18.5,47354.22828936933,904097.3871733967,74.0,5476.0,80.95322066375543,1,1
apartamento,5300000,110.0,3,2,2,laureles,6.242758750915527,-75.59607696533203,7,15.714285714285714,37952.470484611345,680619.6840826245,36.666666666666664,12100.0,64.88068391909857,1,4
apartamento,4200000,95.0,3,2,1,la florida,6.204973220825195,-75.5646743774414,6,15.833333333333334,45025.656955191065,832086.513994911,31.666666666666668,9025.0,76.97247056272704,1,1
apartamento,6800000,130.0,3,4,2,castropol,6.216109752655029,-75.56694793701172,9,14.444444444444445,48917.86962109346,739745.95924104,43.333333333333336,16900.0,83.62630406810368,1,4
apartamento,3000000,70.0,2,2,1,la loma de los bernal,6.2178120613098145,-75.60408020019531,5,14.0,40721.08579809159,584155.2990556138,35.0,4900.0,69.61370005095546,1,1
apartamento,5200000,92.0,2,2,2,castropol,6.2188615798950195,-75.56758117675781,6,15.333333333333334,48917.86962109346,739745.95924104,46.0,8464.0,83.62630406810368,1,4
apartamento,8200000,127.0,3,2,2,los balsos no.2,6.196805000305176,-75.57260131835938,7,18.142857142857142,47300.9517913736,836162.823200559,42.333333333333336,16129.0,80.86214317702954,1,4
apartamento,4900000,100.0,3,2,1,altos del poblado,6.207242488861084,-75.55181884765625,6,16.666666666666668,58495.7928802589,930019.3704600484,33.333333333333336,10000.0,100.0,1,1
apartamento,6700000,93.0,2,2,2,los balsos no.1,6.189451217651367,-75.56155395507812,6,15.5,48115.75526148983,871145.722446916,46.5,8649.0,82.2550697961868,1,4
apartamento,4200000,67.0,2,2,1,asomadera no.1,6.225461483001709,-75.56105041503906,5,13.4,48571.57944764218,665557.1635311143,33.5,4489.0,83.03431247964855,1,1
apartamento,3900000,137.0,3,3,2,laureles,6.2426557540893555,-75.59835052490234,8,17.125,37952.470484611345,680619.6840826245,45.666666666666664,18769.0,64.88068391909857,1,4
apartamento,3950000,70.0,3,2,1,villa carlota,6.220851898193359,-75.5733642578125,6,11.666666666666666,54977.83356366141,748492.5201380898,23.333333333333332,4900.0,93.98596182156422,1,1
apartamento,7000000,135.0,3,2,2,bolivariana,6.247818946838379,-75.59019470214844,7,19.285714285714285,37400.24554941682,658648.6486486486,45.0,18225.0,63.936641778623724,1,4
apartamento,3200000,90.0,3,2,1,santa maria de los angeles,6.187917232513428,-75.58160400390625,6,15.0,47391.397443391514,760224.6376811594,30.0,8100.0,81.01676224887126,1,1
apartamento,6600000,135.0,3,3,2,santa maria de los angeles,6.190134048461914,-75.57928466796875,8,16.875,47391.397443391514,760224.6376811594,45.0,18225.0,81.01676224887126,1,4
apartamento,8200000,150.0,3,4,2,castropol,6.218486785888672,-75.56706237792969,9,16.666666666666668,48917.86962109346,739745.95924104,50.0,22500.0,83.62630406810368,1,4
apartamento,5000000,117.0,3,4,2,los balsos no.2,6.19848,-75.57179,9,13.0,47300.9517913736,836162.823200559,39.0,13689.0,80.86214317702954,1,4
apartamento,3600000,65.0,1,1,1,villa carlota,6.223212,-75.572275,3,21.666666666666668,54977.83356366141,748492.5201380898,65.0,4225.0,93.98596182156422,1,1
apartamento,3500000,77.0,3,2,2,san lucas,6.18147,-75.56683,7,11.0,47354.22828936933,904097.3871733967,25.666666666666668,5929.0,80.95322066375543,1,4
apartamento,3500000,140.0,4,4,1,florida nueva,6.25147,-75.5895,9,15.555555555555555,34915.907498248074,668791.9463087248,35.0,19600.0,59.68960463485137,1,1
apartamento,6500000,96.0,1,2,1,los balsos no.1,6.19131,-75.56362,4,24.0,48115.75526148983,871145.722446916,96.0,9216.0,82.2550697961868,1,1
apartamento,2600000,55.0,3,2,1,calasanz parte alta,6.26592,-75.60224,6,9.166666666666666,33556.33802816901,458173.07692307694,18.333333333333332,3025.0,57.36538710887971,1,1
apartamento,3800000,127.0,3,3,1,el poblado,6.20906,-75.5677,7,18.142857142857142,51331.92389006342,930592.3344947735,42.333333333333336,16129.0,87.7531893535319,1,1
apartamento,7700000,159.0,3,4,3,alejandria,6.1990437507629395,-75.56877136230469,10,15.9,48842.610337435945,852482.6560951438,53.0,25281.0,83.49764646735697,1,9
apartamento,6700000,97.0,3,2,2,villa carlota,6.220211982727051,-75.5730209350586,7,13.857142857142858,54977.83356366141,748492.5201380898,32.333333333333336,9409.0,93.98596182156422,1,4
apartamento,8800000,130.0,3,2,2,los balsos no.1,6.191540718078613,-75.5601806640625,7,18.571428571428573,48115.75526148983,871145.722446916,43.333333333333336,16900.0,82.2550697961868,1,4
apartamento,3900000,127.0,2,2,1,nueva villa del aburra,6.235244274139404,-75.60541534423828,5,25.4,27963.362068965518,576666.6666666666,63.5,16129.0,47.804056825431225,1,1
apartamento,3550000,68.0,2,2,1,villa carlota,6.223369121551514,-75.57502746582031,5,13.6,54977.83356366141,748492.5201380898,34.0,4624.0,93.98596182156422,1,1
apartamento,3800000,84.0,3,2,1,la loma de los bernal,6.220260143280029,-75.60388946533203,6,14.0,40721.08579809159,584155.2990556138,28.0,7056.0,69.61370005095546,1,1
apartamento,3200000,90.0,2,2,2,alejandria,6.20152371,-75.57217188,6,15.0,48842.610337435945,852482.6560951438,45.0,8100.0,83.49764646735697,1,4
apartamento,3350000,100.0,3,2,1,altos del poblado,6.215071201324463,-75.55229187011719,6,16.666666666666668,58495.7928802589,930019.3704600484,33.333333333333336,10000.0,100.0,1,1
apartamento,3950000,76.0,2,2,1,la aguacatala,6.198647975921631,-75.57756042480469,5,15.2,51442.75043487159,795490.506329114,38.0,5776.0,87.9426500640398,1,1
apartamento,3800000,70.0,1,2,1,villa carlota,6.221086502075195,-75.57373046875,4,17.5,54977.83356366141,748492.5201380898,70.0,4900.0,93.98596182156422,1,1
apartamento,4200000,76.0,3,2,1,san diego,6.234375953674316,-75.56864166259766,6,12.666666666666666,47227.322103995706,654899.8185117968,25.333333333333332,5776.0,80.73627141129654,1,1
apartamento,7200000,132.0,3,2,2,los balsos no.2,6.1974687576293945,-75.57073211669922,7,18.857142857142858,47300.9517913736,836162.823200559,44.0,17424.0,80.86214317702954,1,4
apartamento,3150000,50.0,2,2,1,castropol,6.215903282165527,-75.56757354736328,5,10.0,48917.86962109346,739745.95924104,25.0,2500.0,83.62630406810368,1,1
apartamento,3600000,50.0,1,2,1,las lomas no.2,6.208901882171631,-75.55692291259766,4,12.5,41861.648016276704,816005.6657223796,50.0,2500.0,71.56351928072442,1,1
apartamento,4600000,80.0,3,2,1,los colores,6.265616416931152,-75.59269714355469,6,13.333333333333334,34639.764996907856,599064.1711229946,26.666666666666668,6400.0,59.21753222118996,1,1
apartamento,3900000,76.0,2,2,2,la aguacatala,6.199647903442383,-75.57765197753906,6,12.666666666666666,51442.75043487159,795490.506329114,38.0,5776.0,87.9426500640398,1,4
apartamento,4900000,120.0,3,2,2,san lucas,6.181035041809082,-75.56879425048828,7,17.142857142857142,47354.22828936933,904097.3871733967,40.0,14400.0,80.95322066375543,1,4
apartamento,5200000,91.0,3,2,2,alejandria,6.197018146514893,-75.56561279296875,7,13.0,48842.610337435945,852482.6560951438,30.333333333333332,8281.0,83.49764646735697,1,4
apartamento,8200000,163.0,3,4,2,la florida,6.204309463500977,-75.56580352783203,9,18.11111111111111,45025.656955191065,832086.513994911,54.333333333333336,26569.0,76.97247056272704,1,4
apartamento,2900000,127.0,2,2,1,nueva villa del aburra,6.235244274139404,-75.60541534423828,5,25.4,27963.362068965518,576666.6666666666,63.5,16129.0,47.804056825431225,1,1
apartamento,3800000,92.0,3,2,1,castropol,6.224756717681885,-75.56730651855469,6,15.333333333333334,48917.86962109346,739745.95924104,30.666666666666668,8464.0,83.62630406810368,1,1
apartamento,7650000,94.0,3,2,2,castropol,6.225136756896973,-75.56725311279297,7,13.428571428571429,48917.86962109346,739745.95924104,31.333333333333332,8836.0,83.62630406810368,1,4
apartamento,6950000,115.0,2,3,2,villa carlota,6.220894813537598,-75.5707015991211,7,16.428571428571427,54977.83356366141,748492.5201380898,57.5,13225.0,93.98596182156422,1,4
apartamento,3800000,70.0,2,2,1,los naranjos,6.195765972137451,-75.56512451171875,5,14.0,49565.6761295771,827000.8873114464,35.0,4900.0,84.733745264447,1,1
casa,6800000,240.0,4,3,1,lorena,6.24867,-75.599712,8,30.0,35721.295387634935,652329.7491039427,60.0,57600.0,61.06643508663359,1,1
casa,3500000,110.0,3,3,1,robledo,6.2746183,-75.593815,7,15.714285714285714,31382.113821138213,371153.8461538461,36.666666666666664,12100.0,53.648497226762125,1,1
apartamento,4800000,92.0,4,3,1,cristo rey,6.20371,-75.58272,8,11.5,25753.871230643847,585185.1851851852,23.0,8464.0,44.02687776770906,1,1
casa,4400000,170.0,5,3,1,la america,6.2506533,-75.604783,9,18.88888888888889,26048.171275646742,423188.40579710144,34.0,28900.0,44.529990949891804,1,1
apartamento,3300000,80.0,3,2,1,la loma de los bernal,6.2178,-75.60134,6,13.333333333333334,40721.08579809159,584155.2990556138,26.666666666666668,6400.0,69.61370005095546,1,1
apartamento,4600000,85.0,3,2,1,castropol,6.22343668,-75.56601549,6,14.166666666666666,48917.86962109346,739745.95924104,28.333333333333332,7225.0,83.62630406810368,1,1
apartamento,5500000,120.0,2,4,2,las lomas no.1,6.21159,-75.5623,8,15.0,42753.43481316735,816268.3823529412,60.0,14400.0,73.08805079483885,1,4
apartamento,4300000,100.0,3,2,1,lorena,6.248704433441162,-75.59989929199219,6,16.666666666666668,35721.295387634935,652329.7491039427,33.333333333333336,10000.0,61.06643508663359,1,1
apartamento,3000000,86.0,3,2,2,los naranjos,6.196056365966797,-75.56204223632812,7,12.285714285714286,49565.6761295771,827000.8873114464,28.666666666666668,7396.0,84.733745264447,1,4
apartamento,4800000,80.0,1,2,2,el castillo,6.191030025482178,-75.5727310180664,5,16.0,56343.83279364145,907109.0047393364,80.0,6400.0,96.32117118059666,1,4
apartamento,5500000,140.0,3,3,2,el tesoro,6.199198246002197,-75.56013488769531,8,17.5,46307.752975324685,855149.2240350179,46.666666666666664,19600.0,79.1642453160979,1,4
apartamento,5200000,177.0,4,3,2,la florida,6.2048540115356445,-75.56492614746094,9,19.666666666666668,45025.656955191065,832086.513994911,44.25,31329.0,76.97247056272704,1,4
apartamento,4700000,147.0,4,3,2,la florida,6.201684474945068,-75.56742858886719,9,16.333333333333332,45025.656955191065,832086.513994911,36.75,21609.0,76.97247056272704,1,4
casa,3600000,140.0,3,2,0,naranjal,6.251328468322754,-75.58769226074219,5,28.0,25925.925925925927,583333.3333333334,46.666666666666664,19600.0,44.32100951088293,0,0
apartamento,5350000,98.5,1,2,1,alejandria,6.19920539855957,-75.57052612304688,4,24.625,48842.610337435945,852482.6560951438,98.5,9702.25,83.49764646735697,1,1
apartamento,2450000,58.0,1,2,1,la loma de los bernal,6.219230651855469,-75.60443115234375,4,14.5,40721.08579809159,584155.2990556138,58.0,3364.0,69.61370005095546,1,1
apartamento,4300000,90.0,3,2,1,asomadera no.1,6.22565221786499,-75.56111907958984,6,15.0,48571.57944764218,665557.1635311143,30.0,8100.0,83.03431247964855,1,1
apartamento,2650000,44.0,1,1,1,santa maria de los angeles,6.188781261444092,-75.57971954345703,3,14.666666666666666,47391.397443391514,760224.6376811594,44.0,1936.0,81.01676224887126,1,1
apartamento,2450000,60.0,3,2,0,la loma de los bernal,6.217579364776611,-75.60416412353516,5,12.0,40721.08579809159,584155.2990556138,20.0,3600.0,69.61370005095546,0,0
apartamento,7100000,86.0,2,2,1,la florida,6.205088138580322,-75.56409454345703,5,17.2,45025.656955191065,832086.513994911,43.0,7396.0,76.97247056272704,1,1
apartamento,4700000,1300.0,3,2,2,los conquistadores,6.242647647857666,-75.58167266845703,7,185.71428571428572,30995.98034836981,625225.2252252252,433.3333333333333,1690000.0,52.98839253588492,1,4
apartamento,3100000,61.0,2,2,1,castropol,6.216244220733643,-75.56692504882812,5,12.2,48917.86962109346,739745.95924104,30.5,3721.0,83.62630406810368,1,1
apartamento,3100000,44.0,1,1,1,villa carlota,6.22439432144165,-75.57479095458984,3,14.666666666666666,54977.83356366141,748492.5201380898,44.0,1936.0,93.98596182156422,1,1
apartamento,4350000,108.0,3,2,2,los balsos no.2,6.194097518920898,-75.56945037841797,7,15.428571428571429,47300.9517913736,836162.823200559,36.0,11664.0,80.86214317702954,1,4
apartamento,5700000,93.0,2,2,2,los balsos no.1,6.189451217651367,-75.56155395507812,6,15.5,48115.75526148983,871145.722446916,46.5,8649.0,82.2550697961868,1,4
apartamento,3650000,83.0,3,2,1,santa fe,6.2204742431640625,-75.58168029785156,6,13.833333333333334,48109.58350181965,701917.4041297935,27.666666666666668,6889.0,82.24451902088094,1,1
apartamento,3500000,63.0,2,1,1,asomadera no.1,6.225736141204834,-75.56065368652344,4,15.75,48571.57944764218,665557.1635311143,31.5,3969.0,83.03431247964855,1,1
apartamento,5950000,110.0,2,3,2,alejandria,6.199944019317627,-75.57036590576172,7,15.714285714285714,48842.610337435945,852482.6560951438,55.0,12100.0,83.49764646735697,1,4
apartamento,3900000,95.0,2,2,1,lalinde,6.21235990524292,-75.56549072265625,5,19.0,53427.21397778484,890320.987654321,47.5,9025.0,91.33513941276176,1,1
apartamento,5150000,95.0,3,4,2,los conquistadores,6.241677761077881,-75.58100891113281,9,10.555555555555555,30995.98034836981,625225.2252252252,31.666666666666668,9025.0,52.98839253588492,1,4
apartamento,3150000,65.0,2,2,1,los naranjos,6.19593620300293,-75.56546783447266,5,13.0,49565.6761295771,827000.8873114464,32.5,4225.0,84.733745264447,1,1
apartamento,3900000,50.0,1,1,1,la florida,6.205695152282715,-75.56403350830078,3,16.666666666666668,45025.656955191065,832086.513994911,50.0,2500.0,76.97247056272704,1,1
apartamento,5500000,116.0,3,3,2,villa carlota,6.22231,-75.5745,8,14.5,54977.83356366141,748492.5201380898,38.666666666666664,13456.0,93.98596182156422,1,4
apartamento,4300000,115.0,3,3,1,los balsos no.1,6.19062,-75.562,7,16.428571428571427,48115.75526148983,871145.722446916,38.333333333333336,13225.0,82.2550697961868,1,1
apartamento,6500000,116.0,3,3,2,villa carlota,6.22231,-75.5745,8,14.5,54977.83356366141,748492.5201380898,38.666666666666664,13456.0,93.98596182156422,1,4
apartamento,5500000,121.0,3,2,2,el castillo,6.1915,-75.57449,7,17.285714285714285,56343.83279364145,907109.0047393364,40.333333333333336,14641.0,96.32117118059666,1,4
apartamento,4500000,118.0,3,4,2,la aguacatala,6.19607,-75.57535,9,13.11111111111111,51442.75043487159,795490.506329114,39.333333333333336,13924.0,87.9426500640398,1,4
apartamento,6000000,90.0,2,2,2,la florida,6.20608,-75.56329,6,15.0,45025.656955191065,832086.513994911,45.0,8100.0,76.97247056272704,1,4
apartamento,3200000,65.0,2,2,1,santa maria de los angeles,6.1893486328,-75.5810629713,5,13.0,47391.397443391514,760224.6376811594,32.5,4225.0,81.01676224887126,1,1
apartamento,9700000,232.0,4,3,2,alejandria,6.199253559112549,-75.56867980957031,9,25.77777777777778,48842.610337435945,852482.6560951438,58.0,53824.0,83.49764646735697,1,4
apartamento,6300000,69.0,1,2,1,asomadera no.1,6.2268747,-75.5636339,4,17.25,48571.57944764218,665557.1635311143,69.0,4761.0,83.03431247964855,1,1
apartamento,3000000,67.0,2,2,1,castropol,6.215414524078369,-75.56713104248047,5,13.4,48917.86962109346,739745.95924104,33.5,4489.0,83.62630406810368,1,1
apartamento,6100000,102.0,4,3,1,asomadera no.2,6.21734619140625,-75.56025695800781,8,12.75,51821.74887892377,772562.6740947075,25.5,10404.0,88.59055724742987,1,1
apartamento,3500000,63.0,2,2,1,asomadera no.1,6.22565221786499,-75.56111907958984,5,12.6,48571.57944764218,665557.1635311143,31.5,3969.0,83.03431247964855,1,1
apartamento,4400000,54.0,1,2,1,alejandria,6.1985764503479,-75.57109069824219,4,13.5,48842.610337435945,852482.6560951438,54.0,2916.0,83.49764646735697,1,1
apartamento,2500000,65.0,2,2,1,palenque,6.27597188949585,-75.59038543701172,5,13.0,40259.74025974026,620000.0,32.5,4225.0,68.82501847979408,1,1
apartamento,4700000,95.0,3,2,2,castropol,6.219858646392822,-75.56818389892578,7,13.571428571428571,48917.86962109346,739745.95924104,31.666666666666668,9025.0,83.62630406810368,1,4
apartamento,3900000,54.0,1,2,1,alejandria,6.1985764503479,-75.57109069824219,4,13.5,48842.610337435945,852482.6560951438,54.0,2916.0,83.49764646735697,1,1
apartamento,4500000,80.0,2,3,1,el diamante no.2,6.181661605834961,-75.57234191894531,6,13.333333333333334,43639.65496971377,774744.3419949707,40.0,6400.0,74.60306600005285,1,1
apartamento,5200000,193.0,3,4,2,el poblado,6.2110595703125,-75.56581115722656,9,21.444444444444443,51331.92389006342,930592.3344947735,64.33333333333333,37249.0,87.7531893535319,1,4
apartamento,3500000,130.0,3,2,2,laureles,6.2420549392700195,-75.5960693359375,7,18.571428571428573,37952.470484611345,680619.6840826245,43.333333333333336,16900.0,64.88068391909857,1,4
apartamento,2850000,70.0,3,2,1,la loma de los bernal,6.217823028564453,-75.6036605834961,6,11.666666666666666,40721.08579809159,584155.2990556138,23.333333333333332,4900.0,69.61370005095546,1,1
casa,5500000,220.0,5,3,0,santa teresita,6.24344,-75.6094,8,27.5,26323.37946103423,520028.77697841724,44.0,48400.0,45.00046612739874,0,0
apartamento,4350000,98.0,2,2,1,los balsos no.1,6.186979293823242,-75.5619888305664,5,19.6,48115.75526148983,871145.722446916,49.0,9604.0,82.2550697961868,1,1
apartamento,6000000,92.0,2,3,1,alejandria,6.197887420654297,-75.56558227539062,6,15.333333333333334,48842.610337435945,852482.6560951438,46.0,8464.0,83.49764646735697,1,1
apartamento,5700000,78.0,3,2,1,los balsos no.2,6.1963605880737305,-75.56656646728516,6,13.0,47300.9517913736,836162.823200559,26.0,6084.0,80.86214317702954,1,1
apartamento,3350000,95.0,3,2,1,la loma de los bernal,6.217579364776611,-75.60416412353516,6,15.833333333333334,40721.08579809159,584155.2990556138,31.666666666666668,9025.0,69.61370005095546,1,1
apartamento,4100000,62.0,1,2,1,los naranjos,6.194550514221191,-75.56140899658203,4,15.5,49565.6761295771,827000.8873114464,62.0,3844.0,84.733745264447,1,1
apartamento,6350000,120.0,3,3,2,santa maria de los angeles,6.190048694610596,-75.5792007446289,8,15.0,47391.397443391514,760224.6376811594,40.0,14400.0,81.01676224887126,1,4
apartamento,5000000,85.0,2,2,2,villa carlota,6.21799,-75.57433,6,14.166666666666666,54977.83356366141,748492.5201380898,42.5,7225.0,93.98596182156422,1,4
casa,5600000,180.0,5,2,1,san miguel,6.25677918,-75.55620463,8,22.5,22191.780821917808,506250.0,36.0,32400.0,37.937396399335015,1,1
apartamento,6000000,120.0,3,3,2,villa carlota,6.21799,-75.57433,8,15.0,54977.83356366141,748492.5201380898,40.0,14400.0,93.98596182156422,1,4
apartamento,5500000,116.0,3,3,2,villa carlota,6.21799,-75.57433,8,14.5,54977.83356366141,748492.5201380898,38.666666666666664,13456.0,93.98596182156422,1,4
apartamento,7500000,105.0,2,3,2,laureles,6.243419,-75.59467,7,15.0,37952.470484611345,680619.6840826245,52.5,11025.0,64.88068391909857,1,4
apartamento,3500000,74.0,3,2,1,villa carlota,6.21767,-75.57047,6,12.333333333333334,54977.83356366141,748492.5201380898,24.666666666666668,5476.0,93.98596182156422,1,1
apartamento,3150000,69.0,3,2,1,castropol,6.22461,-75.56665,6,11.5,48917.86962109346,739745.95924104,23.0,4761.0,83.62630406810368,1,1
apartamento,7500000,72.0,2,2,1,el diamante no.2,6.18895,-75.57718,5,14.4,43639.65496971377,774744.3419949707,36.0,5184.0,74.60306600005285,1,1
apartamento,3400000,120.0,3,3,1,los conquistadores,6.242647647857666,-75.58167266845703,7,17.142857142857142,30995.98034836981,625225.2252252252,40.0,14400.0,52.98839253588492,1,1
apartamento,3550000,86.0,3,2,1,el diamante no.2,6.182635307312012,-75.57339477539062,6,14.333333333333334,43639.65496971377,774744.3419949707,28.666666666666668,7396.0,74.60306600005285,1,1
apartamento,4850000,75.0,2,2,1,altos del poblado,6.216899871826172,-75.55632781982422,5,15.0,58495.7928802589,930019.3704600484,37.5,5625.0,100.0,1,1
apartamento,5200000,80.0,3,2,1,altos del poblado,6.216954708099365,-75.55648040771484,6,13.333333333333334,58495.7928802589,930019.3704600484,26.666666666666668,6400.0,100.0,1,1
apartamento,3650000,58.0,2,2,1,villa carlota,6.217779636383057,-75.57170867919922,5,11.6,54977.83356366141,748492.5201380898,29.0,3364.0,93.98596182156422,1,1
apartamento,9200000,232.0,3,3,2,alejandria,6.199870586395264,-75.56961059570312,8,29.0,48842.610337435945,852482.6560951438,77.33333333333333,53824.0,83.49764646735697,1,4
apartamento,4700000,71.0,1,2,2,alejandria,6.1991190910339355,-75.56869506835938,5,14.2,48842.610337435945,852482.6560951438,71.0,5041.0,83.49764646735697,1,4
apartamento,3650000,68.0,3,2,1,villa carlota,6.220617294311523,-75.57209777832031,6,11.333333333333334,54977.83356366141,748492.5201380898,22.666666666666668,4624.0,93.98596182156422,1,1
apartamento,3700000,110.0,3,2,1,patio bonito,6.207723617553711,-75.57664489746094,6,18.333333333333332,43819.79935642627,741195.3041622199,36.666666666666664,12100.0,74.91102727015866,1,1
apartamento,2900000,42.0,1,2,1,laureles,6.244187831878662,-75.59623718261719,4,10.5,37952.470484611345,680619.6840826245,42.0,1764.0,64.88068391909857,1,1
apartamento,3050000,77.0,3,2,1,calasanz,6.261268615722656,-75.59867858886719,6,12.833333333333334,32548.10882548109,537043.795620438,25.666666666666668,5929.0,55.64179443145114,1,1
apartamento,3000000,65.0,2,2,1,la loma de los bernal,6.217579364776611,-75.60416412353516,5,13.0,40721.08579809159,584155.2990556138,32.5,4225.0,69.61370005095546,1,1
apartamento,4700000,120.0,4,3,2,alejandria,6.199613571166992,-75.56948852539062,9,13.333333333333334,48842.610337435945,852482.6560951438,30.0,14400.0,83.49764646735697,1,4
apartamento,6350000,84.0,2,2,1,villa carlota,6.21848201751709,-75.57445526123047,5,16.8,54977.83356366141,748492.5201380898,42.0,7056.0,93.98596182156422,1,1
apartamento,4650000,106.0,3,2,2,los balsos no.1,6.187885284423828,-75.56119537353516,7,15.142857142857142,48115.75526148983,871145.722446916,35.333333333333336,11236.0,82.2550697961868,1,4
apartamento,5200000,137.0,2,3,2,el tesoro,6.202171802520752,-75.56169128417969,7,19.571428571428573,46307.752975324685,855149.2240350179,68.5,18769.0,79.1642453160979,1,4
apartamento,3300000,88.0,2,2,1,castropol,6.224760055541992,-75.56730651855469,5,17.6,48917.86962109346,739745.95924104,44.0,7744.0,83.62630406810368,1,1
apartamento,3650000,70.0,2,2,1,la aguacatala,6.19864559173584,-75.57774353027344,5,14.0,51442.75043487159,795490.506329114,35.0,4900.0,87.9426500640398,1,1
apartamento,3550000,73.0,3,2,1,villa carlota,6.217097759246826,-75.57432556152344,6,12.166666666666666,54977.83356366141,748492.5201380898,24.333333333333332,5329.0,93.98596182156422,1,1
apartamento,5250000,120.0,2,3,2,la florida,6.2064690589904785,-75.56005096435547,7,17.142857142857142,45025.656955191065,832086.513994911,60.0,14400.0,76.97247056272704,1,4
apartamento,1800000,70.0,2,2,0,florida nueva,6.25269,-75.58965,4,17.5,34915.907498248074,668791.9463087248,35.0,4900.0,59.68960463485137,0,0
apartamento,5350000,82.0,2,2,1,la aguacatala,6.1990509033203125,-75.57774353027344,5,16.4,51442.75043487159,795490.506329114,41.0,6724.0,87.9426500640398,1,1
apartamento,5200000,140.0,3,3,2,las lomas no.2,6.207845687866211,-75.55632781982422,8,17.5,41861.648016276704,816005.6657223796,46.666666666666664,19600.0,71.56351928072442,1,4
apartamento,3500000,74.0,3,2,1,villa carlota,6.2224297523498535,-75.57136535644531,6,12.333333333333334,54977.83356366141,748492.5201380898,24.666666666666668,5476.0,93.98596182156422,1,1
apartamento,3700000,110.0,3,2,1,los conquistadores,6.2447197555,-75.580701828,6,18.333333333333332,30995.98034836981,625225.2252252252,36.666666666666664,12100.0,52.98839253588492,1,1
apartamento,4500000,61.0,2,2,1,los balsos no.1,6.19063,-75.56204,5,12.2,48115.75526148983,871145.722446916,30.5,3721.0,82.2550697961868,1,1
apartamento,4300000,62.0,2,2,1,alejandria,6.20034,-75.57124,5,12.4,48842.610337435945,852482.6560951438,31.0,3844.0,83.49764646735697,1,1
apartamento,4800000,67.0,2,2,1,santa fe,6.2227,-75.57764,5,13.4,48109.58350181965,701917.4041297935,33.5,4489.0,82.24451902088094,1,1
apartamento,6500000,115.0,3,3,2,los balsos no.1,6.19162,-75.56548,8,14.375,48115.75526148983,871145.722446916,38.333333333333336,13225.0,82.2550697961868,1,4
apartamento,2800000,65.0,2,2,0,guayabal,6.19998,-75.58565,4,16.25,37948.717948717946,569230.7692307692,32.5,4225.0,64.87426886647918,0,0
apartamento,2300000,65.0,2,2,0,prado,6.25944,-75.56123,4,16.25,28816.08339538347,604687.5,32.5,4225.0,49.261804954708616,0,0
apartamento,3700000,100.0,2,2,2,alejandria,6.20152371,-75.57217188,6,16.666666666666668,48842.610337435945,852482.6560951438,50.0,10000.0,83.49764646735697,1,4
apartamento,3600000,45.0,1,1,1,el tesoro,6.203347682952881,-75.55573272705078,3,15.0,46307.752975324685,855149.2240350179,45.0,2025.0,79.1642453160979,1,1
apartamento,6900000,92.0,1,2,2,alejandria,6.2015252113342285,-75.56739807128906,5,18.4,48842.610337435945,852482.6560951438,92.0,8464.0,83.49764646735697,1,4
apartamento,5550000,123.0,3,2,2,el tesoro,6.204082012176514,-75.55439758300781,7,17.571428571428573,46307.752975324685,855149.2240350179,41.0,15129.0,79.1642453160979,1,4
apartamento,3300000,53.0,1,2,1,villa carlota,6.22371667,-75.57441609,4,13.25,54977.83356366141,748492.5201380898,53.0,2809.0,93.98596182156422,1,1
apartamento,4500000,66.0,2,2,1,la loma de los bernal,6.217579364776611,-75.60416412353516,5,13.2,40721.08579809159,584155.2990556138,33.0,4356.0,69.61370005095546,1,1
apartamento,3950000,74.0,3,2,1,la florida,6.201699256896973,-75.5627212524414,6,12.333333333333334,45025.656955191065,832086.513994911,24.666666666666668,5476.0,76.97247056272704,1,1
apartamento,3100000,50.0,2,1,1,la florida,6.204830646514893,-75.5670166015625,4,12.5,45025.656955191065,832086.513994911,25.0,2500.0,76.97247056272704,1,1
apartamento,4500000,89.0,2,2,2,el tesoro,6.203347682952881,-75.55573272705078,6,14.833333333333334,46307.752975324685,855149.2240350179,44.5,7921.0,79.1642453160979,1,4
apartamento,6800000,90.0,3,2,1,asomadera no.1,6.228789329528809,-75.56480407714844,6,15.0,48571.57944764218,665557.1635311143,30.0,8100.0,83.03431247964855,1,1
apartamento,3050000,55.0,2,2,1,castropol,6.216116428375244,-75.5669937133789,5,11.0,48917.86962109346,739745.95924104,27.5,3025.0,83.62630406810368,1,1
apartamento,3450000,54.0,1,2,1,villa carlota,6.2199015617370605,-75.57057189941406,4,13.5,54977.83356366141,748492.5201380898,54.0,2916.0,93.98596182156422,1,1
apartamento,3800000,90.0,3,2,1,san diego,6.230116844177246,-75.56828308105469,6,15.0,47227.322103995706,654899.8185117968,30.0,8100.0,80.73627141129654,1,1
apartamento,7000000,95.0,2,2,0,san lucas,6.18208024,-75.56717412,4,23.75,47354.22828936933,904097.3871733967,47.5,9025.0,80.95322066375543,0,0
apartamento,3300000,74.0,2,2,2,los balsos no.1,6.185309410095215,-75.5613784790039,6,12.333333333333334,48115.75526148983,871145.722446916,37.0,5476.0,82.2550697961868,1,4
apartamento,4500000,90.0,3,3,2,los naranjos,6.196239948272705,-75.55805206298828,8,11.25,49565.6761295771,827000.8873114464,30.0,8100.0,84.733745264447,1,4
apartamento,8000000,135.0,4,3,2,la aguacatala,6.1964826583862305,-75.57683563232422,9,15.0,51442.75043487159,795490.506329114,33.75,18225.0,87.9426500640398,1,4
apartamento,5650000,86.0,2,3,1,villa carlota,6.219919204711914,-75.57056427001953,6,14.333333333333334,54977.83356366141,748492.5201380898,43.0,7396.0,93.98596182156422,1,1
apartamento,8300000,138.0,3,4,2,alejandria,6.201829433441162,-75.56794738769531,9,15.333333333333334,48842.610337435945,852482.6560951438,46.0,19044.0,83.49764646735697,1,4
apartamento,7250000,78.0,3,2,1,altos del poblado,6.214751243591309,-75.55474090576172,6,13.0,58495.7928802589,930019.3704600484,26.0,6084.0,100.0,1,1
apartamento,6200000,73.0,1,2,1,los naranjos,6.19364070892334,-75.55975341796875,4,18.25,49565.6761295771,827000.8873114464,73.0,5329.0,84.733745264447,1,1
apartamento,4350000,105.0,3,2,1,el diamante no.2,6.183640003204346,-75.5728530883789,6,17.5,43639.65496971377,774744.3419949707,35.0,11025.0,74.60306600005285,1,1
apartamento,3000000,152.0,3,4,1,la castellana,6.238807201385498,-75.60843658447266,8,19.0,32305.993690851734,627000.0,50.666666666666664,23104.0,55.22789264004374,1,1
apartamento,4100000,87.0,3,2,1,alejandria,6.201523780822754,-75.57217407226562,6,14.5,48842.610337435945,852482.6560951438,29.0,7569.0,83.49764646735697,1,1
apartamento,6100000,138.0,3,3,2,el tesoro,6.206271648406982,-75.55966186523438,8,17.25,46307.752975324685,855149.2240350179,46.0,19044.0,79.1642453160979,1,4
apartamento,3000000,71.0,1,2,1,alejandria,6.1991190910339355,-75.56869506835938,4,17.75,48842.610337435945,852482.6560951438,71.0,5041.0,83.49764646735697,1,1
apartamento,3450000,100.0,3,2,1,la castellana,6.240211009979248,-75.60626220703125,6,16.666666666666668,32305.993690851734,627000.0,33.333333333333336,10000.0,55.22789264004374,1,1
casa,4150000,250.0,3,4,0,estadio,6.25927022,-75.59316163,7,35.714285714285715,28935.940737376888,589306.3583815029,83.33333333333333,62500.0,49.466704035636994,0,0
apartamento,1900000,38.0,1,1,0,las acacias,6.24288142,-75.6017221,2,19.0,34935.06493506493,672500.0,38.0,1444.0,59.7223547453697,0,0
apartamento,3700000,65.0,2,2,1,villa carlota,6.21799,-75.57433,5,13.0,54977.83356366141,748492.5201380898,32.5,4225.0,93.98596182156422,1,1
apartamento,6300000,200.0,3,3,3,los balsos no.2,6.194045,-75.569527,9,22.22222222222222,47300.9517913736,836162.823200559,66.66666666666667,40000.0,80.86214317702954,1,9
apartamento,3400000,117.0,3,2,1,laureles,6.2413735,-75.5948033,6,19.5,37952.470484611345,680619.6840826245,39.0,13689.0,64.88068391909857,1,1
apartamento,6500000,136.0,3,3,1,patio bonito,6.2005,-75.5731,7,19.428571428571427,43819.79935642627,741195.3041622199,45.333333333333336,18496.0,74.91102727015866,1,1
apartamento,8700000,121.0,2,3,1,lalinde,6.212962,-75.568026,6,20.166666666666668,53427.21397778484,890320.987654321,60.5,14641.0,91.33513941276176,1,1
apartamento,8000000,116.0,3,3,1,el poblado,6.2095,-75.56583,7,16.571428571428573,51331.92389006342,930592.3344947735,38.666666666666664,13456.0,87.7531893535319,1,1
casa,6500000,200.0,3,2,0,suramericana,6.25731,-75.58406,5,40.0,26951.114922813034,661578.947368421,66.66666666666667,40000.0,46.07359537459739,0,0
casa,3200000,136.0,3,4,1,alejandria,6.199902534484863,-75.5662612915039,8,17.0,48842.610337435945,852482.6560951438,45.333333333333336,18496.0,83.49764646735697,1,1
apartamento,2600000,50.0,1,2,1,laureles,6.2426557540893555,-75.59708404541016,4,12.5,37952.470484611345,680619.6840826245,50.0,2500.0,64.88068391909857,1,1
apartamento,4250000,74.0,2,3,1,castropol,6.219926834106445,-75.56832122802734,6,12.333333333333334,48917.86962109346,739745.95924104,37.0,5476.0,83.62630406810368,1,1
casa,6150000,155.0,3,3,2,los balsos no.2,6.195680618286133,-75.5694580078125,8,19.375,47300.9517913736,836162.823200559,51.666666666666664,24025.0,80.86214317702954,1,4
apartamento,3900000,95.0,3,2,2,patio bonito,6.2033491134643555,-75.573974609375,7,13.571428571428571,43819.79935642627,741195.3041622199,31.666666666666668,9025.0,74.91102727015866,1,4
apartamento,3650000,120.0,1,2,1,la florida,6.20408296585083,-75.56292724609375,4,30.0,45025.656955191065,832086.513994911,120.0,14400.0,76.97247056272704,1,1
apartamento,3800000,95.0,3,3,2,san lucas,6.1799445152282715,-75.56405639648438,8,11.875,47354.22828936933,904097.3871733967,31.666666666666668,9025.0,80.95322066375543,1,4
apartamento,3400000,40.0,2,2,0,las acacias,6.240820407867432,-75.60083770751953,4,10.0,34935.06493506493,672500.0,20.0,1600.0,59.7223547453697,0,0
apartamento,4700000,71.0,1,2,1,san lucas,6.179964065551758,-75.56400299072266,4,17.75,47354.22828936933,904097.3871733967,71.0,5041.0,80.95322066375543,1,1
apartamento,2800000,66.0,3,3,1,el nogal-los almendros,6.237237930297852,-75.59883117675781,7,9.428571428571429,31931.988041853514,623722.6277372263,22.0,4356.0,54.5885207628836,1,1
apartamento,5900000,70.0,1,2,1,los naranjos,6.19466495513916,-75.56161499023438,4,17.5,49565.6761295771,827000.8873114464,70.0,4900.0,84.733745264447,1,1
apartamento,4350000,50.0,1,2,1,astorga,6.2082414627075195,-75.57292938232422,4,12.5,38915.5662264906,771825.3968253968,50.0,2500.0,66.52711983261925,1,1
apartamento,6650000,143.0,3,3,2,el poblado,6.209064483642578,-75.56769561767578,8,17.875,51331.92389006342,930592.3344947735,47.666666666666664,20449.0,87.7531893535319,1,4
apartamento,4950000,114.0,3,2,1,el diamante no.2,6.183262825012207,-75.57465362548828,6,19.0,43639.65496971377,774744.3419949707,38.0,12996.0,74.60306600005285,1,1
apartamento,5300000,45.0,1,1,0,la florida,6.206020832061768,-75.5643081665039,2,22.5,45025.656955191065,832086.513994911,45.0,2025.0,76.97247056272704,0,0
apartamento,2950000,75.0,3,2,1,diego echavarria,6.215108871459961,-75.59481811523438,6,12.5,30825.838103025348,571212.1212121212,25.0,5625.0,52.69753017302621,1,1
apartamento,2700000,40.0,2,2,0,las acacias,6.240915775299072,-75.59976959228516,4,10.0,34935.06493506493,672500.0,20.0,1600.0,59.7223547453697,0,0
apartamento,3650000,64.0,2,2,1,villa carlota,6.218216896057129,-75.57360076904297,5,12.8,54977.83356366141,748492.5201380898,32.0,4096.0,93.98596182156422,1,1
apartamento,4600000,57.0,1,2,2,la aguacatala,6.197253704071045,-75.5755615234375,5,11.4,51442.75043487159,795490.506329114,57.0,3249.0,87.9426500640398,1,4
apartamento,4700000,87.0,3,2,1,castropol,6.226408958435059,-75.56861114501953,6,14.5,48917.86962109346,739745.95924104,29.0,7569.0,83.62630406810368,1,1
apartamento,3900000,82.0,3,2,1,los colores,6.266285419464111,-75.59111785888672,6,13.666666666666666,34639.764996907856,599064.1711229946,27.333333333333332,6724.0,59.21753222118996,1,1
apartamento,6000000,138.0,3,3,2,el tesoro,6.203347682952881,-75.55573272705078,8,17.25,46307.752975324685,855149.2240350179,46.0,19044.0,79.1642453160979,1,4
apartamento,8700000,125.0,3,4,2,la florida,6.2037747,-75.571193,9,13.88888888888889,45025.656955191065,832086.513994911,41.666666666666664,15625.0,76.97247056272704,1,4
casa,5000000,200.0,4,4,1,estadio,6.26131,-75.59318,9,22.22222222222222,28935.940737376888,589306.3583815029,50.0,40000.0,49.466704035636994,1,1
apartamento,4000000,165.0,3,3,1,bolivariana,6.24368666,-75.59305615,7,23.571428571428573,37400.24554941682,658648.6486486486,55.0,27225.0,63.936641778623724,1,1
apartamento,3600000,80.0,2,2,1,santa fe,6.22566,-75.58073,5,16.0,48109.58350181965,701917.4041297935,40.0,6400.0,82.24451902088094,1,1
apartamento,2500000,60.0,3,2,0,calasanz,6.2643424686,-75.5990518751,5,12.0,32548.10882548109,537043.795620438,20.0,3600.0,55.64179443145114,0,0
apartamento,2300000,90.0,2,3,1,calasanz,6.26229,-75.59856,6,15.0,32548.10882548109,537043.795620438,45.0,8100.0,55.64179443145114,1,1
apartamento,2100000,40.0,2,1,0,el velodromo,6.2566984446,-75.5962406043,3,13.333333333333334,33048.78048780488,624423.9631336406,20.0,1600.0,56.497704981033166,0,0
apartamento,7000000,148.0,3,3,1,altos del poblado,6.21468,-75.55615,7,21.142857142857142,58495.7928802589,930019.3704600484,49.333333333333336,21904.0,100.0,1,1
apartamento,4100000,70.0,3,2,1,castropol,6.2250776290893555,-75.56678009033203,6,11.666666666666666,48917.86962109346,739745.95924104,23.333333333333332,4900.0,83.62630406810368,1,1
apartamento,3100000,90.0,3,2,1,rosales,6.232822895050049,-75.59284973144531,6,15.0,31678.50652568974,626633.9869281045,30.0,8100.0,54.15518786203267,1,1
apartamento,5850000,89.0,2,2,2,la florida,6.205194473266602,-75.56383514404297,6,14.833333333333334,45025.656955191065,832086.513994911,44.5,7921.0,76.97247056272704,1,4
apartamento,4500000,67.0,1,2,1,los naranjos,6.19466495513916,-75.56161499023438,4,16.75,49565.6761295771,827000.8873114464,67.0,4489.0,84.733745264447,1,1
apartamento,5700000,80.0,3,2,1,altos del poblado,6.214217662811279,-75.55519104003906,6,13.333333333333334,58495.7928802589,930019.3704600484,26.666666666666668,6400.0,100.0,1,1
apartamento,4000000,74.0,2,2,1,el tesoro,6.201700687408447,-75.56143951416016,5,14.8,46307.752975324685,855149.2240350179,37.0,5476.0,79.1642453160979,1,1
apartamento,2750000,75.0,2,2,1,la loma de los bernal,6.2178120613098145,-75.60408020019531,5,15.0,40721.08579809159,584155.2990556138,37.5,5625.0,69.61370005095546,1,1
apartamento,5600000,88.0,2,2,2,los naranjos,6.19466495513916,-75.56161499023438,6,14.666666666666666,49565.6761295771,827000.8873114464,44.0,7744.0,84.733745264447,1,4
apartamento,3550000,76.0,2,2,1,lalinde,6.212924003601074,-75.56725311279297,5,15.2,53427.21397778484,890320.987654321,38.0,5776.0,91.33513941276176,1,1
apartamento,3200000,50.0,1,2,1,astorga,6.2082414627075195,-75.57292938232422,4,12.5,38915.5662264906,771825.3968253968,50.0,2500.0,66.52711983261925,1,1
apartamento,7300000,155.0,3,3,3,la florida,6.205347537994385,-75.56471252441406,9,17.22222222222222,45025.656955191065,832086.513994911,51.666666666666664,24025.0,76.97247056272704,1,9
apartamento,3100000,63.0,3,2,1,san joaquin,6.246960639953613,-75.58482360839844,6,10.5,32753.58855757907,569436.2017804154,21.0,3969.0,55.9930670990746,1,1
apartamento,3200000,85.0,3,2,1,las acacias,6.240963935852051,-75.60116577148438,6,14.166666666666666,34935.06493506493,672500.0,28.333333333333332,7225.0,59.7223547453697,1,1
apartamento,4500000,125.0,3,2,2,castropol,6.2159013748168945,-75.56682586669922,7,17.857142857142858,48917.86962109346,739745.95924104,41.666666666666664,15625.0,83.62630406810368,1,4
apartamento,3700000,115.0,3,2,1,laureles,6.245726108551025,-75.5953140258789,6,19.166666666666668,37952.470484611345,680619.6840826245,38.333333333333336,13225.0,64.88068391909857,1,1
apartamento,4100000,83.0,3,2,2,los naranjos,6.19466495513916,-75.56161499023438,7,11.857142857142858,49565.6761295771,827000.8873114464,27.666666666666668,6889.0,84.733745264447,1,4
apartamento,5650000,110.0,3,2,2,el diamante no.2,6.186614036560059,-75.57496643066406,7,15.714285714285714,43639.65496971377,774744.3419949707,36.666666666666664,12100.0,74.60306600005285,1,4
apartamento,6600000,138.0,3,4,2,laureles,6.242635726928711,-75.59548950195312,9,15.333333333333334,37952.470484611345,680619.6840826245,46.0,19044.0,64.88068391909857,1,4
apartamento,3950000,105.0,3,2,1,las acacias,6.240519046783447,-75.60091400146484,6,17.5,34935.06493506493,672500.0,35.0,11025.0,59.7223547453697,1,1
apartamento,3600000,79.0,3,2,1,castropol,6.216109752655029,-75.56694793701172,6,13.166666666666666,48917.86962109346,739745.95924104,26.333333333333332,6241.0,83.62630406810368,1,1
apartamento,2650000,68.0,2,2,1,calasanz,6.260756969451904,-75.59929656982422,5,13.6,32548.10882548109,537043.795620438,34.0,4624.0,55.64179443145114,1,1
apartamento,4650000,114.0,3,2,1,el diamante no.2,6.1826558113098145,-75.5741958618164,6,19.0,43639.65496971377,774744.3419949707,38.0,12996.0,74.60306600005285,1,1
apartamento,7800000,148.0,3,2,2,el tesoro,6.201730251312256,-75.56000518798828,7,21.142857142857142,46307.752975324685,855149.2240350179,49.333333333333336,21904.0,79.1642453160979,1,4
apartamento,2900000,60.0,2,2,1,la gloria,6.22068,-75.60364,5,12.0,34291.07710077967,552325.5813953489,30.0,3600.0,58.62144166670863,1,1
apartamento,4600000,85.0,3,2,1,castropol,6.22338,-75.56577,6,14.166666666666666,48917.86962109346,739745.95924104,28.333333333333332,7225.0,83.62630406810368,1,1
casa,5000000,130.0,5,5,0,la gloria,6.22512535,-75.60206188,10,13.0,34291.07710077967,552325.5813953489,26.0,16900.0,58.62144166670863,0,0
apartamento,2800000,70.0,2,2,1,villa carlota,6.222498,-75.574882,5,14.0,54977.83356366141,748492.5201380898,35.0,4900.0,93.98596182156422,1,1
apartamento,3900000,110.0,3,3,1,las lomas no.2,6.21176,-75.5585,7,15.714285714285714,41861.648016276704,816005.6657223796,36.666666666666664,12100.0,71.56351928072442,1,1
apartamento,5000000,135.0,4,3,1,altos del poblado,6.21468,-75.55615,8,16.875,58495.7928802589,930019.3704600484,33.75,18225.0,100.0,1,1
apartamento,6200000,85.0,2,2,2,san lucas,6.18215,-75.56572,6,14.166666666666666,47354.22828936933,904097.3871733967,42.5,7225.0,80.95322066375543,1,4
apartamento,3000000,84.0,3,2,1,rosales,6.233386516571045,-75.5909194946289,6,14.0,31678.50652568974,626633.9869281045,28.0,7056.0,54.15518786203267,1,1
apartamento,3700000,84.0,2,2,1,patio bonito,6.2069010734558105,-75.57563018798828,5,16.8,43819.79935642627,741195.3041622199,42.0,7056.0,74.91102727015866,1,1
apartamento,5600000,102.0,3,3,3,castropol,6.216109752655029,-75.56694793701172,9,11.333333333333334,48917.86962109346,739745.95924104,34.0,10404.0,83.62630406810368,1,9
apartamento,4200000,98.0,3,2,2,los balsos no.1,6.1837239265441895,-75.55696105957031,7,14.0,48115.75526148983,871145.722446916,32.666666666666664,9604.0,82.2550697961868,1,4
apartamento,4800000,53.0,1,2,1,alejandria,6.199336051940918,-75.57052612304688,4,13.25,48842.610337435945,852482.6560951438,53.0,2809.0,83.49764646735697,1,1
apartamento,3600000,79.0,3,2,1,castropol,6.223278045654297,-75.5675277709961,6,13.166666666666666,48917.86962109346,739745.95924104,26.333333333333332,6241.0,83.62630406810368,1,1
apartamento,4800000,155.0,3,2,1,la mota,6.21029806137085,-75.598388671875,6,25.833333333333332,31054.252952250557,508263.3053221289,51.666666666666664,24025.0,53.08801098878807,1,1
apartamento,4300000,108.0,3,2,2,alejandria,6.199613571166992,-75.56948852539062,7,15.428571428571429,48842.610337435945,852482.6560951438,36.0,11664.0,83.49764646735697,1,4
apartamento,6500000,55.0,1,2,1,altos del poblado,6.212953090667725,-75.5535659790039,4,13.75,58495.7928802589,930019.3704600484,55.0,3025.0,100.0,1,1
apartamento,3750000,70.0,2,2,1,los balsos no.2,6.195743083953857,-75.56614685058594,5,14.0,47300.9517913736,836162.823200559,35.0,4900.0,80.86214317702954,1,1
casa,4300000,110.0,3,2,1,san lucas,6.180470943450928,-75.56771087646484,6,18.333333333333332,47354.22828936933,904097.3871733967,36.666666666666664,12100.0,80.95322066375543,1,1
apartamento,5000000,94.0,2,3,2,el tesoro,6.203347682952881,-75.55573272705078,7,13.428571428571429,46307.752975324685,855149.2240350179,47.0,8836.0,79.1642453160979,1,4
apartamento,2450000,57.0,2,1,1,florida nueva,6.25161075592041,-75.58902740478516,4,14.25,34915.907498248074,668791.9463087248,28.5,3249.0,59.68960463485137,1,1
apartamento,5500000,136.0,3,3,1,patio bonito,6.20531702041626,-75.57475280761719,7,19.428571428571427,43819.79935642627,741195.3041622199,45.333333333333336,18496.0,74.91102727015866,1,1
apartamento,3850000,64.0,2,2,1,villa carlota,6.218197822570801,-75.57340240478516,5,12.8,54977.83356366141,748492.5201380898,32.0,4096.0,93.98596182156422,1,1
apartamento,3550000,80.0,3,2,1,la loma de los bernal,6.2178120613098145,-75.60408020019531,6,13.333333333333334,40721.08579809159,584155.2990556138,26.666666666666668,6400.0,69.61370005095546,1,1
apartamento,3950000,140.0,3,2,1,patio bonito,6.204165458679199,-75.5733413696289,6,23.333333333333332,43819.79935642627,741195.3041622199,46.666666666666664,19600.0,74.91102727015866,1,1
apartamento,3350000,85.0,3,2,1,los balsos no.2,6.194524765014648,-75.56732177734375,6,14.166666666666666,47300.9517913736,836162.823200559,28.333333333333332,7225.0,80.86214317702954,1,1
apartamento,5400000,100.0,2,3,2,lalinde,6.212959289550781,-75.56752014160156,7,14.285714285714286,53427.21397778484,890320.987654321,50.0,10000.0,91.33513941276176,1,4
apartamento,4500000,55.0,1,2,1,el tesoro,6.202743053436279,-75.5555419921875,4,13.75,46307.752975324685,855149.2240350179,55.0,3025.0,79.1642453160979,1,1
apartamento,3970000,110.0,4,2,2,castropol,6.2172369956970215,-75.5672836303711,8,13.75,48917.86962109346,739745.95924104,27.5,12100.0,83.62630406810368,1,4
apartamento,8650000,125.0,2,3,0,la florida,6.205310821533203,-75.56810760498047,5,25.0,45025.656955191065,832086.513994911,62.5,15625.0,76.97247056272704,0,0
apartamento,5200000,177.0,3,3,2,lalinde,6.213494777679443,-75.56735229492188,8,22.125,53427.21397778484,890320.987654321,59.0,31329.0,91.33513941276176,1,4
apartamento,3300000,71.0,3,2,1,asomadera no.2,6.2227,-75.56113,6,11.833333333333334,51821.74887892377,772562.6740947075,23.666666666666668,5041.0,88.59055724742987,1,1
apartamento,4500000,72.0,2,2,2,patio bonito,6.20119,-75.57323,6,12.0,43819.79935642627,741195.3041622199,36.0,5184.0,74.91102727015866,1,4
apartamento,2150000,85.0,3,1,1,santa monica,6.25032748,-75.61127887,5,17.0,33578.94736842105,543750.0,28.333333333333332,7225.0,57.40403833341875,1,1
apartamento,3100000,87.0,3,2,1,calle nueva,6.24194,-75.57112,6,14.5,37261.14649681529,531818.1818181818,29.0,7569.0,63.69884851905331,1,1
apartamento,4250000,96.0,3,3,1,el tesoro,6.20254373550415,-75.55717468261719,7,13.714285714285714,46307.752975324685,855149.2240350179,32.0,9216.0,79.1642453160979,1,1
apartamento,3700000,84.0,3,2,1,san diego,6.224658966064453,-75.56622314453125,6,14.0,47227.322103995706,654899.8185117968,28.0,7056.0,80.73627141129654,1,1
apartamento,6500000,143.0,3,3,0,los balsos no.2,6.19559794,-75.56839852,6,23.833333333333332,47300.9517913736,836162.823200559,47.666666666666664,20449.0,80.86214317702954,0,0
apartamento,6500000,132.0,4,3,2,patio bonito,6.20715,-75.57264,9,14.666666666666666,43819.79935642627,741195.3041622199,33.0,17424.0,74.91102727015866,1,4
apartamento,4700000,124.0,3,2,1,el diamante no.2,6.181457996368408,-75.57365417480469,6,20.666666666666668,43639.65496971377,774744.3419949707,41.333333333333336,15376.0,74.60306600005285,1,1
apartamento,4150000,72.0,2,2,1,santa maria de los angeles,6.18977165222168,-75.57933807373047,5,14.4,47391.397443391514,760224.6376811594,36.0,5184.0,81.01676224887126,1,1
apartamento,3700000,112.0,4,2,1,la mota,6.210224151611328,-75.59847259521484,7,16.0,31054.252952250557,508263.3053221289,28.0,12544.0,53.08801098878807,1,1
apartamento,3950000,90.0,3,2,1,villa carlota,6.216776371002197,-75.57331848144531,6,15.0,54977.83356366141,748492.5201380898,30.0,8100.0,93.98596182156422,1,1
apartamento,5500000,95.0,2,3,2,lalinde,6.21246,-75.56724,7,13.571428571428571,53427.21397778484,890320.987654321,47.5,9025.0,91.33513941276176,1,4
apartamento,3700000,55.0,1,2,1,el tesoro,6.204051494598389,-75.55583953857422,4,13.75,46307.752975324685,855149.2240350179,55.0,3025.0,79.1642453160979,1,1
apartamento,3100000,125.0,3,2,1,bolivariana,6.246914386749268,-75.59232330322266,6,20.833333333333332,37400.24554941682,658648.6486486486,41.666666666666664,15625.0,63.936641778623724,1,1
apartamento,2600000,59.0,2,2,1,castropol,6.219926834106445,-75.56832122802734,5,11.8,48917.86962109346,739745.95924104,29.5,3481.0,83.62630406810368,1,1
apartamento,3550000,73.0,3,2,1,los balsos no.1,6.1860809326171875,-75.56005859375,6,12.166666666666666,48115.75526148983,871145.722446916,24.333333333333332,5329.0,82.2550697961868,1,1
apartamento,3800000,45.0,1,1,1,la florida,6.2058202,-75.5687921,3,15.0,45025.656955191065,832086.513994911,45.0,2025.0,76.97247056272704,1,1
apartamento,5000000,76.0,2,2,1,la aguacatala,6.196604251861572,-75.57518005371094,5,15.2,51442.75043487159,795490.506329114,38.0,5776.0,87.9426500640398,1,1
apartamento,3350000,65.0,2,2,1,la florida,6.205749034881592,-75.56319427490234,5,13.0,45025.656955191065,832086.513994911,32.5,4225.0,76.97247056272704,1,1
apartamento,3950000,95.0,3,2,1,la loma de los bernal,6.217579364776611,-75.60416412353516,6,15.833333333333334,40721.08579809159,584155.2990556138,31.666666666666668,9025.0,69.61370005095546,1,1
casa,3400000,167.0,4,4,3,la aguacatala,6.199312210083008,-75.57498168945312,11,15.181818181818182,51442.75043487159,795490.506329114,41.75,27889.0,87.9426500640398,1,9
apartamento,3400000,86.0,2,2,1,lalinde,6.212459564208984,-75.5672378540039,5,17.2,53427.21397778484,890320.987654321,43.0,7396.0,91.33513941276176,1,1
apartamento,3100000,78.0,3,2,1,los colores,6.265888690948486,-75.59309387207031,6,13.0,34639.764996907856,599064.1711229946,26.0,6084.0,59.21753222118996,1,1
apartamento,6200000,160.0,3,3,2,el tesoro,6.20308256149292,-75.55620574951172,8,20.0,46307.752975324685,855149.2240350179,53.333333333333336,25600.0,79.1642453160979,1,4
apartamento,3600000,71.0,3,2,1,castropol,6.220195770263672,-75.56752014160156,6,11.833333333333334,48917.86962109346,739745.95924104,23.666666666666668,5041.0,83.62630406810368,1,1
casa,2200000,150.0,5,2,0,barrio caycedo,6.242926,-75.554167,7,21.428571428571427,20576.923076923078,486363.63636363635,30.0,22500.0,35.17675727388483,0,0
apartamento,4200000,120.0,2,2,1,las palmas,6.23866,-75.56479,5,24.0,44135.83717530642,781094.527363184,60.0,14400.0,75.45130171267638,1,1
apartamento,2500000,150.0,4,3,0,la candelaria,6.25293165,-75.56711989,7,21.428571428571427,33260.86956521739,689189.1891891892,37.5,22500.0,56.86027648740912,0,0
apartamento,6000000,97.0,2,3,2,el tesoro,6.20398,-75.55394,7,13.857142857142858,46307.752975324685,855149.2240350179,48.5,9409.0,79.1642453160979,1,4
apartamento,6000000,120.0,3,2,1,los balsos no.1,6.193278789520264,-75.56242370605469,6,20.0,48115.75526148983,871145.722446916,40.0,14400.0,82.2550697961868,1,1
apartamento,3950000,65.0,3,2,1,el tesoro,6.202233791351318,-75.5589370727539,6,10.833333333333334,46307.752975324685,855149.2240350179,21.666666666666668,4225.0,79.1642453160979,1,1
apartamento,4200000,91.0,3,2,2,las lomas no.2,6.208441257476807,-75.55732727050781,7,13.0,41861.648016276704,816005.6657223796,30.333333333333332,8281.0,71.56351928072442,1,4
apartamento,8200000,180.0,3,4,2,las lomas no.2,6.207690238952637,-75.55638122558594,9,20.0,41861.648016276704,816005.6657223796,60.0,32400.0,71.56351928072442,1,4
apartamento,3800000,65.0,1,2,1,los naranjos,6.196645736694336,-75.56466674804688,4,16.25,49565.6761295771,827000.8873114464,65.0,4225.0,84.733745264447,1,1
apartamento,6000000,119.0,3,3,2,el tesoro,6.205052852630615,-75.55423736572266,8,14.875,46307.752975324685,855149.2240350179,39.666666666666664,14161.0,79.1642453160979,1,4
apartamento,2600000,56.0,3,2,1,los colores,6.266541481018066,-75.59198760986328,6,9.333333333333334,34639.764996907856,599064.1711229946,18.666666666666668,3136.0,59.21753222118996,1,1
apartamento,8200000,300.0,4,5,3,el tesoro,6.200234413146973,-75.55224609375,12,25.0,46307.752975324685,855149.2240350179,75.0,90000.0,79.1642453160979,1,9
apartamento,4650000,118.0,3,3,1,san lucas,6.180054187774658,-75.5643081665039,7,16.857142857142858,47354.22828936933,904097.3871733967,39.333333333333336,13924.0,80.95322066375543,1,1
apartamento,2500000,74.0,2,2,2,alejandria,6.199678897857666,-75.56968688964844,6,12.333333333333334,48842.610337435945,852482.6560951438,37.0,5476.0,83.49764646735697,1,4
apartamento,3650000,95.0,2,2,1,florida nueva,6.250218391418457,-75.59105682373047,5,19.0,34915.907498248074,668791.9463087248,47.5,9025.0,59.68960463485137,1,1
casa,4450000,170.0,3,3,1,la gloria,6.222643852233887,-75.60662078857422,7,24.285714285714285,34291.07710077967,552325.5813953489,56.666666666666664,28900.0,58.62144166670863,1,1
apartamento,2750000,58.0,1,2,1,el tesoro,6.203347682952881,-75.55573272705078,4,14.5,46307.752975324685,855149.2240350179,58.0,3364.0,79.1642453160979,1,1
apartamento,2300000,60.0,2,1,0,santa lucia,6.257763862609863,-75.60920715332031,3,20.0,36428.57142857143,637500.0,30.0,3600.0,62.275540914781416,0,0
apartamento,3750000,72.0,2,2,1,santa fe,6.222962856292725,-75.5811538696289,5,14.4,48109.58350181965,701917.4041297935,36.0,5184.0,82.24451902088094,1,1
apartamento,3700000,75.0,2,2,1,alejandria,6.203317642211914,-75.57160186767578,5,15.0,48842.610337435945,852482.6560951438,37.5,5625.0,83.49764646735697,1,1
apartamento,4050000,83.0,3,2,1,el diamante no.2,6.186194896697998,-75.5753402709961,6,13.833333333333334,43639.65496971377,774744.3419949707,27.666666666666668,6889.0,74.60306600005285,1,1
apartamento,3900000,78.0,2,2,1,los balsos no.2,6.195743083953857,-75.56614685058594,5,15.6,47300.9517913736,836162.823200559,39.0,6084.0,80.86214317702954,1,1
apartamento,2900000,100.0,2,2,1,la florida,6.203742504119873,-75.56681823730469,5,20.0,45025.656955191065,832086.513994911,50.0,10000.0,76.97247056272704,1,1
casa,6500000,212.0,4,2,1,la castellana,6.24233,-75.60568,7,30.285714285714285,32305.993690851734,627000.0,53.0,44944.0,55.22789264004374,1,1
apartamento,4000000,157.0,4,3,1,la candelaria,6.2507339,-75.562975,8,19.625,33260.86956521739,689189.1891891892,39.25,24649.0,56.86027648740912,1,1
apartamento,1400000,60.0,2,1,0,barrio colon,6.244376,-75.5645385,3,20.0,36382.97872340425,534375.0,30.0,3600.0,62.19759906132111,0,0
casa,3800000,150.0,4,2,1,san bernardo,6.22392,-75.59736,7,21.428571428571427,36813.18681318681,609090.9090909091,37.5,22500.0,62.933050396536274,1,1
apartamento,1600000,54.0,3,2,1,robledo,6.27582,-75.59794,6,9.0,31382.113821138213,371153.8461538461,18.0,2916.0,53.648497226762125,1,1
apartamento,1000000,40.0,2,1,0,robledo,6.27582,-75.59794,3,13.333333333333334,31382.113821138213,371153.8461538461,20.0,1600.0,53.648497226762125,0,0
apartamento,5500000,120.0,3,4,2,los naranjos,6.194485664367676,-75.55889892578125,9,13.333333333333334,49565.6761295771,827000.8873114464,40.0,14400.0,84.733745264447,1,4
apartamento,7200000,260.0,3,4,3,la florida,6.202394008636475,-75.56706237792969,10,26.0,45025.656955191065,832086.513994911,86.66666666666667,67600.0,76.97247056272704,1,9
apartamento,9500000,380.0,3,4,4,el tesoro,6.204051494598389,-75.55583953857422,11,34.54545454545455,46307.752975324685,855149.2240350179,126.66666666666667,144400.0,79.1642453160979,1,16
apartamento,4650000,99.0,3,2,1,altos del poblado,6.215903282165527,-75.55469512939453,6,16.5,58495.7928802589,930019.3704600484,33.0,9801.0,100.0,1,1
apartamento,4700000,105.0,3,3,2,la castellana,6.2405877113342285,-75.60568237304688,8,13.125,32305.993690851734,627000.0,35.0,11025.0,55.22789264004374,1,4
apartamento,4700000,86.0,2,2,1,castropol,6.225508213043213,-75.56719207763672,5,17.2,48917.86962109346,739745.95924104,43.0,7396.0,83.62630406810368,1,1
apartamento,3700000,62.0,1,2,1,los naranjos,6.1938090324401855,-75.56259155273438,4,15.5,49565.6761295771,827000.8873114464,62.0,3844.0,84.733745264447,1,1
apartamento,3400000,88.0,2,2,1,castropol,6.224766254425049,-75.56730651855469,5,17.6,48917.86962109346,739745.95924104,44.0,7744.0,83.62630406810368,1,1
apartamento,5800000,105.0,3,3,2,castropol,6.215636253356934,-75.56621551513672,8,13.125,48917.86962109346,739745.95924104,35.0,11025.0,83.62630406810368,1,4
apartamento,3350000,52.0,1,2,1,la aguacatala,6.1971049308776855,-75.57769012451172,4,13.0,51442.75043487159,795490.506329114,52.0,2704.0,87.9426500640398,1,1
apartamento,5300000,115.0,3,3,2,castropol,6.224766254425049,-75.56730651855469,8,14.375,48917.86962109346,739745.95924104,38.333333333333336,13225.0,83.62630406810368,1,4
apartamento,6600000,90.0,2,2,2,alejandria,6.2003399,-75.5713351,6,15.0,48842.610337435945,852482.6560951438,45.0,8100.0,83.49764646735697,1,4
apartamento,4700000,105.0,3,3,1,la castellana,6.2399187088012695,-75.60415649414062,7,15.0,32305.993690851734,627000.0,35.0,11025.0,55.22789264004374,1,1
apartamento,3150000,35.0,1,1,1,lorena,6.248918533325195,-75.59915924072266,3,11.666666666666666,35721.295387634935,652329.7491039427,35.0,1225.0,61.06643508663359,1,1
apartamento,2900000,62.0,2,2,1,la loma de los bernal,6.217579364776611,-75.60416412353516,5,12.4,40721.08579809159,584155.2990556138,31.0,3844.0,69.61370005095546,1,1
apartamento,3200000,115.0,3,3,1,lorena,6.248048305511475,-75.59539794921875,7,16.428571428571427,35721.295387634935,652329.7491039427,38.333333333333336,13225.0,61.06643508663359,1,1
apartamento,4400000,71.0,1,2,1,el tesoro,6.204085350036621,-75.55503845214844,4,17.75,46307.752975324685,855149.2240350179,71.0,5041.0,79.1642453160979,1,1
apartamento,7200000,106.0,2,3,1,altos del poblado,6.215049743652344,-75.55461120605469,6,17.666666666666668,58495.7928802589,930019.3704600484,53.0,11236.0,100.0,1,1
apartamento,5000000,60.0,1,2,1,los naranjos,6.194314956665039,-75.56246185302734,4,15.0,49565.6761295771,827000.8873114464,60.0,3600.0,84.733745264447,1,1
apartamento,5150000,96.0,2,3,1,el tesoro,6.197941780090332,-75.55696868896484,6,16.0,46307.752975324685,855149.2240350179,48.0,9216.0,79.1642453160979,1,1
apartamento,4800000,143.0,4,4,2,la florida,6.20170288,-75.56663198,10,14.3,45025.656955191065,832086.513994911,35.75,20449.0,76.97247056272704,1,4
apartamento,2900000,60.0,3,2,1,el poblado,6.21071,-75.56993,6,10.0,51331.92389006342,930592.3344947735,20.0,3600.0,87.7531893535319,1,1
casa,6200000,240.0,4,3,2,belencito,6.25047,-75.61577,9,26.666666666666668,27244.897959183672,667500.0,60.0,57600.0,46.5758247177777,1,4
apartamento,4600000,130.0,2,3,1,el diamante no.2,6.18076,-75.57178,6,21.666666666666668,43639.65496971377,774744.3419949707,65.0,16900.0,74.60306600005285,1,1
apartamento,6700000,120.0,3,3,2,alejandria,6.197765827178955,-75.56597900390625,8,15.0,48842.610337435945,852482.6560951438,40.0,14400.0,83.49764646735697,1,4
apartamento,9700000,133.0,3,4,2,la aguacatala,6.1987690925598145,-75.57396697998047,9,14.777777777777779,51442.75043487159,795490.506329114,44.333333333333336,17689.0,87.9426500640398,1,4
apartamento,5150000,121.0,3,4,2,villa carlota,6.217029094696045,-75.57361602783203,9,13.444444444444445,54977.83356366141,748492.5201380898,40.333333333333336,14641.0,93.98596182156422,1,4
apartamento,3600000,72.0,2,2,1,castropol,6.218486785888672,-75.56706237792969,5,14.4,48917.86962109346,739745.95924104,36.0,5184.0,83.62630406810368,1,1
apartamento,3700000,80.0,2,2,1,el tesoro,6.199575424194336,-75.55662536621094,5,16.0,46307.752975324685,855149.2240350179,40.0,6400.0,79.1642453160979,1,1
apartamento,6200000,64.0,1,2,1,los balsos no.2,6.195743083953857,-75.56614685058594,4,16.0,47300.9517913736,836162.823200559,64.0,4096.0,80.86214317702954,1,1
apartamento,6600000,237.0,3,4,3,el tesoro,6.2002482414245605,-75.55218505859375,10,23.7,46307.752975324685,855149.2240350179,79.0,56169.0,79.1642453160979,1,9
apartamento,3400000,84.0,3,2,1,la florida,6.2052836418151855,-75.56460571289062,6,14.0,45025.656955191065,832086.513994911,28.0,7056.0,76.97247056272704,1,1
apartamento,3400000,90.0,3,2,1,la loma de los bernal,6.218478679656982,-75.6017837524414,6,15.0,40721.08579809159,584155.2990556138,30.0,8100.0,69.61370005095546,1,1
apartamento,3700000,65.0,2,3,1,castropol,6.2198967933654785,-75.5683364868164,6,10.833333333333334,48917.86962109346,739745.95924104,32.5,4225.0,83.62630406810368,1,1
apartamento,7500000,172.0,3,4,2,la florida,6.204973220825195,-75.5646743774414,9,19.11111111111111,45025.656955191065,832086.513994911,57.333333333333336,29584.0,76.97247056272704,1,4
apartamento,7200000,72.0,2,2,1,alejandria,6.199143409729004,-75.56867980957031,5,14.4,48842.610337435945,852482.6560951438,36.0,5184.0,83.49764646735697,1,1
apartamento,4750000,74.0,2,2,1,el diamante no.2,6.18894624710083,-75.57596588134766,5,14.8,43639.65496971377,774744.3419949707,37.0,5476.0,74.60306600005285,1,1
apartamento,4700000,155.0,3,2,1,laureles,6.245570182800293,-75.59864807128906,6,25.833333333333332,37952.470484611345,680619.6840826245,51.666666666666664,24025.0,64.88068391909857,1,1
apartamento,3350000,63.0,2,2,1,santa maria de los angeles,6.1908721923828125,-75.57937622070312,5,12.6,47391.397443391514,760224.6376811594,31.5,3969.0,81.01676224887126,1,1
apartamento,4650000,100.0,3,2,1,los balsos no.2,6.194634914398193,-75.56953430175781,6,16.666666666666668,47300.9517913736,836162.823200559,33.333333333333336,10000.0,80.86214317702954,1,1
apartamento,6000000,154.0,4,3,1,altos del poblado,6.2154765129089355,-75.55353546142578,8,19.25,58495.7928802589,930019.3704600484,38.5,23716.0,100.0,1,1
apartamento,4400000,98.0,3,3,2,altos del poblado,6.215419769287109,-75.55437469482422,8,12.25,58495.7928802589,930019.3704600484,32.666666666666664,9604.0,100.0,1,4
apartamento,5800000,55.0,1,1,1,la aguacatala,6.198453426361084,-75.57405090332031,3,18.333333333333332,51442.75043487159,795490.506329114,55.0,3025.0,87.9426500640398,1,1
apartamento,7800000,125.0,3,2,1,la florida,6.2052836418151855,-75.56460571289062,6,20.833333333333332,45025.656955191065,832086.513994911,41.666666666666664,15625.0,76.97247056272704,1,1
apartamento,4150000,102.0,3,2,2,el castillo,6.187862396240234,-75.56877899169922,7,14.571428571428571,56343.83279364145,907109.0047393364,34.0,10404.0,96.32117118059666,1,4
casa,7150000,190.0,3,3,2,el diamante no.2,6.182840824127197,-75.57305145263672,8,23.75,43639.65496971377,774744.3419949707,63.333333333333336,36100.0,74.60306600005285,1,4
apartamento,7800000,70.0,2,3,1,alejandria,6.200692653656006,-75.56512451171875,6,11.666666666666666,48842.610337435945,852482.6560951438,35.0,4900.0,83.49764646735697,1,1
apartamento,4300000,84.0,3,2,1,villa carlota,6.220666408538818,-75.57461547851562,6,14.0,54977.83356366141,748492.5201380898,28.0,7056.0,93.98596182156422,1,1
casa,6350000,90.0,1,2,1,altos del poblado,6.208442211151123,-75.55481719970703,4,22.5,58495.7928802589,930019.3704600484,90.0,8100.0,100.0,1,1
apartamento,3800000,118.0,3,3,1,san lucas,6.179945,-75.564059,7,16.857142857142858,47354.22828936933,904097.3871733967,39.333333333333336,13924.0,80.95322066375543,1,1
casa,4900000,200.0,4,2,0,bolivariana,6.2484738,-75.5883002,6,33.333333333333336,37400.24554941682,658648.6486486486,50.0,40000.0,63.936641778623724,0,0
apartamento,4200000,98.0,2,3,2,las lomas no.1,6.21120283,-75.56462264,7,14.0,42753.43481316735,816268.3823529412,49.0,9604.0,73.08805079483885,1,4
casa,8500000,650.0,5,5,0,santa teresita,6.24239317,-75.61052497,10,65.0,26323.37946103423,520028.77697841724,130.0,422500.0,45.00046612739874,0,0
apartamento,5300000,86.0,1,1,1,san lucas,6.182304,-75.564942,3,28.666666666666668,47354.22828936933,904097.3871733967,86.0,7396.0,80.95322066375543,1,1
apartamento,3500000,76.0,3,2,1,la candelaria,6.25212969,-75.56494595,6,12.666666666666666,33260.86956521739,689189.1891891892,25.333333333333332,5776.0,56.86027648740912,1,1
apartamento,7000000,131.0,3,3,2,las palmas,6.24022,-75.56579,8,16.375,44135.83717530642,781094.527363184,43.666666666666664,17161.0,75.45130171267638,1,4
apartamento,7000000,148.0,3,3,1,altos del poblado,6.215240955352783,-75.55532836914062,7,21.142857142857142,58495.7928802589,930019.3704600484,49.333333333333336,21904.0,100.0,1,1
apartamento,3650000,75.0,2,2,2,la loma de los bernal,6.220260143280029,-75.60388946533203,6,12.5,40721.08579809159,584155.2990556138,37.5,5625.0,69.61370005095546,1,4
apartamento,3800000,160.0,3,3,1,laureles,6.242351055145264,-75.59495544433594,7,22.857142857142858,37952.470484611345,680619.6840826245,53.333333333333336,25600.0,64.88068391909857,1,1
apartamento,3450000,80.0,3,2,1,santa teresita,6.244002342224121,-75.61341094970703,6,13.333333333333334,26323.37946103423,520028.77697841724,26.666666666666668,6400.0,45.00046612739874,1,1
apartamento,3500000,75.0,2,2,1,la florida,6.203372001647949,-75.56906127929688,5,15.0,45025.656955191065,832086.513994911,37.5,5625.0,76.97247056272704,1,1
apartamento,2300000,40.0,1,2,1,las acacias,6.240963935852051,-75.60116577148438,4,10.0,34935.06493506493,672500.0,40.0,1600.0,59.7223547453697,1,1
apartamento,3000000,90.0,3,2,1,el velodromo,6.251680850982666,-75.59410095214844,6,15.0,33048.78048780488,624423.9631336406,30.0,8100.0,56.497704981033166,1,1
apartamento,4650000,75.0,3,2,1,lorena,6.249129295349121,-75.59378051757812,6,12.5,35721.295387634935,652329.7491039427,25.0,5625.0,61.06643508663359,1,1
apartamento,3800000,69.0,3,2,1,los naranjos,6.1938090324401855,-75.56259155273438,6,11.5,49565.6761295771,827000.8873114464,23.0,4761.0,84.733745264447,1,1
apartamento,7200000,112.0,3,3,2,altos del poblado,6.215419769287109,-75.55437469482422,8,14.0,58495.7928802589,930019.3704600484,37.333333333333336,12544.0,100.0,1,4
apartamento,8000000,122.0,2,3,0,castropol,6.2158894538879395,-75.56684112548828,5,24.4,48917.86962109346,739745.95924104,61.0,14884.0,83.62630406810368,0,0
apartamento,3450000,100.0,3,3,2,santa maria de los angeles,6.189147472381592,-75.58257293701172,8,12.5,47391.397443391514,760224.6376811594,33.333333333333336,10000.0,81.01676224887126,1,4
apartamento,4400000,89.0,2,3,2,castropol,6.216109752655029,-75.56694793701172,7,12.714285714285714,48917.86962109346,739745.95924104,44.5,7921.0,83.62630406810368,1,4
apartamento,3100000,75.0,3,3,1,la mota,6.209683418273926,-75.5986099243164,7,10.714285714285714,31054.252952250557,508263.3053221289,25.0,5625.0,53.08801098878807,1,1
apartamento,3500000,84.0,3,2,1,el velodromo,6.252969741821289,-75.59510803222656,6,14.0,33048.78048780488,624423.9631336406,28.0,7056.0,56.497704981033166,1,1
casa,4750000,114.0,3,3,1,la mota,6.215307712554932,-75.59758758544922,7,16.285714285714285,31054.252952250557,508263.3053221289,38.0,12996.0,53.08801098878807,1,1
apartamento,1950000,45.0,2,2,0,la hondonada,6.203623294830322,-75.60150146484375,4,11.25,35058.243727598565,399234.693877551,22.5,2025.0,59.93293192787884,0,0
apartamento,2850000,50.0,1,1,1,rosales,6.235946178436279,-75.59394836425781,3,16.666666666666668,31678.50652568974,626633.9869281045,50.0,2500.0,54.15518786203267,1,1
apartamento,4750000,89.0,2,2,2,el castillo,6.187862396240234,-75.56877899169922,6,14.833333333333334,56343.83279364145,907109.0047393364,44.5,7921.0,96.32117118059666,1,4
apartamento,5800000,74.0,3,2,1,santa fe,6.222617149353027,-75.57743835449219,6,12.333333333333334,48109.58350181965,701917.4041297935,24.666666666666668,5476.0,82.24451902088094,1,1
apartamento,8150000,78.0,3,2,1,altos del poblado,6.215419769287109,-75.55437469482422,6,13.0,58495.7928802589,930019.3704600484,26.0,6084.0,100.0,1,1
apartamento,4400000,88.0,2,3,2,la florida,6.205695152282715,-75.56403350830078,7,12.571428571428571,45025.656955191065,832086.513994911,44.0,7744.0,76.97247056272704,1,4
apartamento,3700000,86.0,3,2,1,santa maria de los angeles,6.18818,-75.58244,6,14.333333333333334,47391.397443391514,760224.6376811594,28.666666666666668,7396.0,81.01676224887126,1,1
casa,4500000,1000.0,3,3,3,los conquistadores,6.2442,-75.58121,9,111.11111111111111,30995.98034836981,625225.2252252252,333.3333333333333,1000000.0,52.98839253588492,1,9
apartamento,4000000,70.0,2,2,1,los balsos no.1,6.19187,-75.56263,5,14.0,48115.75526148983,871145.722446916,35.0,4900.0,82.2550697961868,1,1
apartamento,1800000,55.0,2,1,0,fatima,6.235419,-75.584015,3,18.333333333333332,31102.18652387327,606086.9565217391,27.5,3025.0,53.16995461116248,0,0
apartamento,6700000,110.0,2,3,2,castropol,6.22039,-75.56763,7,15.714285714285714,48917.86962109346,739745.95924104,55.0,12100.0,83.62630406810368,1,4
apartamento,3000000,78.0,3,2,1,san diego,6.23455,-75.56654,6,13.0,47227.322103995706,654899.8185117968,26.0,6084.0,80.73627141129654,1,1
apartamento,3650000,75.0,2,2,1,astorga,6.209845066070557,-75.57328033447266,5,15.0,38915.5662264906,771825.3968253968,37.5,5625.0,66.52711983261925,1,1
apartamento,6700000,154.0,3,4,2,santa maria de los angeles,6.188781261444092,-75.57971954345703,9,17.11111111111111,47391.397443391514,760224.6376811594,51.333333333333336,23716.0,81.01676224887126,1,4
apartamento,7800000,99.0,2,2,2,lalinde,6.211981296539307,-75.56668090820312,6,16.5,53427.21397778484,890320.987654321,49.5,9801.0,91.33513941276176,1,4
apartamento,3300000,80.0,3,2,1,rosales,6.2378339767456055,-75.59024810791016,6,13.333333333333334,31678.50652568974,626633.9869281045,26.666666666666668,6400.0,54.15518786203267,1,1
apartamento,3000000,65.0,2,1,1,santa fe,6.222130298614502,-75.58153533935547,4,16.25,48109.58350181965,701917.4041297935,32.5,4225.0,82.24451902088094,1,1
apartamento,2750000,82.0,2,2,1,la loma de los bernal,6.220218181610107,-75.60404205322266,5,16.4,40721.08579809159,584155.2990556138,41.0,6724.0,69.61370005095546,1,1
apartamento,5000000,110.0,3,3,1,santa maria de los angeles,6.190206050872803,-75.57931518554688,7,15.714285714285714,47391.397443391514,760224.6376811594,36.666666666666664,12100.0,81.01676224887126,1,1
apartamento,4850000,82.0,3,2,1,santa maria de los angeles,6.1878743171691895,-75.57908630371094,6,13.666666666666666,47391.397443391514,760224.6376811594,27.333333333333332,6724.0,81.01676224887126,1,1
apartamento,5350000,74.0,2,2,1,patio bonito,6.206060886383057,-75.57569885253906,5,14.8,43819.79935642627,741195.3041622199,37.0,5476.0,74.91102727015866,1,1
apartamento,7200000,133.0,3,4,3,la florida,6.202153205871582,-75.56844329833984,10,13.3,45025.656955191065,832086.513994911,44.333333333333336,17689.0,76.97247056272704,1,9
apartamento,4900000,140.0,3,2,1,alejandria,6.199613571166992,-75.56948852539062,6,23.333333333333332,48842.610337435945,852482.6560951438,46.666666666666664,19600.0,83.49764646735697,1,1
apartamento,5600000,100.0,2,2,2,los naranjos,6.19380521774292,-75.5624008178711,6,16.666666666666668,49565.6761295771,827000.8873114464,50.0,10000.0,84.733745264447,1,4
apartamento,4650000,88.0,1,2,1,san lucas,6.17993688583374,-75.56379699707031,4,22.0,47354.22828936933,904097.3871733967,88.0,7744.0,80.95322066375543,1,1
apartamento,5000000,86.0,3,2,2,altos del poblado,6.213569641113281,-75.55313873291016,7,12.285714285714286,58495.7928802589,930019.3704600484,28.666666666666668,7396.0,100.0,1,4
apartamento,2900000,65.0,2,2,1,san joaquin,6.246973991394043,-75.58515930175781,5,13.0,32753.58855757907,569436.2017804154,32.5,4225.0,55.9930670990746,1,1
apartamento,5000000,96.0,3,2,2,castropol,6.2158894538879395,-75.56684112548828,7,13.714285714285714,48917.86962109346,739745.95924104,32.0,9216.0,83.62630406810368,1,4
apartamento,5150000,120.0,3,4,2,el diamante no.2,6.1827569007873535,-75.57183837890625,9,13.333333333333334,43639.65496971377,774744.3419949707,40.0,14400.0,74.60306600005285,1,4
apartamento,4200000,90.0,3,2,2,alejandria,6.1985764503479,-75.57109069824219,7,12.857142857142858,48842.610337435945,852482.6560951438,30.0,8100.0,83.49764646735697,1,4
apartamento,6000000,116.0,3,3,2,laureles,6.2408599853515625,-75.59696960449219,8,14.5,37952.470484611345,680619.6840826245,38.666666666666664,13456.0,64.88068391909857,1,4
apartamento,3000000,63.0,2,2,1,castropol,6.217914581298828,-75.56876373291016,5,12.6,48917.86962109346,739745.95924104,31.5,3969.0,83.62630406810368,1,1
apartamento,5150000,96.0,2,3,1,alejandria,6.200427055358887,-75.57274627685547,6,16.0,48842.610337435945,852482.6560951438,48.0,9216.0,83.49764646735697,1,1
apartamento,2300000,60.0,2,1,1,belen rincon,6.217810153961182,-75.60706329345703,4,15.0,42767.5585284281,568333.3333333334,30.0,3600.0,73.11219563426286,1,1
apartamento,3700000,170.0,4,3,1,laureles,6.243419170379639,-75.59467315673828,8,21.25,37952.470484611345,680619.6840826245,42.5,28900.0,64.88068391909857,1,1
apartamento,7500000,152.0,3,4,2,la florida,6.206171035766602,-75.56477355957031,9,16.88888888888889,45025.656955191065,832086.513994911,50.666666666666664,23104.0,76.97247056272704,1,4
apartamento,2600000,61.0,2,2,1,las acacias,6.240993499755859,-75.60108184814453,5,12.2,34935.06493506493,672500.0,30.5,3721.0,59.7223547453697,1,1
apartamento,2850000,64.0,3,2,1,calasanz,6.262845516204834,-75.59758758544922,6,10.666666666666666,32548.10882548109,537043.795620438,21.333333333333332,4096.0,55.64179443145114,1,1
apartamento,8250000,135.0,2,2,2,santa maria de los angeles,6.192142486572266,-75.57806396484375,6,22.5,47391.397443391514,760224.6376811594,67.5,18225.0,81.01676224887126,1,4
apartamento,3650000,103.0,2,3,1,santa maria de los angeles,6.190206050872803,-75.57931518554688,6,17.166666666666668,47391.397443391514,760224.6376811594,51.5,10609.0,81.01676224887126,1,1
casa,4500000,140.0,4,3,0,simon bolivar,6.24497,-75.60633,7,20.0,28965.474716228782,659298.245614035,35.0,19600.0,49.51719310057257,0,0
apartamento,3000000,75.0,2,2,1,los conquistadores,6.242355,-75.581523,5,15.0,30995.98034836981,625225.2252252252,37.5,5625.0,52.98839253588492,1,1
casa,4900000,200.0,5,3,0,florida nueva,6.251009,-75.590982,8,25.0,34915.907498248074,668791.9463087248,40.0,40000.0,59.68960463485137,0,0
apartamento,5500000,107.0,3,2,1,santa maria de los angeles,6.19233,-75.57779,6,17.833333333333332,47391.397443391514,760224.6376811594,35.666666666666664,11449.0,81.01676224887126,1,1
apartamento,6900000,130.0,3,3,1,lalinde,6.21433,-75.5657,7,18.571428571428573,53427.21397778484,890320.987654321,43.333333333333336,16900.0,91.33513941276176,1,1
apartamento,5500000,130.0,3,3,1,lalinde,6.21433,-75.5657,7,18.571428571428573,53427.21397778484,890320.987654321,43.333333333333336,16900.0,91.33513941276176,1,1
apartamento,4200000,90.0,3,2,1,la aguacatala,6.199398994445801,-75.57658386230469,6,15.0,51442.75043487159,795490.506329114,30.0,8100.0,87.9426500640398,1,1
apartamento,3800000,157.0,3,2,1,laureles,6.242885112762451,-75.5961685180664,6,26.166666666666668,37952.470484611345,680619.6840826245,52.333333333333336,24649.0,64.88068391909857,1,1
apartamento,3400000,80.0,3,2,1,diego echavarria,6.214990139007568,-75.59534454345703,6,13.333333333333334,30825.838103025348,571212.1212121212,26.666666666666668,6400.0,52.69753017302621,1,1
apartamento,3700000,80.0,3,2,1,castropol,6.216109752655029,-75.56694793701172,6,13.333333333333334,48917.86962109346,739745.95924104,26.666666666666668,6400.0,83.62630406810368,1,1
casa,3200000,80.0,1,2,3,los balsos no.1,6.18696403503418,-75.5599594116211,6,13.333333333333334,48115.75526148983,871145.722446916,80.0,6400.0,82.2550697961868,1,9
apartamento,4750000,84.0,1,2,1,san lucas,6.183226585388184,-75.56377410888672,4,21.0,47354.22828936933,904097.3871733967,84.0,7056.0,80.95322066375543,1,1
apartamento,3600000,70.0,2,2,1,laureles,6.242758750915527,-75.59607696533203,5,14.0,37952.470484611345,680619.6840826245,35.0,4900.0,64.88068391909857,1,1
apartamento,5800000,106.0,3,3,1,el castillo,6.191563129425049,-75.57656860351562,7,15.142857142857142,56343.83279364145,907109.0047393364,35.333333333333336,11236.0,96.32117118059666,1,1
apartamento,3900000,94.0,3,2,1,castropol,6.218486785888672,-75.56706237792969,6,15.666666666666666,48917.86962109346,739745.95924104,31.333333333333332,8836.0,83.62630406810368,1,1
apartamento,3400000,78.0,3,2,1,la loma de los bernal,6.2178120613098145,-75.60408020019531,6,13.0,40721.08579809159,584155.2990556138,26.0,6084.0,69.61370005095546,1,1
apartamento,9700000,180.0,2,2,2,la florida,6.205416679382324,-75.56639862060547,6,30.0,45025.656955191065,832086.513994911,90.0,32400.0,76.97247056272704,1,4
apartamento,3750000,87.0,2,2,1,la aguacatala,6.198988437652588,-75.5776138305664,5,17.4,51442.75043487159,795490.506329114,43.5,7569.0,87.9426500640398,1,1
apartamento,3700000,60.0,2,3,1,san diego,6.233372688293457,-75.5699462890625,6,10.0,47227.322103995706,654899.8185117968,30.0,3600.0,80.73627141129654,1,1
apartamento,5700000,78.0,2,2,1,la aguacatala,6.196604251861572,-75.57518005371094,5,15.6,51442.75043487159,795490.506329114,39.0,6084.0,87.9426500640398,1,1
apartamento,3650000,70.0,2,2,1,santa maria de los angeles,6.188467979431152,-75.57828521728516,5,14.0,47391.397443391514,760224.6376811594,35.0,4900.0,81.01676224887126,1,1
casa,6700000,170.0,2,4,2,castropol,6.216270923614502,-75.56549835205078,8,21.25,48917.86962109346,739745.95924104,85.0,28900.0,83.62630406810368,1,4
apartamento,3700000,100.0,2,2,2,los naranjos,6.19380521774292,-75.5624008178711,6,16.666666666666668,49565.6761295771,827000.8873114464,50.0,10000.0,84.733745264447,1,4
casa,3300000,134.0,4,3,0,granada,6.2310621598,-75.5955153114,7,19.142857142857142,26254.6468401487,553921.568627451,33.5,17956.0,44.88296601755968,0,0
apartamento,3400000,85.0,3,2,1,belen rincon,6.21339344,-75.60740997,6,14.166666666666666,42767.5585284281,568333.3333333334,28.333333333333332,7225.0,73.11219563426286,1,1
apartamento,2600000,60.0,2,2,0,la loma de los bernal,6.21658967,-75.60115916,4,15.0,40721.08579809159,584155.2990556138,30.0,3600.0,69.61370005095546,0,0
apartamento,5500000,70.0,2,2,1,san diego,6.22713,-75.5664,5,14.0,47227.322103995706,654899.8185117968,35.0,4900.0,80.73627141129654,1,1
apartamento,5300000,96.0,1,2,1,los balsos no.1,6.19131,-75.56362,4,24.0,48115.75526148983,871145.722446916,96.0,9216.0,82.2550697961868,1,1
apartamento,6650000,88.0,1,2,2,san lucas,6.179930686950684,-75.5642318725586,5,17.6,47354.22828936933,904097.3871733967,88.0,7744.0,80.95322066375543,1,4
apartamento,6200000,88.0,3,2,2,la aguacatala,6.198988437652588,-75.5776138305664,7,12.571428571428571,51442.75043487159,795490.506329114,29.333333333333332,7744.0,87.9426500640398,1,4
apartamento,5200000,175.0,4,3,1,laureles,6.241576194763184,-75.59513092041016,8,21.875,37952.470484611345,680619.6840826245,43.75,30625.0,64.88068391909857,1,1
apartamento,2400000,36.0,1,1,0,los conquistadores,6.242410659790039,-75.58174896240234,2,18.0,30995.98034836981,625225.2252252252,36.0,1296.0,52.98839253588492,0,0
apartamento,2700000,60.0,2,2,0,rosales,6.236179828643799,-75.58879852294922,4,15.0,31678.50652568974,626633.9869281045,30.0,3600.0,54.15518786203267,0,0
apartamento,3450000,92.0,3,2,1,la loma de los bernal,6.217579364776611,-75.60416412353516,6,15.333333333333334,40721.08579809159,584155.2990556138,30.666666666666668,8464.0,69.61370005095546,1,1
apartamento,5400000,144.0,3,3,2,el tesoro,6.203347682952881,-75.55573272705078,8,18.0,46307.752975324685,855149.2240350179,48.0,20736.0,79.1642453160979,1,4
apartamento,5350000,90.0,3,2,1,los naranjos,6.193474292755127,-75.55982971191406,6,15.0,49565.6761295771,827000.8873114464,30.0,8100.0,84.733745264447,1,1
apartamento,3900000,85.0,3,2,1,castropol,6.217127799987793,-75.5671615600586,6,14.166666666666666,48917.86962109346,739745.95924104,28.333333333333332,7225.0,83.62630406810368,1,1
apartamento,3900000,96.0,3,3,2,castropol,6.217913627624512,-75.56879425048828,8,12.0,48917.86962109346,739745.95924104,32.0,9216.0,83.62630406810368,1,4
apartamento,8500000,118.0,3,3,2,las lomas no.2,6.21127,-75.5590835,8,14.75,41861.648016276704,816005.6657223796,39.333333333333336,13924.0,71.56351928072442,1,4
apartamento,3800000,58.0,2,2,1,castropol,6.220195770263672,-75.56752014160156,5,11.6,48917.86962109346,739745.95924104,29.0,3364.0,83.62630406810368,1,1
apartamento,2950000,50.0,1,1,1,patio bonito,6.202531337738037,-75.57311248779297,3,16.666666666666668,43819.79935642627,741195.3041622199,50.0,2500.0,74.91102727015866,1,1
casa,3200000,130.0,3,3,2,parque juan pablo ii,6.20990754,-75.59414896,8,16.25,27428.571428571428,480000.0,43.333333333333336,16900.0,46.88981904171777,1,4
apartamento,4100000,93.0,2,2,2,los balsos no.1,6.189451217651367,-75.56155395507812,6,15.5,48115.75526148983,871145.722446916,46.5,8649.0,82.2550697961868,1,4
apartamento,6200000,75.0,2,2,1,alejandria,6.1991190910339355,-75.56869506835938,5,15.0,48842.610337435945,852482.6560951438,37.5,5625.0,83.49764646735697,1,1
apartamento,4500000,64.0,1,2,1,los naranjos,6.19466495513916,-75.56161499023438,4,16.0,49565.6761295771,827000.8873114464,64.0,4096.0,84.733745264447,1,1
apartamento,4700000,70.0,1,2,2,el tesoro,6.206223011016846,-75.5525131225586,5,14.0,46307.752975324685,855149.2240350179,70.0,4900.0,79.1642453160979,1,4
apartamento,3900000,64.0,2,2,1,altos del poblado,6.214793682098389,-75.5542221069336,5,12.8,58495.7928802589,930019.3704600484,32.0,4096.0,100.0,1,1
casa,6400000,149.0,3,3,2,los naranjos,6.1956586837768555,-75.56539916992188,8,18.625,49565.6761295771,827000.8873114464,49.666666666666664,22201.0,84.733745264447,1,4
apartamento,2800000,64.0,2,2,1,asomadera no.2,6.215231418609619,-75.55799865722656,5,12.8,51821.74887892377,772562.6740947075,32.0,4096.0,88.59055724742987,1,1
apartamento,4500000,112.0,3,2,2,alejandria,6.1990885734558105,-75.5723648071289,7,16.0,48842.610337435945,852482.6560951438,37.333333333333336,12544.0,83.49764646735697,1,4
apartamento,4250000,90.0,3,2,1,los naranjos,6.192736625671387,-75.55860137939453,6,15.0,49565.6761295771,827000.8873114464,30.0,8100.0,84.733745264447,1,1
apartamento,8200000,173.0,3,4,2,los balsos no.2,6.1974687576293945,-75.57073211669922,9,19.22222222222222,47300.9517913736,836162.823200559,57.666666666666664,29929.0,80.86214317702954,1,4
apartamento,4600000,100.0,3,2,1,alejandria,6.200576305389404,-75.56959533691406,6,16.666666666666668,48842.610337435945,852482.6560951438,33.333333333333336,10000.0,83.49764646735697,1,1
apartamento,3500000,110.0,3,3,1,san joaquin,6.24463515,-75.5866088,7,15.714285714285714,32753.58855757907,569436.2017804154,36.666666666666664,12100.0,55.9930670990746,1,1
apartamento,4200000,90.0,3,2,1,la aguacatala,6.1989829,-75.5739021,6,15.0,51442.75043487159,795490.506329114,30.0,8100.0,87.9426500640398,1,1
apartamento,2800000,65.0,3,2,1,asomadera no.1,6.22645749,-75.56455972,6,10.833333333333334,48571.57944764218,665557.1635311143,21.666666666666668,4225.0,83.03431247964855,1,1
apartamento,2600000,29.0,1,1,1,el diamante no.2,6.18383807,-75.57717719,3,9.666666666666666,43639.65496971377,774744.3419949707,29.0,841.0,74.60306600005285,1,1
apartamento,3500000,74.0,3,2,1,asomadera no.1,6.22758,-75.56463,6,12.333333333333334,48571.57944764218,665557.1635311143,24.666666666666668,5476.0,83.03431247964855,1,1
apartamento,3500000,75.0,3,2,0,el tesoro,6.20099138,-75.56222887,5,15.0,46307.752975324685,855149.2240350179,25.0,5625.0,79.1642453160979,0,0
apartamento,6000000,72.0,2,2,1,el diamante no.2,6.18894,-75.57717,5,14.4,43639.65496971377,774744.3419949707,36.0,5184.0,74.60306600005285,1,1
casa,9500000,180.0,4,3,0,manila,6.21424228,-75.57154032,7,25.714285714285715,48813.76037959668,888129.4964028777,45.0,32400.0,83.44832675320535,0,0
apartamento,3250000,100.0,3,2,1,santa maria de los angeles,6.189905643463135,-75.58113861083984,6,16.666666666666668,47391.397443391514,760224.6376811594,33.333333333333336,10000.0,81.01676224887126,1,1
apartamento,6150000,116.0,4,3,2,villa carlota,6.221620082855225,-75.57177734375,9,12.88888888888889,54977.83356366141,748492.5201380898,29.0,13456.0,93.98596182156422,1,4
apartamento,7100000,98.0,2,2,2,las lomas no.1,6.212169170379639,-75.56092071533203,6,16.333333333333332,42753.43481316735,816268.3823529412,49.0,9604.0,73.08805079483885,1,4
apartamento,1600000,36.0,2,1,0,barrio cristobal,6.24635965,-75.61129198,3,12.0,27092.70927092709,578846.1538461539,18.0,1296.0,46.315654403361904,0,0
apartamento,4350000,55.0,2,1,1,los balsos no.2,6.195509910583496,-75.57032012939453,4,13.75,47300.9517913736,836162.823200559,27.5,3025.0,80.86214317702954,1,1
apartamento,4700000,87.0,2,2,1,altos del poblado,6.214715480804443,-75.55484008789062,5,17.4,58495.7928802589,930019.3704600484,43.5,7569.0,100.0,1,1
apartamento,3450000,86.0,3,2,1,patio bonito,6.205706596374512,-75.57516479492188,6,14.333333333333334,43819.79935642627,741195.3041622199,28.666666666666668,7396.0,74.91102727015866,1,1
apartamento,5650000,78.0,2,2,1,la aguacatala,6.200544357299805,-75.57774353027344,5,15.6,51442.75043487159,795490.506329114,39.0,6084.0,87.9426500640398,1,1
apartamento,4000000,57.0,2,2,1,la loma de los bernal,6.217824935913086,-75.6022720336914,5,11.4,40721.08579809159,584155.2990556138,28.5,3249.0,69.61370005095546,1,1
apartamento,3650000,76.0,2,2,1,lalinde,6.212884902954102,-75.56765747070312,5,15.2,53427.21397778484,890320.987654321,38.0,5776.0,91.33513941276176,1,1
apartamento,2800000,100.0,3,2,1,belen,6.233881950378418,-75.59620666503906,6,16.666666666666668,34214.434214434215,771428.5714285715,33.333333333333336,10000.0,58.49041876305752,1,1
apartamento,2300000,60.0,1,2,0,la gloria,6.221340656280518,-75.60728454589844,3,20.0,34291.07710077967,552325.5813953489,60.0,3600.0,58.62144166670863,0,0
casa,7300000,230.0,3,4,2,el diamante no.2,6.1850996017456055,-75.57048797607422,9,25.555555555555557,43639.65496971377,774744.3419949707,76.66666666666667,52900.0,74.60306600005285,1,4
apartamento,4400000,73.0,2,3,1,castropol,6.219971656799316,-75.5684585571289,6,12.166666666666666,48917.86962109346,739745.95924104,36.5,5329.0,83.62630406810368,1,1
apartamento,7500000,149.0,3,3,1,el diamante no.2,6.1822835399,-75.5739426613,7,21.285714285714285,43639.65496971377,774744.3419949707,49.666666666666664,22201.0,74.60306600005285,1,1
apartamento,3800000,65.0,2,3,2,castropol,6.219926834106445,-75.56832122802734,7,9.285714285714286,48917.86962109346,739745.95924104,32.5,4225.0,83.62630406810368,1,4
apartamento,3250000,60.0,2,2,1,castropol,6.217523097991943,-75.56755065917969,5,12.0,48917.86962109346,739745.95924104,30.0,3600.0,83.62630406810368,1,1
apartamento,2750000,48.0,1,2,1,villa carlota,6.221945762634277,-75.57394409179688,4,12.0,54977.83356366141,748492.5201380898,48.0,2304.0,93.98596182156422,1,1
apartamento,2900000,70.0,2,2,1,los colores,6.266157627105713,-75.5921630859375,5,14.0,34639.764996907856,599064.1711229946,35.0,4900.0,59.21753222118996,1,1
apartamento,3250000,45.0,1,2,2,villa carlota,6.218235969543457,-75.57379150390625,5,9.0,54977.83356366141,748492.5201380898,45.0,2025.0,93.98596182156422,1,4
apartamento,4500000,116.0,2,2,2,los balsos no.2,6.194524765014648,-75.56732177734375,6,19.333333333333332,47300.9517913736,836162.823200559,58.0,13456.0,80.86214317702954,1,4
apartamento,2600000,58.0,2,2,1,castropol,6.2174763679504395,-75.56855773925781,5,11.6,48917.86962109346,739745.95924104,29.0,3364.0,83.62630406810368,1,1
apartamento,8200000,120.0,3,3,1,laureles,6.24241,-75.59472,7,17.142857142857142,37952.470484611345,680619.6840826245,40.0,14400.0,64.88068391909857,1,1
apartamento,7500000,170.0,4,4,1,santa maria de los angeles,6.19,-75.58272,9,18.88888888888889,47391.397443391514,760224.6376811594,42.5,28900.0,81.01676224887126,1,1
apartamento,2400000,65.0,2,2,0,la gloria,6.22381569,-75.60284313,4,16.25,34291.07710077967,552325.5813953489,32.5,4225.0,58.62144166670863,0,0
apartamento,2750000,60.0,3,2,1,castropol,6.221942,-75.568515,6,10.0,48917.86962109346,739745.95924104,20.0,3600.0,83.62630406810368,1,1
apartamento,3300000,90.0,3,2,1,santa teresita,6.24377981,-75.61510125,6,15.0,26323.37946103423,520028.77697841724,30.0,8100.0,45.00046612739874,1,1
apartamento,2200000,79.0,3,2,1,fatima,6.2357795,-75.5851857,6,13.166666666666666,31102.18652387327,606086.9565217391,26.333333333333332,6241.0,53.16995461116248,1,1
apartamento,3000000,77.0,2,2,2,el tesoro,6.2017,-75.56174,6,12.833333333333334,46307.752975324685,855149.2240350179,38.5,5929.0,79.1642453160979,1,4
apartamento,6400000,130.0,2,4,2,san lucas,6.184,-75.56571,8,16.25,47354.22828936933,904097.3871733967,65.0,16900.0,80.95322066375543,1,4
apartamento,2800000,90.0,2,2,1,los balsos no.2,6.194524765014648,-75.56732177734375,5,18.0,47300.9517913736,836162.823200559,45.0,8100.0,80.86214317702954,1,1
apartamento,2650000,51.0,2,1,1,la loma de los bernal,6.220260143280029,-75.60388946533203,4,12.75,40721.08579809159,584155.2990556138,25.5,2601.0,69.61370005095546,1,1
apartamento,4700000,115.0,3,2,2,alejandria,6.200315952301025,-75.56929779052734,7,16.428571428571427,48842.610337435945,852482.6560951438,38.333333333333336,13225.0,83.49764646735697,1,4
apartamento,4200000,117.0,3,2,2,castropol,6.2158894538879395,-75.56684112548828,7,16.714285714285715,48917.86962109346,739745.95924104,39.0,13689.0,83.62630406810368,1,4
apartamento,5200000,80.0,2,2,1,manila,6.2125325202941895,-75.571044921875,5,16.0,48813.76037959668,888129.4964028777,40.0,6400.0,83.44832675320535,1,1
apartamento,4150000,57.0,1,2,1,asomadera no.1,6.225461483001709,-75.56105041503906,4,14.25,48571.57944764218,665557.1635311143,57.0,3249.0,83.03431247964855,1,1
apartamento,2900000,67.0,2,2,2,castropol,6.217127799987793,-75.5671615600586,6,11.166666666666666,48917.86962109346,739745.95924104,33.5,4489.0,83.62630406810368,1,4
apartamento,5000000,140.0,3,3,2,la florida,6.2015700340271,-75.56584167480469,8,17.5,45025.656955191065,832086.513994911,46.666666666666664,19600.0,76.97247056272704,1,4
apartamento,2950000,44.0,1,2,1,villa carlota,6.218226432800293,-75.57369232177734,4,11.0,54977.83356366141,748492.5201380898,44.0,1936.0,93.98596182156422,1,1
apartamento,4500000,150.0,4,4,2,los conquistadores,6.242647647857666,-75.58167266845703,10,15.0,30995.98034836981,625225.2252252252,37.5,22500.0,52.98839253588492,1,4
apartamento,5500000,79.0,3,2,1,castropol,6.225553035736084,-75.56745147705078,6,13.166666666666666,48917.86962109346,739745.95924104,26.333333333333332,6241.0,83.62630406810368,1,1
apartamento,8650000,185.0,3,4,2,los balsos no.1,6.186859607696533,-75.55997467041016,9,20.555555555555557,48115.75526148983,871145.722446916,61.666666666666664,34225.0,82.2550697961868,1,4
apartamento,3100000,63.0,1,2,1,el tesoro,6.204082012176514,-75.55439758300781,4,15.75,46307.752975324685,855149.2240350179,63.0,3969.0,79.1642453160979,1,1
apartamento,3750000,78.0,2,2,1,patio bonito,6.2061333656311035,-75.57546997070312,5,15.6,43819.79935642627,741195.3041622199,39.0,6084.0,74.91102727015866,1,1
apartamento,4250000,110.0,3,2,2,patio bonito,6.2010345458984375,-75.57440948486328,7,15.714285714285714,43819.79935642627,741195.3041622199,36.666666666666664,12100.0,74.91102727015866,1,4
apartamento,3150000,42.0,1,1,0,belen,6.232621669769287,-75.60057830810547,2,21.0,34214.434214434215,771428.5714285715,42.0,1764.0,58.49041876305752,0,0
apartamento,8000000,122.0,3,3,2,altos del poblado,6.21466588973999,-75.55469512939453,8,15.25,58495.7928802589,930019.3704600484,40.666666666666664,14884.0,100.0,1,4
apartamento,5800000,98.0,2,2,2,las lomas no.1,6.212169170379639,-75.56092071533203,6,16.333333333333332,42753.43481316735,816268.3823529412,49.0,9604.0,73.08805079483885,1,4
apartamento,4900000,87.0,3,2,2,altos del poblado,6.2115349769592285,-75.55300903320312,7,12.428571428571429,58495.7928802589,930019.3704600484,29.0,7569.0,100.0,1,4
apartamento,3700000,95.0,3,2,2,el velodromo,6.2537126541137695,-75.59534454345703,7,13.571428571428571,33048.78048780488,624423.9631336406,31.666666666666668,9025.0,56.497704981033166,1,4
apartamento,2200000,68.0,3,1,1,bosques de san pablo,6.274887,-75.581385,5,13.6,36040.609137055835,473333.3333333333,22.666666666666668,4624.0,61.61230981317083,1,1
apartamento,4160000,80.0,2,2,1,villa carlota,6.2200488,-75.57336186,5,16.0,54977.83356366141,748492.5201380898,40.0,6400.0,93.98596182156422,1,1
casa,8500000,234.0,5,4,1,la castellana,6.24089,-75.6086,10,23.4,32305.993690851734,627000.0,46.8,54756.0,55.22789264004374,1,1
apartamento,3500000,90.0,2,2,1,los conquistadores,6.24115,-75.57962,5,18.0,30995.98034836981,625225.2252252252,45.0,8100.0,52.98839253588492,1,1
apartamento,4500000,82.0,3,2,1,villa carlota,6.22229,-75.57417,6,13.666666666666666,54977.83356366141,748492.5201380898,27.333333333333332,6724.0,93.98596182156422,1,1
apartamento,3700000,70.0,2,2,1,la florida,6.206079006195068,-75.56328582763672,5,14.0,45025.656955191065,832086.513994911,35.0,4900.0,76.97247056272704,1,1
apartamento,4400000,75.0,3,2,1,santa maria de los angeles,6.188480377197266,-75.58077239990234,6,12.5,47391.397443391514,760224.6376811594,25.0,5625.0,81.01676224887126,1,1
apartamento,3000000,52.0,2,2,1,castropol,6.219926834106445,-75.56832122802734,5,10.4,48917.86962109346,739745.95924104,26.0,2704.0,83.62630406810368,1,1
apartamento,2950000,93.0,3,2,0,belen,6.235375881195068,-75.5948715209961,5,18.6,34214.434214434215,771428.5714285715,31.0,8649.0,58.49041876305752,0,0
apartamento,3000000,64.0,2,2,1,asomadera no.1,6.225736141204834,-75.56065368652344,5,12.8,48571.57944764218,665557.1635311143,32.0,4096.0,83.03431247964855,1,1
apartamento,4850000,100.0,2,2,2,los balsos no.1,6.191534996032715,-75.56587982177734,6,16.666666666666668,48115.75526148983,871145.722446916,50.0,10000.0,82.2550697961868,1,4
casa,8700000,230.0,4,4,2,altos del poblado,6.216004848480225,-75.55506896972656,10,23.0,58495.7928802589,930019.3704600484,57.5,52900.0,100.0,1,4
apartamento,3600000,115.0,3,2,2,la mota,6.209683418273926,-75.5986099243164,7,16.428571428571427,31054.252952250557,508263.3053221289,38.333333333333336,13225.0,53.08801098878807,1,4
apartamento,4950000,88.0,1,2,2,san lucas,6.17995023727417,-75.56442260742188,5,17.6,47354.22828936933,904097.3871733967,88.0,7744.0,80.95322066375543,1,4
apartamento,3100000,110.0,3,3,1,laureles,6.246158123016357,-75.59536743164062,7,15.714285714285714,37952.470484611345,680619.6840826245,36.666666666666664,12100.0,64.88068391909857,1,1
apartamento,3300000,64.0,1,1,1,las lomas no.2,6.207771301269531,-75.55645751953125,3,21.333333333333332,41861.648016276704,816005.6657223796,64.0,4096.0,71.56351928072442,1,1
apartamento,2600000,78.0,3,2,1,asomadera no.1,6.225461483001709,-75.56105041503906,6,13.0,48571.57944764218,665557.1635311143,26.0,6084.0,83.03431247964855,1,1
casa,9000000,280.0,2,3,2,la candelaria,6.2476376,-75.5658153,7,40.0,33260.86956521739,689189.1891891892,140.0,78400.0,56.86027648740912,1,4
apartamento,2950000,70.0,3,2,1,castropol,6.223623752593994,-75.56558227539062,6,11.666666666666666,48917.86962109346,739745.95924104,23.333333333333332,4900.0,83.62630406810368,1,1
apartamento,3300000,56.0,2,2,1,la aguacatala,6.195442199707031,-75.57857513427734,5,11.2,51442.75043487159,795490.506329114,28.0,3136.0,87.9426500640398,1,1
apartamento,4500000,52.0,2,2,1,castropol,6.21712589263916,-75.56720733642578,5,10.4,48917.86962109346,739745.95924104,26.0,2704.0,83.62630406810368,1,1
apartamento,4900000,107.0,3,2,1,los balsos no.1,6.192460060119629,-75.56243896484375,6,17.833333333333332,48115.75526148983,871145.722446916,35.666666666666664,11449.0,82.2550697961868,1,1
apartamento,7200000,110.0,3,2,1,alejandria,6.200577259063721,-75.56989288330078,6,18.333333333333332,48842.610337435945,852482.6560951438,36.666666666666664,12100.0,83.49764646735697,1,1
casa,3500000,120.0,3,2,1,calasanz,6.266067456,-75.596820134,6,20.0,32548.10882548109,537043.795620438,40.0,14400.0,55.64179443145114,1,1
apartamento,8000000,120.0,3,3,0,manila,6.21253,-75.5701813,6,20.0,48813.76037959668,888129.4964028777,40.0,14400.0,83.44832675320535,0,0
apartamento,3200000,90.0,3,2,1,lorena,6.24807859,-75.59358395,6,15.0,35721.295387634935,652329.7491039427,30.0,8100.0,61.06643508663359,1,1
apartamento,9800000,242.0,4,5,2,la florida,6.203191,-75.562287,11,22.0,45025.656955191065,832086.513994911,60.5,58564.0,76.97247056272704,1,4
apartamento,6000000,227.0,3,4,1,el tesoro,6.20184,-75.56087,8,28.375,46307.752975324685,855149.2240350179,75.66666666666667,51529.0,79.1642453160979,1,1
apartamento,3000000,70.0,3,2,1,los alpes,6.22948262,-75.6085321,6,11.666666666666666,42857.142857142855,500000.0,23.333333333333332,4900.0,73.26534225268402,1,1
casa,5700000,180.0,4,4,1,la palma,6.22865,-75.6026,9,20.0,30263.43970871707,611688.3116883116,45.0,32400.0,51.73609625339456,1,1
apartamento,3950000,74.0,2,2,1,la aguacatala,6.19769,-75.57654,5,14.8,51442.75043487159,795490.506329114,37.0,5476.0,87.9426500640398,1,1
apartamento,4150000,82.0,3,2,1,santa maria de los angeles,6.190688610076904,-75.5787582397461,6,13.666666666666666,47391.397443391514,760224.6376811594,27.333333333333332,6724.0,81.01676224887126,1,1
apartamento,3650000,64.0,3,2,1,san diego,6.231986999511719,-75.56765747070312,6,10.666666666666666,47227.322103995706,654899.8185117968,21.333333333333332,4096.0,80.73627141129654,1,1
apartamento,3400000,79.0,2,2,1,la aguacatala,6.197410583496094,-75.577392578125,5,15.8,51442.75043487159,795490.506329114,39.5,6241.0,87.9426500640398,1,1
apartamento,4200000,212.0,4,2,1,suramericana,6.255194187164307,-75.58448028564453,7,30.285714285714285,26951.114922813034,661578.947368421,53.0,44944.0,46.07359537459739,1,1
apartamento,7700000,87.0,3,2,1,castropol,6.216827869415283,-75.5655746459961,6,14.5,48917.86962109346,739745.95924104,29.0,7569.0,83.62630406810368,1,1
apartamento,3350000,72.0,2,2,2,el tesoro,6.200255870819092,-75.5636978149414,6,12.0,46307.752975324685,855149.2240350179,36.0,5184.0,79.1642453160979,1,4
apartamento,7150000,117.0,3,3,2,santa maria de los angeles,6.188480377197266,-75.58077239990234,8,14.625,47391.397443391514,760224.6376811594,39.0,13689.0,81.01676224887126,1,4
apartamento,2500000,45.0,2,1,0,santa monica,6.24808289,-75.61394705,3,15.0,33578.94736842105,543750.0,22.5,2025.0,57.40403833341875,0,0
apartamento,4300000,130.0,2,2,2,los naranjos,6.195732593536377,-75.5594253540039,6,21.666666666666668,49565.6761295771,827000.8873114464,65.0,16900.0,84.733745264447,1,4
casa,5600000,170.0,4,4,2,san lucas,6.18418025970459,-75.5631103515625,10,17.0,47354.22828936933,904097.3871733967,42.5,28900.0,80.95322066375543,1,4
apartamento,3000000,74.0,2,2,1,bolivariana,6.246801853179932,-75.59165954589844,5,14.8,37400.24554941682,658648.6486486486,37.0,5476.0,63.936641778623724,1,1
apartamento,5650000,174.0,3,4,2,el diamante no.2,6.182284355163574,-75.57167053222656,9,19.333333333333332,43639.65496971377,774744.3419949707,58.0,30276.0,74.60306600005285,1,4
apartamento,4650000,157.0,3,2,2,laureles,6.246451377868652,-75.59380340576172,7,22.428571428571427,37952.470484611345,680619.6840826245,52.333333333333336,24649.0,64.88068391909857,1,4
apartamento,4500000,87.0,1,2,1,lalinde,6.212459564208984,-75.5672378540039,4,21.75,53427.21397778484,890320.987654321,87.0,7569.0,91.33513941276176,1,1
casa,6200000,200.0,4,3,1,las acacias,6.2403483390808105,-75.60057067871094,8,25.0,34935.06493506493,672500.0,50.0,40000.0,59.7223547453697,1,1
apartamento,4150000,100.0,3,2,2,el poblado,6.209716796875,-75.5655517578125,7,14.285714285714286,51331.92389006342,930592.3344947735,33.333333333333336,10000.0,87.7531893535319,1,4
apartamento,4200000,98.0,3,2,1,castropol,6.2159013748168945,-75.56682586669922,6,16.333333333333332,48917.86962109346,739745.95924104,32.666666666666664,9604.0,83.62630406810368,1,1
apartamento,4100000,65.0,2,2,1,la gloria,6.2208476066589355,-75.60572814941406,5,13.0,34291.07710077967,552325.5813953489,32.5,4225.0,58.62144166670863,1,1
apartamento,3200000,65.0,2,2,1,la loma de los bernal,6.217337608337402,-75.60316467285156,5,13.0,40721.08579809159,584155.2990556138,32.5,4225.0,69.61370005095546,1,1
apartamento,4100000,82.0,3,2,1,santa fe,6.222962856292725,-75.5811538696289,6,13.666666666666666,48109.58350181965,701917.4041297935,27.333333333333332,6724.0,82.24451902088094,1,1
casa,6500000,207.0,4,5,1,el velodromo,6.25250539,-75.59436508,10,20.7,33048.78048780488,624423.9631336406,51.75,42849.0,56.497704981033166,1,1
apartamento,2500000,70.0,3,2,1,boston,6.245594,-75.5581185,6,11.666666666666666,28429.680759275238,599090.9090909091,23.333333333333332,4900.0,48.60124012246641,1,1
apartamento,4900000,110.0,1,3,2,santa maria de los angeles,6.190122,-75.57839226,6,18.333333333333332,47391.397443391514,760224.6376811594,110.0,12100.0,81.01676224887126,1,4
casa,7000000,205.0,5,4,1,rosales,6.23632773,-75.59002869,10,20.5,31678.50652568974,626633.9869281045,41.0,42025.0,54.15518786203267,1,1
apartamento,4600000,105.0,2,3,0,las lomas no.1,6.211277,-75.56455626,5,21.0,42753.43481316735,816268.3823529412,52.5,11025.0,73.08805079483885,0,0
apartamento,5500000,120.0,3,3,0,el castillo,6.19168816,-75.57479917,6,20.0,56343.83279364145,907109.0047393364,40.0,14400.0,96.32117118059666,0,0
apartamento,4800000,88.0,3,2,1,villa carlota,6.22045,-75.57458,6,14.666666666666666,54977.83356366141,748492.5201380898,29.333333333333332,7744.0,93.98596182156422,1,1
apartamento,3150000,110.0,3,2,1,laureles,6.242604732513428,-75.59735107421875,6,18.333333333333332,37952.470484611345,680619.6840826245,36.666666666666664,12100.0,64.88068391909857,1,1
apartamento,3600000,87.0,1,2,1,lalinde,6.212459564208984,-75.5672378540039,4,21.75,53427.21397778484,890320.987654321,87.0,7569.0,91.33513941276176,1,1
apartamento,8100000,85.0,2,2,1,castropol,6.214448928833008,-75.56898498535156,5,17.0,48917.86962109346,739745.95924104,42.5,7225.0,83.62630406810368,1,1
apartamento,2650000,72.0,3,2,0,la gloria,6.224188804626465,-75.60240173339844,5,14.4,34291.07710077967,552325.5813953489,24.0,5184.0,58.62144166670863,0,0
apartamento,4600000,150.0,3,3,2,estadio,6.260064125061035,-75.59431457519531,8,18.75,28935.940737376888,589306.3583815029,50.0,22500.0,49.466704035636994,1,4
apartamento,3650000,120.0,3,2,1,el diamante no.2,6.182913303375244,-75.57220458984375,6,20.0,43639.65496971377,774744.3419949707,40.0,14400.0,74.60306600005285,1,1
apartamento,4200000,110.0,3,4,1,los conquistadores,6.241677761077881,-75.58100891113281,8,13.75,30995.98034836981,625225.2252252252,36.666666666666664,12100.0,52.98839253588492,1,1
apartamento,2900000,80.0,2,2,1,laureles,6.2427802085876465,-75.59559631347656,5,16.0,37952.470484611345,680619.6840826245,40.0,6400.0,64.88068391909857,1,1
apartamento,4800000,140.0,3,4,2,patio bonito,6.204248428344727,-75.57424926757812,9,15.555555555555555,43819.79935642627,741195.3041622199,46.666666666666664,19600.0,74.91102727015866,1,4
apartamento,3350000,86.0,2,2,1,san diego,6.225196838378906,-75.56625366210938,5,17.2,47227.322103995706,654899.8185117968,43.0,7396.0,80.73627141129654,1,1
casa,2100000,120.0,4,3,1,asomadera no.2,6.224054336547852,-75.56078338623047,8,15.0,51821.74887892377,772562.6740947075,30.0,14400.0,88.59055724742987,1,1
apartamento,4700000,98.0,3,2,1,castropol,6.216109752655029,-75.56694793701172,6,16.333333333333332,48917.86962109346,739745.95924104,32.666666666666664,9604.0,83.62630406810368,1,1
casa,7100000,156.0,4,4,2,castropol,6.216162204742432,-75.56681823730469,10,15.6,48917.86962109346,739745.95924104,39.0,24336.0,83.62630406810368,1,4
apartamento,4400000,95.0,3,2,2,patio bonito,6.207796096801758,-75.57610321044922,7,13.571428571428571,43819.79935642627,741195.3041622199,31.666666666666668,9025.0,74.91102727015866,1,4
apartamento,2700000,60.0,2,2,1,asomadera no.1,6.22565221786499,-75.56111907958984,5,12.0,48571.57944764218,665557.1635311143,30.0,3600.0,83.03431247964855,1,1
casa,1700000,122.0,4,2,0,trinidad,6.2257,-75.58255,6,20.333333333333332,34098.360655737706,472727.2727272727,30.5,14884.0,58.291988152955156,0,0
apartamento,3300000,80.0,2,2,1,el tesoro,6.203945,-75.55415,5,16.0,46307.752975324685,855149.2240350179,40.0,6400.0,79.1642453160979,1,1
apartamento,3300000,56.0,1,2,1,los balsos no.2,6.195683,-75.57100713,4,14.0,47300.9517913736,836162.823200559,56.0,3136.0,80.86214317702954,1,1
casa,6500000,200.0,5,3,1,los colores,6.26676001,-75.59095667,9,22.22222222222222,34639.764996907856,599064.1711229946,40.0,40000.0,59.21753222118996,1,1
apartamento,8500000,100.0,2,3,2,el poblado,6.20989,-75.56636,7,14.285714285714286,51331.92389006342,930592.3344947735,50.0,10000.0,87.7531893535319,1,4
apartamento,4500000,130.0,3,2,2,el tesoro,6.20235,-75.55865,7,18.571428571428573,46307.752975324685,855149.2240350179,43.333333333333336,16900.0,79.1642453160979,1,4
apartamento,8000000,380.0,4,5,4,cristo rey,6.2035914,-75.5815344,13,29.23076923076923,25753.871230643847,585185.1851851852,95.0,144400.0,44.02687776770906,1,16
apartamento,8000000,117.0,2,3,1,castropol,6.22324,-75.56642,6,19.5,48917.86962109346,739745.95924104,58.5,13689.0,83.62630406810368,1,1
apartamento,3200000,87.0,3,2,2,la loma de los bernal,6.219273567199707,-75.60104370117188,7,12.428571428571429,40721.08579809159,584155.2990556138,29.0,7569.0,69.61370005095546,1,4
apartamento,3200000,69.0,3,2,1,los colores,6.265888690948486,-75.59309387207031,6,11.5,34639.764996907856,599064.1711229946,23.0,4761.0,59.21753222118996,1,1
apartamento,8600000,233.0,3,4,2,las lomas no.1,6.211377143859863,-75.55956268310547,9,25.88888888888889,42753.43481316735,816268.3823529412,77.66666666666667,54289.0,73.08805079483885,1,4
apartamento,4700000,64.0,2,2,1,san lucas,6.178499698638916,-75.56517028808594,5,12.8,47354.22828936933,904097.3871733967,32.0,4096.0,80.95322066375543,1,1
apartamento,3800000,173.0,3,3,2,castropol,6.219720363616943,-75.56765747070312,8,21.625,48917.86962109346,739745.95924104,57.666666666666664,29929.0,83.62630406810368,1,4
apartamento,3650000,84.0,4,3,1,san diego,6.228702068328857,-75.56757354736328,8,10.5,47227.322103995706,654899.8185117968,21.0,7056.0,80.73627141129654,1,1
apartamento,3950000,58.0,2,2,1,villa carlota,6.220169544219971,-75.57289123535156,5,11.6,54977.83356366141,748492.5201380898,29.0,3364.0,93.98596182156422,1,1
apartamento,3800000,55.0,1,2,1,el tesoro,6.204051494598389,-75.55583953857422,4,13.75,46307.752975324685,855149.2240350179,55.0,3025.0,79.1642453160979,1,1
apartamento,3500000,78.0,2,2,2,el tesoro,6.2048797607421875,-75.56106567382812,6,13.0,46307.752975324685,855149.2240350179,39.0,6084.0,79.1642453160979,1,4
apartamento,9500000,140.0,3,4,2,los balsos no.2,6.195743083953857,-75.56614685058594,9,15.555555555555555,47300.9517913736,836162.823200559,46.666666666666664,19600.0,80.86214317702954,1,4
apartamento,6600000,125.0,3,3,2,castropol,6.2153191566467285,-75.56614685058594,8,15.625,48917.86962109346,739745.95924104,41.666666666666664,15625.0,83.62630406810368,1,4
apartamento,6050000,107.0,3,3,2,villa carlota,6.221945762634277,-75.57394409179688,8,13.375,54977.83356366141,748492.5201380898,35.666666666666664,11449.0,93.98596182156422,1,4
apartamento,8000000,200.0,3,3,2,los balsos no.1,6.189593315124512,-75.5621337890625,8,25.0,48115.75526148983,871145.722446916,66.66666666666667,40000.0,82.2550697961868,1,4
apartamento,3800000,60.0,2,2,1,la florida,6.2049360275268555,-75.5641860961914,5,12.0,45025.656955191065,832086.513994911,30.0,3600.0,76.97247056272704,1,1
apartamento,4350000,79.0,2,3,1,villa carlota,6.219919204711914,-75.57056427001953,6,13.166666666666666,54977.83356366141,748492.5201380898,39.5,6241.0,93.98596182156422,1,1
apartamento,5700000,117.0,3,3,2,castropol,6.217396259307861,-75.56688690185547,8,14.625,48917.86962109346,739745.95924104,39.0,13689.0,83.62630406810368,1,4
apartamento,3500000,90.0,3,2,1,la loma de los bernal,6.218932151794434,-75.60400390625,6,15.0,40721.08579809159,584155.2990556138,30.0,8100.0,69.61370005095546,1,1
apartamento,4400000,107.0,3,2,2,alejandria,6.199336051940918,-75.57052612304688,7,15.285714285714286,48842.610337435945,852482.6560951438,35.666666666666664,11449.0,83.49764646735697,1,4
apartamento,5900000,116.0,3,3,2,el castillo,6.191563129425049,-75.57656860351562,8,14.5,56343.83279364145,907109.0047393364,38.666666666666664,13456.0,96.32117118059666,1,4
apartamento,2250000,85.0,2,2,0,rosales,6.233639717102051,-75.59227752685547,4,21.25,31678.50652568974,626633.9869281045,42.5,7225.0,54.15518786203267,0,0
apartamento,4750000,82.0,2,2,1,santa maria de los angeles,6.1879754066467285,-75.57782745361328,5,16.4,47391.397443391514,760224.6376811594,41.0,6724.0,81.01676224887126,1,1
apartamento,8000000,96.0,3,3,1,asomadera no.2,6.2241572,-75.5619384,7,13.714285714285714,51821.74887892377,772562.6740947075,32.0,9216.0,88.59055724742987,1,1
apartamento,6000000,135.0,3,4,2,el diamante no.2,6.182542324066162,-75.57343292236328,9,15.0,43639.65496971377,774744.3419949707,45.0,18225.0,74.60306600005285,1,4
apartamento,5800000,113.0,3,3,2,santa maria de los angeles,6.19118,-75.57898,8,14.125,47391.397443391514,760224.6376811594,37.666666666666664,12769.0,81.01676224887126,1,4
apartamento,2200000,45.0,1,2,1,los conquistadores,6.24004144,-75.58095242,4,11.25,30995.98034836981,625225.2252252252,45.0,2025.0,52.98839253588492,1,1
apartamento,7400000,240.0,4,3,2,lorena,6.2465022659,-75.5996489525,9,26.666666666666668,35721.295387634935,652329.7491039427,60.0,57600.0,61.06643508663359,1,4
apartamento,7440000,122.0,2,2,2,lalinde,6.21391,-75.56594,6,20.333333333333332,53427.21397778484,890320.987654321,61.0,14884.0,91.33513941276176,1,4
apartamento,4700000,60.0,1,1,1,los balsos no.2,6.195743083953857,-75.56614685058594,3,20.0,47300.9517913736,836162.823200559,60.0,3600.0,80.86214317702954,1,1
apartamento,5250000,106.0,3,2,2,castropol,6.216109752655029,-75.56694793701172,7,15.142857142857142,48917.86962109346,739745.95924104,35.333333333333336,11236.0,83.62630406810368,1,4
apartamento,5950000,125.0,3,2,1,castropol,6.216728210449219,-75.56562042236328,6,20.833333333333332,48917.86962109346,739745.95924104,41.666666666666664,15625.0,83.62630406810368,1,1
apartamento,6700000,113.0,3,2,2,el tesoro,6.203347682952881,-75.55573272705078,7,16.142857142857142,46307.752975324685,855149.2240350179,37.666666666666664,12769.0,79.1642453160979,1,4
apartamento,3800000,136.0,3,2,2,estadio,6.26208,-75.59479,7,19.428571428571427,28935.940737376888,589306.3583815029,45.333333333333336,18496.0,49.466704035636994,1,4
apartamento,2850000,62.0,1,1,1,lorena,6.2496185302734375,-75.60037231445312,3,20.666666666666668,35721.295387634935,652329.7491039427,62.0,3844.0,61.06643508663359,1,1
apartamento,4800000,93.0,2,2,2,castropol,6.216109752655029,-75.56694793701172,6,15.5,48917.86962109346,739745.95924104,46.5,8649.0,83.62630406810368,1,4
apartamento,6800000,70.0,1,2,2,los naranjos,6.195694923400879,-75.55621337890625,5,14.0,49565.6761295771,827000.8873114464,70.0,4900.0,84.733745264447,1,4
apartamento,5100000,70.0,2,2,1,castropol,6.216109752655029,-75.56694793701172,5,14.0,48917.86962109346,739745.95924104,35.0,4900.0,83.62630406810368,1,1
apartamento,3700000,78.0,2,2,1,los naranjos,6.1971460264,-75.564691408,5,15.6,49565.6761295771,827000.8873114464,39.0,6084.0,84.733745264447,1,1
apartamento,4100000,147.0,3,2,1,alejandria,6.202214241027832,-75.57039642333984,6,24.5,48842.610337435945,852482.6560951438,49.0,21609.0,83.49764646735697,1,1
apartamento,4900000,80.0,2,2,0,altos del poblado,6.215419769287109,-75.55437469482422,4,20.0,58495.7928802589,930019.3704600484,40.0,6400.0,100.0,0,0
casa,5600000,170.0,5,3,2,los conquistadores,6.23972,-75.58582,10,17.0,30995.98034836981,625225.2252252252,34.0,28900.0,52.98839253588492,1,4
apartamento,4200000,120.0,3,2,1,la palma,6.229527950286865,-75.6026382446289,6,20.0,30263.43970871707,611688.3116883116,40.0,14400.0,51.73609625339456,1,1
apartamento,5450000,105.0,2,3,1,la aguacatala,6.197415351867676,-75.5775375366211,6,17.5,51442.75043487159,795490.506329114,52.5,11025.0,87.9426500640398,1,1
apartamento,3350000,71.0,2,2,1,santa maria de los angeles,6.192431449890137,-75.57647705078125,5,14.2,47391.397443391514,760224.6376811594,35.5,5041.0,81.01676224887126,1,1
apartamento,4700000,70.0,1,1,1,los naranjos,6.194389343261719,-75.55562591552734,3,23.333333333333332,49565.6761295771,827000.8873114464,70.0,4900.0,84.733745264447,1,1
apartamento,6000000,245.0,3,4,2,los balsos no.1,6.187380313873291,-75.56134796142578,9,27.22222222222222,48115.75526148983,871145.722446916,81.66666666666667,60025.0,82.2550697961868,1,4
apartamento,3600000,64.0,2,2,1,san lucas,6.178384780883789,-75.5638198852539,5,12.8,47354.22828936933,904097.3871733967,32.0,4096.0,80.95322066375543,1,1
apartamento,2500000,82.0,3,2,1,santa teresita,6.244185924530029,-75.61412811279297,6,13.666666666666666,26323.37946103423,520028.77697841724,27.333333333333332,6724.0,45.00046612739874,1,1
apartamento,5000000,80.0,2,2,2,alejandria,6.1985764503479,-75.57109069824219,6,13.333333333333334,48842.610337435945,852482.6560951438,40.0,6400.0,83.49764646735697,1,4
apartamento,4000000,117.0,3,2,2,santa maria de los angeles,6.187422275543213,-75.58001708984375,7,16.714285714285715,47391.397443391514,760224.6376811594,39.0,13689.0,81.01676224887126,1,4
apartamento,5400000,85.0,2,2,1,la aguacatala,6.1971049308776855,-75.57769012451172,5,17.0,51442.75043487159,795490.506329114,42.5,7225.0,87.9426500640398,1,1
apartamento,3650000,79.0,2,3,2,san lucas,6.179964065551758,-75.56400299072266,7,11.285714285714286,47354.22828936933,904097.3871733967,39.5,6241.0,80.95322066375543,1,4
apartamento,6750000,95.0,2,3,1,castropol,6.218486785888672,-75.56706237792969,6,15.833333333333334,48917.86962109346,739745.95924104,47.5,9025.0,83.62630406810368,1,1
apartamento,3200000,100.0,3,2,1,laureles,6.246451377868652,-75.59380340576172,6,16.666666666666668,37952.470484611345,680619.6840826245,33.333333333333336,10000.0,64.88068391909857,1,1
apartamento,4200000,75.0,2,2,1,las lomas no.1,6.21439790725708,-75.56121063232422,5,15.0,42753.43481316735,816268.3823529412,37.5,5625.0,73.08805079483885,1,1
apartamento,6000000,140.0,3,3,2,la florida,6.2026,-75.56806,8,17.5,45025.656955191065,832086.513994911,46.666666666666664,19600.0,76.97247056272704,1,4
apartamento,2700000,50.0,2,2,1,castropol,6.21739,-75.5685,5,10.0,48917.86962109346,739745.95924104,25.0,2500.0,83.62630406810368,1,1
casa,4500000,160.0,3,3,1,la gloria,6.22205,-75.60784,7,22.857142857142858,34291.07710077967,552325.5813953489,53.333333333333336,25600.0,58.62144166670863,1,1
apartamento,3200000,120.0,4,4,1,calasanz parte alta,6.26572874,-75.60175514,9,13.333333333333334,33556.33802816901,458173.07692307694,30.0,14400.0,57.36538710887971,1,1
apartamento,3500000,63.94,2,2,1,villa carlota,6.22084,-75.57352,5,12.788,54977.83356366141,748492.5201380898,31.97,4088.3235999999997,93.98596182156422,1,1
apartamento,4300000,68.0,1,2,1,santa maria de los angeles,6.18728464,-75.58016956,4,17.0,47391.397443391514,760224.6376811594,68.0,4624.0,81.01676224887126,1,1
apartamento,3100000,68.0,2,2,1,las lomas no.2,6.208901405334473,-75.55540466308594,5,13.6,41861.648016276704,816005.6657223796,34.0,4624.0,71.56351928072442,1,1
apartamento,4500000,158.0,4,3,1,las lomas no.1,6.21034,-75.55911,8,19.75,42753.43481316735,816268.3823529412,39.5,24964.0,73.08805079483885,1,1
apartamento,5950000,88.0,2,3,1,lalinde,6.212634086608887,-75.56892395019531,6,14.666666666666666,53427.21397778484,890320.987654321,44.0,7744.0,91.33513941276176,1,1
apartamento,6100000,77.0,2,2,2,las lomas no.1,6.21151,-75.56473,6,12.833333333333334,42753.43481316735,816268.3823529412,38.5,5929.0,73.08805079483885,1,4
apartamento,5150000,60.0,1,2,1,astorga,6.210553169250488,-75.57241821289062,4,15.0,38915.5662264906,771825.3968253968,60.0,3600.0,66.52711983261925,1,1
apartamento,3300000,57.0,2,2,1,castropol,6.225496768951416,-75.56716918945312,5,11.4,48917.86962109346,739745.95924104,28.5,3249.0,83.62630406810368,1,1
apartamento,3700000,70.0,3,2,2,asomadera no.2,6.223054885864258,-75.55982208251953,7,10.0,51821.74887892377,772562.6740947075,23.333333333333332,4900.0,88.59055724742987,1,4
apartamento,2700000,50.0,1,1,1,el nogal-los almendros,6.237211227416992,-75.59635162353516,3,16.666666666666668,31931.988041853514,623722.6277372263,50.0,2500.0,54.5885207628836,1,1
apartamento,7000000,134.0,3,4,2,alejandria,6.200577259063721,-75.56989288330078,9,14.88888888888889,48842.610337435945,852482.6560951438,44.666666666666664,17956.0,83.49764646735697,1,4
apartamento,6650000,103.0,3,3,1,la florida,6.207255840301514,-75.5609130859375,7,14.714285714285714,45025.656955191065,832086.513994911,34.333333333333336,10609.0,76.97247056272704,1,1
apartamento,4900000,150.0,3,2,2,el castillo,6.191334247589111,-75.56978607177734,7,21.428571428571427,56343.83279364145,907109.0047393364,50.0,22500.0,96.32117118059666,1,4
apartamento,4200000,78.0,3,2,1,santa fe,6.223996162414551,-75.58165740966797,6,13.0,48109.58350181965,701917.4041297935,26.0,6084.0,82.24451902088094,1,1
apartamento,3600000,68.0,1,2,1,los naranjos,6.193474292755127,-75.55982971191406,4,17.0,49565.6761295771,827000.8873114464,68.0,4624.0,84.733745264447,1,1
apartamento,5820000,138.0,3,3,2,los balsos no.2,6.196507930755615,-75.57056427001953,8,17.25,47300.9517913736,836162.823200559,46.0,19044.0,80.86214317702954,1,4
apartamento,2700000,45.0,1,1,1,el diamante no.2,6.183592319488525,-75.57832336425781,3,15.0,43639.65496971377,774744.3419949707,45.0,2025.0,74.60306600005285,1,1
apartamento,3900000,76.0,2,2,1,santa fe,6.220797061920166,-75.58146667480469,5,15.2,48109.58350181965,701917.4041297935,38.0,5776.0,82.24451902088094,1,1
apartamento,4300000,90.0,2,3,2,castropol,6.216109752655029,-75.56694793701172,7,12.857142857142858,48917.86962109346,739745.95924104,45.0,8100.0,83.62630406810368,1,4
apartamento,6700000,110.0,3,2,1,las lomas no.1,6.21074104309082,-75.56108856201172,6,18.333333333333332,42753.43481316735,816268.3823529412,36.666666666666664,12100.0,73.08805079483885,1,1
apartamento,9500000,160.0,4,5,2,altos del poblado,6.2170229923,-75.5553066724,11,14.545454545454545,58495.7928802589,930019.3704600484,40.0,25600.0,100.0,1,4
apartamento,2600000,70.0,2,1,0,la gloria,6.221869945526123,-75.60694122314453,3,23.333333333333332,34291.07710077967,552325.5813953489,35.0,4900.0,58.62144166670863,0,0
apartamento,3400000,85.0,3,2,1,la loma de los bernal,6.217579364776611,-75.60416412353516,6,14.166666666666666,40721.08579809159,584155.2990556138,28.333333333333332,7225.0,69.61370005095546,1,1
apartamento,3900000,80.0,2,2,0,altos del poblado,6.215419769287109,-75.55437469482422,4,20.0,58495.7928802589,930019.3704600484,40.0,6400.0,100.0,0,0
apartamento,2700000,60.0,2,1,1,barrio colon,6.23888,-75.57004,4,15.0,36382.97872340425,534375.0,30.0,3600.0,62.19759906132111,1,1
apartamento,4300000,90.0,2,2,1,los balsos no.2,6.19623,-75.57067,5,18.0,47300.9517913736,836162.823200559,45.0,8100.0,80.86214317702954,1,1
apartamento,4300000,64.0,1,2,1,la florida,6.20309,-75.56681,4,16.0,45025.656955191065,832086.513994911,64.0,4096.0,76.97247056272704,1,1
apartamento,4000000,100.0,3,3,1,laureles,6.2417,-75.59646,7,14.285714285714286,37952.470484611345,680619.6840826245,33.333333333333336,10000.0,64.88068391909857,1,1
apartamento,2200000,74.0,3,2,1,la hondonada,6.2045,-75.59939,6,12.333333333333334,35058.243727598565,399234.693877551,24.666666666666668,5476.0,59.93293192787884,1,1
apartamento,2750000,78.0,3,2,1,la colina,6.1998098,-75.5963661,6,13.0,42341.269841269845,569066.6666666666,26.0,6084.0,72.38344461445728,1,1
apartamento,4500000,75.0,2,2,1,el diamante no.2,6.18895,-75.57718,5,15.0,43639.65496971377,774744.3419949707,37.5,5625.0,74.60306600005285,1,1
apartamento,3600000,70.0,3,2,1,perpetuo socorro,6.23332,-75.57017,6,11.666666666666666,50836.120401337794,608000.0,23.333333333333332,4900.0,86.90560106672888,1,1
apartamento,8000000,180.0,3,4,1,alejandria,6.20068,-75.57214,8,22.5,48842.610337435945,852482.6560951438,60.0,32400.0,83.49764646735697,1,1
apartamento,5000000,107.0,3,2,2,los balsos no.1,6.1874,-75.56127,7,15.285714285714286,48115.75526148983,871145.722446916,35.666666666666664,11449.0,82.2550697961868,1,4
apartamento,3450000,75.0,3,2,1,la loma de los bernal,6.21854829788208,-75.60453033447266,6,12.5,40721.08579809159,584155.2990556138,25.0,5625.0,69.61370005095546,1,1
apartamento,2600000,66.0,2,2,1,lorena,6.248669624328613,-75.5997085571289,5,13.2,35721.295387634935,652329.7491039427,33.0,4356.0,61.06643508663359,1,1
apartamento,3100000,65.0,2,2,1,san joaquin,6.247216701507568,-75.58598327636719,5,13.0,32753.58855757907,569436.2017804154,32.5,4225.0,55.9930670990746,1,1
casa,7400000,250.0,4,4,2,los balsos no.2,6.195552349090576,-75.56988525390625,10,25.0,47300.9517913736,836162.823200559,62.5,62500.0,80.86214317702954,1,4
apartamento,3000000,75.0,2,2,1,la palma,6.229538440704346,-75.6022720336914,5,15.0,30263.43970871707,611688.3116883116,37.5,5625.0,51.73609625339456,1,1
apartamento,3974000,80.0,3,2,1,altos del poblado,6.214498519897461,-75.55554962158203,6,13.333333333333334,58495.7928802589,930019.3704600484,26.666666666666668,6400.0,100.0,1,1
apartamento,3600000,50.0,2,2,1,villa carlota,6.217779636383057,-75.57170867919922,5,10.0,54977.83356366141,748492.5201380898,25.0,2500.0,93.98596182156422,1,1
apartamento,2900000,68.0,2,2,1,el diamante no.2,6.183629035949707,-75.57273864746094,5,13.6,43639.65496971377,774744.3419949707,34.0,4624.0,74.60306600005285,1,1
apartamento,6750000,91.0,2,2,2,el tesoro,6.204341411590576,-75.55396270751953,6,15.166666666666666,46307.752975324685,855149.2240350179,45.5,8281.0,79.1642453160979,1,4
apartamento,3800000,105.0,3,3,1,alejandria,6.198044300079346,-75.5675048828125,7,15.0,48842.610337435945,852482.6560951438,35.0,11025.0,83.49764646735697,1,1
apartamento,7100000,90.0,2,3,1,lalinde,6.212533950805664,-75.56732177734375,6,15.0,53427.21397778484,890320.987654321,45.0,8100.0,91.33513941276176,1,1
apartamento,2800000,74.0,2,2,1,la loma de los bernal,6.217579364776611,-75.60416412353516,5,14.8,40721.08579809159,584155.2990556138,37.0,5476.0,69.61370005095546,1,1
apartamento,4200000,86.0,3,2,1,altos del poblado,6.216158866882324,-75.55477905273438,6,14.333333333333334,58495.7928802589,930019.3704600484,28.666666666666668,7396.0,100.0,1,1
casa,9800000,350.0,4,3,2,la florida,6.205140590667725,-75.56409454345703,9,38.888888888888886,45025.656955191065,832086.513994911,87.5,122500.0,76.97247056272704,1,4
apartamento,3600000,112.0,3,3,0,laureles,6.2442307472229,-75.59593963623047,6,18.666666666666668,37952.470484611345,680619.6840826245,37.333333333333336,12544.0,64.88068391909857,0,0
apartamento,3650000,74.0,3,2,1,villa carlota,6.217045783996582,-75.57378387451172,6,12.333333333333334,54977.83356366141,748492.5201380898,24.666666666666668,5476.0,93.98596182156422,1,1
apartamento,2800000,62.0,3,2,0,san cristobal,6.26662,-75.60861,5,12.4,38232.46878001921,545205.4794520548,20.666666666666668,3844.0,65.35934790777384,0,0
apartamento,5150000,88.0,2,3,1,santa maria de los angeles,6.188827037811279,-75.57913208007812,6,14.666666666666666,47391.397443391514,760224.6376811594,44.0,7744.0,81.01676224887126,1,1
apartamento,2500000,45.0,1,1,1,el diamante no.2,6.183645725250244,-75.57823944091797,3,15.0,43639.65496971377,774744.3419949707,45.0,2025.0,74.60306600005285,1,1
apartamento,4000000,70.0,2,2,1,villa carlota,6.22088,-75.57081,5,14.0,54977.83356366141,748492.5201380898,35.0,4900.0,93.98596182156422,1,1
apartamento,4000000,100.0,3,3,1,los conquistadores,6.24113,-75.58527,7,14.285714285714286,30995.98034836981,625225.2252252252,33.333333333333336,10000.0,52.98839253588492,1,1
apartamento,3800000,72.14,2,2,1,santa maria de los angeles,6.19201,-75.57923,5,14.428,47391.397443391514,760224.6376811594,36.07,5204.1796,81.01676224887126,1,1
apartamento,6000000,120.0,2,2,2,los naranjos,6.1973,-75.55823,6,20.0,49565.6761295771,827000.8873114464,60.0,14400.0,84.733745264447,1,4
apartamento,5200000,120.0,2,2,2,el tesoro,6.20639,-75.55951,6,20.0,46307.752975324685,855149.2240350179,60.0,14400.0,79.1642453160979,1,4
apartamento,5000000,100.0,2,2,1,el tesoro,6.20219,-75.55731,5,20.0,46307.752975324685,855149.2240350179,50.0,10000.0,79.1642453160979,1,1
apartamento,3350000,90.0,2,2,1,el diamante no.2,6.182221412658691,-75.57076263427734,5,18.0,43639.65496971377,774744.3419949707,45.0,8100.0,74.60306600005285,1,1
apartamento,3800000,77.0,3,2,1,santa fe,6.222039699554443,-75.58187103271484,6,12.833333333333334,48109.58350181965,701917.4041297935,25.666666666666668,5929.0,82.24451902088094,1,1
apartamento,5900000,110.0,2,3,2,los naranjos,6.1977338790893555,-75.55329132080078,7,15.714285714285714,49565.6761295771,827000.8873114464,55.0,12100.0,84.733745264447,1,4
apartamento,5000000,110.0,2,3,2,villa carlota,6.22057,-75.57457,7,15.714285714285714,54977.83356366141,748492.5201380898,55.0,12100.0,93.98596182156422,1,4
apartamento,3000000,45.0,1,1,1,villa carlota,6.220979690551758,-75.57357788085938,3,15.0,54977.83356366141,748492.5201380898,45.0,2025.0,93.98596182156422,1,1
apartamento,7850000,97.0,2,2,2,los naranjos,6.1938090324401855,-75.56259155273438,6,16.166666666666668,49565.6761295771,827000.8873114464,48.5,9409.0,84.733745264447,1,4
apartamento,3950000,76.0,1,2,1,alejandria,6.199882507324219,-75.56649017333984,4,19.0,48842.610337435945,852482.6560951438,76.0,5776.0,83.49764646735697,1,1
apartamento,7500000,122.0,3,3,2,lalinde,6.212959289550781,-75.56731414794922,8,15.25,53427.21397778484,890320.987654321,40.666666666666664,14884.0,91.33513941276176,1,4
apartamento,7150000,100.0,3,2,1,los balsos no.2,6.196831703186035,-75.57286834716797,6,16.666666666666668,47300.9517913736,836162.823200559,33.333333333333336,10000.0,80.86214317702954,1,1
apartamento,4350000,71.0,2,2,1,el diamante no.2,6.189174652099609,-75.57585906982422,5,14.2,43639.65496971377,774744.3419949707,35.5,5041.0,74.60306600005285,1,1
apartamento,2800000,64.0,2,1,1,asomadera no.2,6.215231418609619,-75.55799865722656,4,16.0,51821.74887892377,772562.6740947075,32.0,4096.0,88.59055724742987,1,1
apartamento,5700000,110.0,3,4,1,laureles,6.239606857299805,-75.59292602539062,8,13.75,37952.470484611345,680619.6840826245,36.666666666666664,12100.0,64.88068391909857,1,1
apartamento,4300000,78.0,3,2,1,castropol,6.220721244812012,-75.56621551513672,6,13.0,48917.86962109346,739745.95924104,26.0,6084.0,83.62630406810368,1,1
apartamento,5500000,94.0,2,2,2,el tesoro,6.205353736877441,-75.5582046508789,6,15.666666666666666,46307.752975324685,855149.2240350179,47.0,8836.0,79.1642453160979,1,4
apartamento,1550000,70.0,2,2,0,san javier no.1,6.25699,-75.61559,4,17.5,26785.714285714286,375000.0,35.0,4900.0,45.790838907927515,0,0
apartamento,3950000,84.0,3,2,1,villa carlota,6.2182464599609375,-75.57389068603516,6,14.0,54977.83356366141,748492.5201380898,28.0,7056.0,93.98596182156422,1,1
apartamento,2900000,47.0,1,2,1,las lomas no.1,6.209867477416992,-75.5615005493164,4,11.75,42753.43481316735,816268.3823529412,47.0,2209.0,73.08805079483885,1,1
apartamento,6000000,115.0,3,3,2,el tesoro,6.203347682952881,-75.55573272705078,8,14.375,46307.752975324685,855149.2240350179,38.333333333333336,13225.0,79.1642453160979,1,4
apartamento,7000000,140.0,3,4,2,villa carlota,6.21799,-75.57433,9,15.555555555555555,54977.83356366141,748492.5201380898,46.666666666666664,19600.0,93.98596182156422,1,4
apartamento,4200000,100.0,4,3,1,los colores,6.2657,-75.59563,8,12.5,34639.764996907856,599064.1711229946,25.0,10000.0,59.21753222118996,1,1
apartamento,3250000,77.0,2,2,1,el tesoro,6.2017,-75.56174,5,15.4,46307.752975324685,855149.2240350179,38.5,5929.0,79.1642453160979,1,1
apartamento,4700000,120.0,4,4,2,laureles,6.2463,-75.59707,10,12.0,37952.470484611345,680619.6840826245,30.0,14400.0,64.88068391909857,1,4
apartamento,6200000,126.0,3,2,1,laureles,6.246039867401123,-75.5955581665039,6,21.0,37952.470484611345,680619.6840826245,42.0,15876.0,64.88068391909857,1,1
apartamento,3650000,68.0,2,2,1,lalinde,6.211902618408203,-75.56634521484375,5,13.6,53427.21397778484,890320.987654321,34.0,4624.0,91.33513941276176,1,1
apartamento,5700000,154.0,3,3,2,la florida,6.202215671539307,-75.56544494628906,8,19.25,45025.656955191065,832086.513994911,51.333333333333336,23716.0,76.97247056272704,1,4
apartamento,4650000,140.0,3,3,2,el tesoro,6.204051494598389,-75.55583953857422,8,17.5,46307.752975324685,855149.2240350179,46.666666666666664,19600.0,79.1642453160979,1,4
apartamento,6000000,58.0,1,1,1,lalinde,6.212890625,-75.56771850585938,3,19.333333333333332,53427.21397778484,890320.987654321,58.0,3364.0,91.33513941276176,1,1
apartamento,4400000,85.0,2,2,1,castropol,6.21444034576416,-75.5689926147461,5,17.0,48917.86962109346,739745.95924104,42.5,7225.0,83.62630406810368,1,1
casa,3750000,125.0,4,4,2,la mota,6.209928512573242,-75.59856414794922,10,12.5,31054.252952250557,508263.3053221289,31.25,15625.0,53.08801098878807,1,4
apartamento,4350000,97.0,3,2,1,castropol,6.218486785888672,-75.56706237792969,6,16.166666666666668,48917.86962109346,739745.95924104,32.333333333333336,9409.0,83.62630406810368,1,1
apartamento,8700000,180.0,3,2,2,los naranjos,6.198300361633301,-75.55644989013672,7,25.714285714285715,49565.6761295771,827000.8873114464,60.0,32400.0,84.733745264447,1,4
apartamento,6450000,93.0,3,3,2,los naranjos,6.193717956542969,-75.5613021850586,8,11.625,49565.6761295771,827000.8873114464,31.0,8649.0,84.733745264447,1,4
apartamento,3950000,85.0,3,2,1,villa carlota,6.2224297523498535,-75.57136535644531,6,14.166666666666666,54977.83356366141,748492.5201380898,28.333333333333332,7225.0,93.98596182156422,1,1
apartamento,2150000,58.0,2,2,1,calasanz parte alta,6.263584613800049,-75.60157775878906,5,11.6,33556.33802816901,458173.07692307694,29.0,3364.0,57.36538710887971,1,1
apartamento,4200000,126.0,3,2,1,laureles,6.24623441696167,-75.59576416015625,6,21.0,37952.470484611345,680619.6840826245,42.0,15876.0,64.88068391909857,1,1
apartamento,5650000,90.0,2,2,1,la aguacatala,6.196604251861572,-75.57518005371094,5,18.0,51442.75043487159,795490.506329114,45.0,8100.0,87.9426500640398,1,1
apartamento,4700000,110.0,3,4,1,laureles,6.239606857299805,-75.59292602539062,8,13.75,37952.470484611345,680619.6840826245,36.666666666666664,12100.0,64.88068391909857,1,1
apartamento,4500000,180.0,3,3,2,los balsos no.2,6.195598125457764,-75.56839752197266,8,22.5,47300.9517913736,836162.823200559,60.0,32400.0,80.86214317702954,1,4
apartamento,3300000,67.0,2,2,1,santa fe,6.22077751159668,-75.58296203613281,5,13.4,48109.58350181965,701917.4041297935,33.5,4489.0,82.24451902088094,1,1
apartamento,4650000,94.0,2,2,1,los balsos no.1,6.1868486404418945,-75.56169891357422,5,18.8,48115.75526148983,871145.722446916,47.0,8836.0,82.2550697961868,1,1
apartamento,7200000,140.0,2,3,2,alejandria,6.197247505187988,-75.56945037841797,7,20.0,48842.610337435945,852482.6560951438,70.0,19600.0,83.49764646735697,1,4
apartamento,6100000,100.0,2,3,1,altos del poblado,6.212772846221924,-75.55091094970703,6,16.666666666666668,58495.7928802589,930019.3704600484,50.0,10000.0,100.0,1,1
apartamento,3900000,60.0,3,2,1,villa carlota,6.222380638122559,-75.57136535644531,6,10.0,54977.83356366141,748492.5201380898,20.0,3600.0,93.98596182156422,1,1
casa,6000000,174.0,3,4,1,alejandria,6.199948787689209,-75.56999206542969,8,21.75,48842.610337435945,852482.6560951438,58.0,30276.0,83.49764646735697,1,1
apartamento,3150000,45.0,1,2,1,villa carlota,6.221376895904541,-75.5733642578125,4,11.25,54977.83356366141,748492.5201380898,45.0,2025.0,93.98596182156422,1,1
apartamento,7100000,88.0,2,3,1,castropol,6.215414524078369,-75.56713104248047,6,14.666666666666666,48917.86962109346,739745.95924104,44.0,7744.0,83.62630406810368,1,1
apartamento,4400000,140.0,3,3,1,la castellana,6.2408223152160645,-75.60787963867188,7,20.0,32305.993690851734,627000.0,46.666666666666664,19600.0,55.22789264004374,1,1
apartamento,2850000,74.0,3,2,1,la colina,6.201312065124512,-75.59005737304688,6,12.333333333333334,42341.269841269845,569066.6666666666,24.666666666666668,5476.0,72.38344461445728,1,1
apartamento,7100000,135.0,3,4,2,santa maria de los angeles,6.190038,-75.57934,9,15.0,47391.397443391514,760224.6376811594,45.0,18225.0,81.01676224887126,1,4
apartamento,6500000,147.0,3,3,2,la florida,6.20101177,-75.56247377,8,18.375,45025.656955191065,832086.513994911,49.0,21609.0,76.97247056272704,1,4
casa,6500000,160.0,3,2,0,los conquistadores,6.23974952,-75.58583689,5,32.0,30995.98034836981,625225.2252252252,53.333333333333336,25600.0,52.98839253588492,0,0
apartamento,8000000,218.0,3,4,2,manila,6.2113,-75.57174,9,24.22222222222222,48813.76037959668,888129.4964028777,72.66666666666667,47524.0,83.44832675320535,1,4
apartamento,4200000,87.0,3,2,1,castropol,6.2170692931,-75.5664044148,6,14.5,48917.86962109346,739745.95924104,29.0,7569.0,83.62630406810368,1,1
apartamento,3900000,92.0,3,2,2,patio bonito,6.204015731811523,-75.5736312866211,7,13.142857142857142,43819.79935642627,741195.3041622199,30.666666666666668,8464.0,74.91102727015866,1,4
apartamento,6500000,105.0,3,2,2,las lomas no.1,6.208381652832031,-75.55982208251953,7,15.0,42753.43481316735,816268.3823529412,35.0,11025.0,73.08805079483885,1,4
apartamento,4550000,134.0,3,2,1,la castellana,6.240288257598877,-75.60655212402344,6,22.333333333333332,32305.993690851734,627000.0,44.666666666666664,17956.0,55.22789264004374,1,1
apartamento,6000000,140.0,4,3,1,laureles,6.24623441696167,-75.59576416015625,8,17.5,37952.470484611345,680619.6840826245,35.0,19600.0,64.88068391909857,1,1
apartamento,3500000,73.0,3,2,0,la castellana,6.23782,-75.61008,5,14.6,32305.993690851734,627000.0,24.333333333333332,5329.0,55.22789264004374,0,0
apartamento,3400000,95.0,3,2,1,los colores,6.266699314117432,-75.59253692626953,6,15.833333333333334,34639.764996907856,599064.1711229946,31.666666666666668,9025.0,59.21753222118996,1,1
apartamento,3350000,89.0,3,2,1,santa maria de los angeles,6.188781261444092,-75.57971954345703,6,14.833333333333334,47391.397443391514,760224.6376811594,29.666666666666668,7921.0,81.01676224887126,1,1
apartamento,4700000,105.0,2,3,2,las lomas no.1,6.209446907043457,-75.561767578125,7,15.0,42753.43481316735,816268.3823529412,52.5,11025.0,73.08805079483885,1,4
apartamento,3400000,87.0,2,2,1,asomadera no.1,6.225736141204834,-75.56065368652344,5,17.4,48571.57944764218,665557.1635311143,43.5,7569.0,83.03431247964855,1,1
apartamento,2650000,45.0,1,1,1,asomadera no.1,6.2276105880737305,-75.56478881835938,3,15.0,48571.57944764218,665557.1635311143,45.0,2025.0,83.03431247964855,1,1
apartamento,7650000,81.0,3,2,1,el tesoro,6.20485258102417,-75.56108093261719,6,13.5,46307.752975324685,855149.2240350179,27.0,6561.0,79.1642453160979,1,1
apartamento,4200000,110.0,3,3,1,los conquistadores,6.242353439331055,-75.5811767578125,7,15.714285714285714,30995.98034836981,625225.2252252252,36.666666666666664,12100.0,52.98839253588492,1,1
apartamento,5000000,87.0,2,3,2,castropol,6.216699600219727,-75.56522369384766,7,12.428571428571429,48917.86962109346,739745.95924104,43.5,7569.0,83.62630406810368,1,4
apartamento,4000000,83.0,3,2,1,patio bonito,6.205358028411865,-75.57597351074219,6,13.833333333333334,43819.79935642627,741195.3041622199,27.666666666666668,6889.0,74.91102727015866,1,1
apartamento,4000000,64.0,2,3,1,castropol,6.2198967933654785,-75.5683364868164,6,10.666666666666666,48917.86962109346,739745.95924104,32.0,4096.0,83.62630406810368,1,1
apartamento,3600000,85.0,3,2,1,castropol,6.216827869415283,-75.5655746459961,6,14.166666666666666,48917.86962109346,739745.95924104,28.333333333333332,7225.0,83.62630406810368,1,1
apartamento,7000000,98.0,2,3,2,santa maria de los angeles,6.18759528,-75.58061217,7,14.0,47391.397443391514,760224.6376811594,49.0,9604.0,81.01676224887126,1,4
apartamento,6200000,112.0,3,3,2,el tesoro,6.20521879196167,-75.55533599853516,8,14.0,46307.752975324685,855149.2240350179,37.333333333333336,12544.0,79.1642453160979,1,4
apartamento,2100000,35.0,1,1,0,estadio,6.259709358215332,-75.59375762939453,2,17.5,28935.940737376888,589306.3583815029,35.0,1225.0,49.466704035636994,0,0
apartamento,3600000,125.0,4,3,0,carlos e. restrepo,6.25790593,-75.57989728,7,17.857142857142858,32596.68508287293,561904.7619047619,31.25,15625.0,55.72483674099171,0,0
apartamento,4500000,130.0,3,3,2,laureles,6.245896,-75.595879,8,16.25,37952.470484611345,680619.6840826245,43.333333333333336,16900.0,64.88068391909857,1,4
apartamento,3000000,80.0,3,2,1,calasanz parte alta,6.26396,-75.60199,6,13.333333333333334,33556.33802816901,458173.07692307694,26.666666666666668,6400.0,57.36538710887971,1,1
apartamento,7500000,159.0,3,3,3,el tesoro,6.204034,-75.555486,9,17.666666666666668,46307.752975324685,855149.2240350179,53.0,25281.0,79.1642453160979,1,9
apartamento,4500000,100.0,3,2,2,belen rincon,6.21656,-75.60638,7,14.285714285714286,42767.5585284281,568333.3333333334,33.333333333333336,10000.0,73.11219563426286,1,4
apartamento,3200000,65.0,2,2,1,villa carlota,6.215137958526611,-75.5768051147461,5,13.0,54977.83356366141,748492.5201380898,32.5,4225.0,93.98596182156422,1,1
apartamento,4500000,80.0,2,3,1,altos del poblado,6.21472,-75.55484,6,13.333333333333334,58495.7928802589,930019.3704600484,40.0,6400.0,100.0,1,1
apartamento,5200000,80.0,2,3,2,lalinde,6.2128,-75.56654,7,11.428571428571429,53427.21397778484,890320.987654321,40.0,6400.0,91.33513941276176,1,4
apartamento,4000000,87.0,3,2,2,los naranjos,6.1954591,-75.5640524,7,12.428571428571429,49565.6761295771,827000.8873114464,29.0,7569.0,84.733745264447,1,4
apartamento,3800000,130.0,3,2,1,la loma de los bernal,6.219292640686035,-75.60274505615234,6,21.666666666666668,40721.08579809159,584155.2990556138,43.333333333333336,16900.0,69.61370005095546,1,1
apartamento,5700000,112.0,3,4,2,castropol,6.215575218200684,-75.56543731689453,9,12.444444444444445,48917.86962109346,739745.95924104,37.333333333333336,12544.0,83.62630406810368,1,4
apartamento,3150000,87.0,3,2,2,asomadera no.2,6.217988967895508,-75.56377410888672,7,12.428571428571429,51821.74887892377,772562.6740947075,29.0,7569.0,88.59055724742987,1,4
apartamento,3000000,120.0,1,2,1,la palma,6.229485988616943,-75.60220336914062,4,30.0,30263.43970871707,611688.3116883116,120.0,14400.0,51.73609625339456,1,1
apartamento,4900000,95.0,3,2,1,la castellana,6.240476608276367,-75.6075668334961,6,15.833333333333334,32305.993690851734,627000.0,31.666666666666668,9025.0,55.22789264004374,1,1
apartamento,6400000,101.0,2,2,2,san lucas,6.1822829246521,-75.56431579589844,6,16.833333333333332,47354.22828936933,904097.3871733967,50.5,10201.0,80.95322066375543,1,4
apartamento,3200000,120.0,1,2,1,la palma,6.229485988616943,-75.60220336914062,4,30.0,30263.43970871707,611688.3116883116,120.0,14400.0,51.73609625339456,1,1
apartamento,3950000,85.0,2,2,1,la aguacatala,6.200436592102051,-75.57374572753906,5,17.0,51442.75043487159,795490.506329114,42.5,7225.0,87.9426500640398,1,1
apartamento,9150000,69.0,2,2,1,el diamante no.2,6.1841912269592285,-75.57122802734375,5,13.8,43639.65496971377,774744.3419949707,34.5,4761.0,74.60306600005285,1,1
apartamento,6200000,177.0,3,3,2,la florida,6.203094482421875,-75.57052612304688,8,22.125,45025.656955191065,832086.513994911,59.0,31329.0,76.97247056272704,1,4
apartamento,4600000,198.0,3,3,2,los balsos no.2,6.195598125457764,-75.56839752197266,8,24.75,47300.9517913736,836162.823200559,66.0,39204.0,80.86214317702954,1,4
casa,2700000,90.0,3,2,1,la mota,6.208929538726807,-75.59899139404297,6,15.0,31054.252952250557,508263.3053221289,30.0,8100.0,53.08801098878807,1,1
apartamento,4400000,88.0,2,2,1,los balsos no.1,6.186973571777344,-75.56109619140625,5,17.6,48115.75526148983,871145.722446916,44.0,7744.0,82.2550697961868,1,1
apartamento,2950000,100.0,3,2,1,laureles,6.242885112762451,-75.5961685180664,6,16.666666666666668,37952.470484611345,680619.6840826245,33.333333333333336,10000.0,64.88068391909857,1,1
apartamento,7000000,80.0,2,2,1,laureles,6.2448491667,-75.5972456932,5,16.0,37952.470484611345,680619.6840826245,40.0,6400.0,64.88068391909857,1,1
apartamento,3700000,35.0,1,1,1,alejandria,6.201111316680908,-75.5698013305664,3,11.666666666666666,48842.610337435945,852482.6560951438,35.0,1225.0,83.49764646735697,1,1
apartamento,3250000,103.0,3,2,1,castropol,6.216109752655029,-75.56694793701172,6,17.166666666666668,48917.86962109346,739745.95924104,34.333333333333336,10609.0,83.62630406810368,1,1
apartamento,6300000,80.0,3,2,2,asomadera no.2,6.22428,-75.562,7,11.428571428571429,51821.74887892377,772562.6740947075,26.666666666666668,6400.0,88.59055724742987,1,4
apartamento,4200000,96.0,3,2,1,el tesoro,6.20403,-75.55549,6,16.0,46307.752975324685,855149.2240350179,32.0,9216.0,79.1642453160979,1,1
apartamento,9500000,123.37,2,2,2,la florida,6.20702,-75.56558,6,20.561666666666667,45025.656955191065,832086.513994911,61.685,15220.156900000002,76.97247056272704,1,4
apartamento,3500000,77.0,2,2,2,asomadera no.1,6.22566,-75.56284,6,12.833333333333334,48571.57944764218,665557.1635311143,38.5,5929.0,83.03431247964855,1,4
apartamento,3500000,52.0,1,2,1,los balsos no.1,6.19181,-75.55998,4,13.0,48115.75526148983,871145.722446916,52.0,2704.0,82.2550697961868,1,1
apartamento,3700000,75.0,3,2,1,santa fe,6.222130298614502,-75.58153533935547,6,12.5,48109.58350181965,701917.4041297935,25.0,5625.0,82.24451902088094,1,1
apartamento,2750000,58.0,2,2,1,la colina,6.199861526489258,-75.5960693359375,5,11.6,42341.269841269845,569066.6666666666,29.0,3364.0,72.38344461445728,1,1
apartamento,3600000,85.0,3,2,1,la loma de los bernal,6.2178120613098145,-75.60408020019531,6,14.166666666666666,40721.08579809159,584155.2990556138,28.333333333333332,7225.0,69.61370005095546,1,1
apartamento,2650000,60.0,3,2,0,los colores,6.266347408294678,-75.5921859741211,5,12.0,34639.764996907856,599064.1711229946,20.0,3600.0,59.21753222118996,0,0
casa,3200000,90.0,3,2,1,la mota,6.211409568786621,-75.59812927246094,6,15.0,31054.252952250557,508263.3053221289,30.0,8100.0,53.08801098878807,1,1
apartamento,3150000,55.0,1,2,1,los balsos no.1,6.194360256195068,-75.56385803222656,4,13.75,48115.75526148983,871145.722446916,55.0,3025.0,82.2550697961868,1,1
apartamento,2500000,100.0,3,2,0,estadio,6.25849,-75.59511,5,20.0,28935.940737376888,589306.3583815029,33.333333333333336,10000.0,49.466704035636994,0,0
apartamento,2100000,35.0,1,1,1,laureles,6.240971565246582,-75.5938949584961,3,11.666666666666666,37952.470484611345,680619.6840826245,35.0,1225.0,64.88068391909857,1,1
apartamento,1400000,40.0,2,2,0,los conquistadores,6.24205,-75.58359,4,10.0,30995.98034836981,625225.2252252252,20.0,1600.0,52.98839253588492,0,0
apartamento,4000000,93.0,3,2,1,patio bonito,6.205358028411865,-75.57597351074219,6,15.5,43819.79935642627,741195.3041622199,31.0,8649.0,74.91102727015866,1,1
apartamento,5000000,97.0,2,3,1,alejandria,6.200427055358887,-75.57274627685547,6,16.166666666666668,48842.610337435945,852482.6560951438,48.5,9409.0,83.49764646735697,1,1
apartamento,7700000,135.0,3,4,3,la florida,6.202392578125,-75.56645965576172,10,13.5,45025.656955191065,832086.513994911,45.0,18225.0,76.97247056272704,1,9
apartamento,6900000,137.0,3,4,3,bolivariana,6.245926856994629,-75.59220123291016,10,13.7,37400.24554941682,658648.6486486486,45.666666666666664,18769.0,63.936641778623724,1,9
apartamento,5250000,79.0,2,2,1,lalinde,6.212447166442871,-75.5674819946289,5,15.8,53427.21397778484,890320.987654321,39.5,6241.0,91.33513941276176,1,1
apartamento,6700000,105.0,2,2,2,altos del poblado,6.213812828063965,-75.55477905273438,6,17.5,58495.7928802589,930019.3704600484,52.5,11025.0,100.0,1,4
apartamento,4200000,89.0,2,2,1,las lomas no.2,6.207980632781982,-75.55908203125,5,17.8,41861.648016276704,816005.6657223796,44.5,7921.0,71.56351928072442,1,1
apartamento,3650000,50.0,1,1,1,lalinde,6.212490081787109,-75.56757354736328,3,16.666666666666668,53427.21397778484,890320.987654321,50.0,2500.0,91.33513941276176,1,1
apartamento,3050000,80.0,3,2,1,la colina,6.19779396,-75.59484602,6,13.333333333333334,42341.269841269845,569066.6666666666,26.666666666666668,6400.0,72.38344461445728,1,1
apartamento,2500000,64.0,2,2,0,santa monica,6.24808289,-75.61394705,4,16.0,33578.94736842105,543750.0,32.0,4096.0,57.40403833341875,0,0
apartamento,3350000,72.0,3,2,1,patio bonito,6.206772804260254,-75.57569885253906,6,12.0,43819.79935642627,741195.3041622199,24.0,5184.0,74.91102727015866,1,1
apartamento,4000000,120.0,3,3,2,san lucas,6.179964065551758,-75.56400299072266,8,15.0,47354.22828936933,904097.3871733967,40.0,14400.0,80.95322066375543,1,4
apartamento,3500000,75.0,2,2,1,santa fe,6.22196,-75.57797,5,15.0,48109.58350181965,701917.4041297935,37.5,5625.0,82.24451902088094,1,1
apartamento,8300000,70.0,2,2,2,el diamante no.2,6.18902663,-75.57705222,6,11.666666666666666,43639.65496971377,774744.3419949707,35.0,4900.0,74.60306600005285,1,4
apartamento,7500000,120.0,3,3,2,las palmas,6.23866,-75.56479,8,15.0,44135.83717530642,781094.527363184,40.0,14400.0,75.45130171267638,1,4
apartamento,9000000,100.0,3,2,1,alejandria,6.20031,-75.5709,6,16.666666666666668,48842.610337435945,852482.6560951438,33.333333333333336,10000.0,83.49764646735697,1,1
apartamento,4100000,67.0,2,2,2,altos del poblado,6.214174747467041,-75.55677795410156,6,11.166666666666666,58495.7928802589,930019.3704600484,33.5,4489.0,100.0,1,4
apartamento,5100000,90.0,2,3,1,castropol,6.214271068572998,-75.56785583496094,6,15.0,48917.86962109346,739745.95924104,45.0,8100.0,83.62630406810368,1,1
apartamento,5300000,132.0,3,4,1,las acacias,6.240993499755859,-75.60108184814453,8,16.5,34935.06493506493,672500.0,44.0,17424.0,59.7223547453697,1,1
apartamento,3950000,65.0,2,2,1,villa carlota,6.220851898193359,-75.57341003417969,5,13.0,54977.83356366141,748492.5201380898,32.5,4225.0,93.98596182156422,1,1
apartamento,4600000,80.0,3,2,2,asomadera no.2,6.218166828155518,-75.56145477294922,7,11.428571428571429,51821.74887892377,772562.6740947075,26.666666666666668,6400.0,88.59055724742987,1,4
apartamento,4200000,82.0,2,2,2,santa maria de los angeles,6.189152717590332,-75.5792007446289,6,13.666666666666666,47391.397443391514,760224.6376811594,41.0,6724.0,81.01676224887126,1,4
apartamento,6200000,67.0,1,2,1,el tesoro,6.204051494598389,-75.55583953857422,4,16.75,46307.752975324685,855149.2240350179,67.0,4489.0,79.1642453160979,1,1
apartamento,2550000,56.0,2,2,1,laureles,6.242758750915527,-75.59607696533203,5,11.2,37952.470484611345,680619.6840826245,28.0,3136.0,64.88068391909857,1,1
apartamento,4100000,57.0,1,2,1,altos del poblado,6.215419769287109,-75.55437469482422,4,14.25,58495.7928802589,930019.3704600484,57.0,3249.0,100.0,1,1
apartamento,6000000,115.0,3,2,2,el diamante no.2,6.183230400085449,-75.5716552734375,7,16.428571428571427,43639.65496971377,774744.3419949707,38.333333333333336,13225.0,74.60306600005285,1,4
apartamento,3200000,75.0,2,2,1,el tesoro,6.203914642333984,-75.5556411743164,5,15.0,46307.752975324685,855149.2240350179,37.5,5625.0,79.1642453160979,1,1
apartamento,4000000,60.0,1,2,1,las lomas no.1,6.210818290710449,-75.56114959716797,4,15.0,42753.43481316735,816268.3823529412,60.0,3600.0,73.08805079483885,1,1
apartamento,5000000,87.0,2,2,0,las lomas no.1,6.211928844451904,-75.55979919433594,4,21.75,42753.43481316735,816268.3823529412,43.5,7569.0,73.08805079483885,0,0
apartamento,6650000,95.0,1,2,2,santa maria de los angeles,6.1894941329956055,-75.57890319824219,5,19.0,47391.397443391514,760224.6376811594,95.0,9025.0,81.01676224887126,1,4
apartamento,2550000,80.0,3,1,1,diego echavarria,6.214964389801025,-75.59507751464844,5,16.0,30825.838103025348,571212.1212121212,26.666666666666668,6400.0,52.69753017302621,1,1
apartamento,4650000,120.0,3,2,1,el diamante no.2,6.1814727783203125,-75.5730209350586,6,20.0,43639.65496971377,774744.3419949707,40.0,14400.0,74.60306600005285,1,1
apartamento,3700000,68.0,3,2,1,santa fe,6.222130298614502,-75.58153533935547,6,11.333333333333334,48109.58350181965,701917.4041297935,22.666666666666668,4624.0,82.24451902088094,1,1
apartamento,8650000,72.0,2,2,1,el diamante no.2,6.18894624710083,-75.57596588134766,5,14.4,43639.65496971377,774744.3419949707,36.0,5184.0,74.60306600005285,1,1
casa,4000000,130.0,4,3,1,el velodromo,6.25213431,-75.5949094,8,16.25,33048.78048780488,624423.9631336406,32.5,16900.0,56.497704981033166,1,1
casa,1900000,130.0,3,3,0,sin nombre,6.272319,-75.601891,6,21.666666666666668,32965.686274509804,584782.6086956522,43.333333333333336,16900.0,56.355653374919946,0,0
casa,3500000,150.0,4,3,0,la mota,6.21511,-75.59903,7,21.428571428571427,31054.252952250557,508263.3053221289,37.5,22500.0,53.08801098878807,0,0
apartamento,4100000,73.0,3,2,1,santa maria de los angeles,6.19351,-75.57766,6,12.166666666666666,47391.397443391514,760224.6376811594,24.333333333333332,5329.0,81.01676224887126,1,1
apartamento,5500000,172.0,3,4,2,las acacias,6.24059,-75.59936,9,19.11111111111111,34935.06493506493,672500.0,57.333333333333336,29584.0,59.7223547453697,1,4
apartamento,4800000,90.0,2,2,1,los balsos no.1,6.193278789520264,-75.56242370605469,5,18.0,48115.75526148983,871145.722446916,45.0,8100.0,82.2550697961868,1,1
apartamento,5300000,95.0,2,2,1,lalinde,6.212330341339111,-75.5655746459961,5,19.0,53427.21397778484,890320.987654321,47.5,9025.0,91.33513941276176,1,1
casa,9100000,300.0,4,5,1,asomadera no.2,6.215089797973633,-75.55903625488281,10,30.0,51821.74887892377,772562.6740947075,75.0,90000.0,88.59055724742987,1,1
apartamento,4000000,34.0,1,1,1,la aguacatala,6.1990509033203125,-75.57833862304688,3,11.333333333333334,51442.75043487159,795490.506329114,34.0,1156.0,87.9426500640398,1,1
apartamento,6600000,105.0,2,3,2,lorena,6.248669624328613,-75.5997085571289,7,15.0,35721.295387634935,652329.7491039427,52.5,11025.0,61.06643508663359,1,4
apartamento,8650000,100.0,3,2,2,los balsos no.2,6.196746826171875,-75.5698471069336,7,14.285714285714286,47300.9517913736,836162.823200559,33.333333333333336,10000.0,80.86214317702954,1,4
apartamento,3100000,65.0,2,2,1,castropol,6.225508213043213,-75.56719207763672,5,13.0,48917.86962109346,739745.95924104,32.5,4225.0,83.62630406810368,1,1
apartamento,2950000,60.0,2,2,1,castropol,6.224756717681885,-75.56730651855469,5,12.0,48917.86962109346,739745.95924104,30.0,3600.0,83.62630406810368,1,1
apartamento,2750000,43.0,1,1,1,manila,6.213817596435547,-75.57209777832031,3,14.333333333333334,48813.76037959668,888129.4964028777,43.0,1849.0,83.44832675320535,1,1
apartamento,3400000,90.0,3,2,1,los balsos no.1,6.1880669593811035,-75.5569839477539,6,15.0,48115.75526148983,871145.722446916,30.0,8100.0,82.2550697961868,1,1
apartamento,7700000,135.0,3,3,2,los balsos no.2,6.192737102508545,-75.56841278076172,8,16.875,47300.9517913736,836162.823200559,45.0,18225.0,80.86214317702954,1,4
apartamento,3200000,120.0,3,4,2,cerro nutibara,6.239500045776367,-75.58070373535156,9,13.333333333333334,33333.333333333336,454545.45454545453,40.0,14400.0,56.98415508542091,1,4
apartamento,3250000,60.0,2,2,1,los conquistadores,6.242410659790039,-75.58174896240234,5,12.0,30995.98034836981,625225.2252252252,30.0,3600.0,52.98839253588492,1,1
apartamento,2250000,65.0,2,1,0,los conquistadores,6.2413740158081055,-75.58100128173828,3,21.666666666666668,30995.98034836981,625225.2252252252,32.5,4225.0,52.98839253588492,0,0
apartamento,4550000,72.0,3,2,2,villa carlota,6.2224297523498535,-75.57136535644531,7,10.285714285714286,54977.83356366141,748492.5201380898,24.0,5184.0,93.98596182156422,1,4
apartamento,3400000,60.0,2,2,1,asomadera no.1,6.224728107452393,-75.56060791015625,5,12.0,48571.57944764218,665557.1635311143,30.0,3600.0,83.03431247964855,1,1
apartamento,4300000,90.0,2,3,1,asomadera no.1,6.228067398071289,-75.56221771240234,6,15.0,48571.57944764218,665557.1635311143,45.0,8100.0,83.03431247964855,1,1
apartamento,3700000,91.0,2,3,1,los balsos no.1,6.191700458526611,-75.56007385253906,6,15.166666666666666,48115.75526148983,871145.722446916,45.5,8281.0,82.2550697961868,1,1
apartamento,5350000,70.0,2,2,1,patio bonito,6.207882404327393,-75.5733642578125,5,14.0,43819.79935642627,741195.3041622199,35.0,4900.0,74.91102727015866,1,1
apartamento,8300000,100.0,2,3,2,castropol,6.215414524078369,-75.56713104248047,7,14.285714285714286,48917.86962109346,739745.95924104,50.0,10000.0,83.62630406810368,1,4
apartamento,3200000,58.0,2,2,1,castropol,6.216883659362793,-75.56694030761719,5,11.6,48917.86962109346,739745.95924104,29.0,3364.0,83.62630406810368,1,1
apartamento,3300000,66.0,1,2,1,las lomas no.2,6.208159446716309,-75.55874633789062,4,16.5,41861.648016276704,816005.6657223796,66.0,4356.0,71.56351928072442,1,1
apartamento,3500000,70.0,3,2,1,villa carlota,6.218197822570801,-75.57340240478516,6,11.666666666666666,54977.83356366141,748492.5201380898,23.333333333333332,4900.0,93.98596182156422,1,1
apartamento,6500000,104.0,2,2,2,el tesoro,6.2061967849731445,-75.55223083496094,6,17.333333333333332,46307.752975324685,855149.2240350179,52.0,10816.0,79.1642453160979,1,4
apartamento,4000000,67.0,1,2,1,el tesoro,6.204051494598389,-75.55583953857422,4,16.75,46307.752975324685,855149.2240350179,67.0,4489.0,79.1642453160979,1,1
apartamento,4500000,150.0,3,3,2,la florida,6.20327091217041,-75.56565856933594,8,18.75,45025.656955191065,832086.513994911,50.0,22500.0,76.97247056272704,1,4
apartamento,4100000,72.0,2,2,1,alejandria,6.1990885734558105,-75.5723648071289,5,14.4,48842.610337435945,852482.6560951438,36.0,5184.0,83.49764646735697,1,1
apartamento,3900000,57.0,1,2,1,altos del poblado,6.215419769287109,-75.55437469482422,4,14.25,58495.7928802589,930019.3704600484,57.0,3249.0,100.0,1,1
apartamento,6000000,90.0,1,2,1,el diamante no.2,6.183328151702881,-75.5770034790039,4,22.5,43639.65496971377,774744.3419949707,90.0,8100.0,74.60306600005285,1,1
apartamento,3600000,188.0,3,2,1,la candelaria,6.24863,-75.56277,6,31.333333333333332,33260.86956521739,689189.1891891892,62.666666666666664,35344.0,56.86027648740912,1,1
apartamento,7000000,135.0,3,3,2,el tesoro,6.20464,-75.55459,8,16.875,46307.752975324685,855149.2240350179,45.0,18225.0,79.1642453160979,1,4
apartamento,3300000,75.0,3,2,1,la loma de los bernal,6.21902,-75.60164,6,12.5,40721.08579809159,584155.2990556138,25.0,5625.0,69.61370005095546,1,1
apartamento,3700000,86.0,3,2,1,el diamante no.2,6.1844,-75.57232,6,14.333333333333334,43639.65496971377,774744.3419949707,28.666666666666668,7396.0,74.60306600005285,1,1
apartamento,6000000,96.0,2,2,2,lalinde,6.21184,-75.56656,6,16.0,53427.21397778484,890320.987654321,48.0,9216.0,91.33513941276176,1,4
apartamento,3200000,72.0,2,2,1,san diego,6.22788,-75.56667,5,14.4,47227.322103995706,654899.8185117968,36.0,5184.0,80.73627141129654,1,1
apartamento,4700000,85.0,1,2,2,san lucas,6.179586410522461,-75.56299591064453,5,17.0,47354.22828936933,904097.3871733967,85.0,7225.0,80.95322066375543,1,4
apartamento,3300000,84.0,3,3,0,la gloria,6.222536563873291,-75.60670471191406,6,14.0,34291.07710077967,552325.5813953489,28.0,7056.0,58.62144166670863,0,0
apartamento,8100000,230.0,3,4,2,el tesoro,6.201564788818359,-75.55271911621094,9,25.555555555555557,46307.752975324685,855149.2240350179,76.66666666666667,52900.0,79.1642453160979,1,4
apartamento,5350000,158.0,3,3,2,el diamante no.2,6.182455539703369,-75.57171630859375,8,19.75,43639.65496971377,774744.3419949707,52.666666666666664,24964.0,74.60306600005285,1,4
apartamento,5200000,110.0,2,2,2,santa maria de los angeles,6.188703536987305,-75.57886505126953,6,18.333333333333332,47391.397443391514,760224.6376811594,55.0,12100.0,81.01676224887126,1,4
apartamento,6500000,88.0,3,2,1,altos del poblado,6.216899871826172,-75.55632781982422,6,14.666666666666666,58495.7928802589,930019.3704600484,29.333333333333332,7744.0,100.0,1,1
apartamento,6300000,107.0,2,3,1,lalinde,6.2140212059021,-75.56690216064453,6,17.833333333333332,53427.21397778484,890320.987654321,53.5,11449.0,91.33513941276176,1,1
apartamento,6300000,86.0,1,2,1,san lucas,6.17989444732666,-75.56388092041016,4,21.5,47354.22828936933,904097.3871733967,86.0,7396.0,80.95322066375543,1,1
apartamento,4500000,90.0,3,2,1,asomadera no.1,6.225736141204834,-75.56065368652344,6,15.0,48571.57944764218,665557.1635311143,30.0,8100.0,83.03431247964855,1,1
apartamento,4650000,79.0,3,2,1,los naranjos,6.19466495513916,-75.56161499023438,6,13.166666666666666,49565.6761295771,827000.8873114464,26.333333333333332,6241.0,84.733745264447,1,1
apartamento,3500000,68.0,2,2,1,castropol,6.220721244812012,-75.56621551513672,5,13.6,48917.86962109346,739745.95924104,34.0,4624.0,83.62630406810368,1,1
apartamento,4200000,160.0,3,3,1,la gloria,6.22241828,-75.60649897,7,22.857142857142858,34291.07710077967,552325.5813953489,53.333333333333336,25600.0,58.62144166670863,1,1
apartamento,7800000,82.0,3,2,1,santa fe,6.222146034240723,-75.58159637451172,6,13.666666666666666,48109.58350181965,701917.4041297935,27.333333333333332,6724.0,82.24451902088094,1,1
apartamento,3600000,65.0,2,2,1,asomadera no.2,6.22457913,-75.56160345,5,13.0,51821.74887892377,772562.6740947075,32.5,4225.0,88.59055724742987,1,1
apartamento,2700000,70.0,2,2,1,castropol,6.2256622314453125,-75.56784057617188,5,14.0,48917.86962109346,739745.95924104,35.0,4900.0,83.62630406810368,1,1
apartamento,5600000,98.0,2,2,2,lalinde,6.212890625,-75.56771850585938,6,16.333333333333332,53427.21397778484,890320.987654321,49.0,9604.0,91.33513941276176,1,4
apartamento,4200000,100.0,2,2,2,los balsos no.1,6.193654537200928,-75.56272888183594,6,16.666666666666668,48115.75526148983,871145.722446916,50.0,10000.0,82.2550697961868,1,4
apartamento,3600000,60.0,2,2,1,alejandria,6.1985764503479,-75.57109069824219,5,12.0,48842.610337435945,852482.6560951438,30.0,3600.0,83.49764646735697,1,1
apartamento,4000000,85.0,3,2,2,los balsos no.1,6.189451217651367,-75.56155395507812,7,12.142857142857142,48115.75526148983,871145.722446916,28.333333333333332,7225.0,82.2550697961868,1,4
apartamento,4500000,103.0,2,2,2,los balsos no.1,6.186976909637451,-75.55958557128906,6,17.166666666666668,48115.75526148983,871145.722446916,51.5,10609.0,82.2550697961868,1,4
apartamento,6200000,110.0,2,2,2,santa maria de los angeles,6.1889872550964355,-75.5788803100586,6,18.333333333333332,47391.397443391514,760224.6376811594,55.0,12100.0,81.01676224887126,1,4
apartamento,7700000,120.0,2,2,1,el poblado,6.209096908569336,-75.56767272949219,5,24.0,51331.92389006342,930592.3344947735,60.0,14400.0,87.7531893535319,1,1
apartamento,3400000,64.0,3,2,1,villa carlota,6.21826,-75.57086,6,10.666666666666666,54977.83356366141,748492.5201380898,21.333333333333332,4096.0,93.98596182156422,1,1
apartamento,3800000,140.0,3,2,2,laureles,6.245896,-75.595879,7,20.0,37952.470484611345,680619.6840826245,46.666666666666664,19600.0,64.88068391909857,1,4
apartamento,5500000,125.0,3,2,1,san lucas,6.18071,-75.56786,6,20.833333333333332,47354.22828936933,904097.3871733967,41.666666666666664,15625.0,80.95322066375543,1,1
apartamento,2000000,70.0,3,2,0,belen rincon,6.21067,-75.60665,5,14.0,42767.5585284281,568333.3333333334,23.333333333333332,4900.0,73.11219563426286,0,0
apartamento,6700000,120.0,2,4,2,alejandria,6.200553894042969,-75.56777954101562,8,15.0,48842.610337435945,852482.6560951438,60.0,14400.0,83.49764646735697,1,4
apartamento,8000000,127.6,3,4,2,el tesoro,6.20472,-75.55494,9,14.177777777777777,46307.752975324685,855149.2240350179,42.53333333333333,16281.759999999998,79.1642453160979,1,4
apartamento,3650000,87.0,2,2,1,el castillo,6.191030025482178,-75.5727310180664,5,17.4,56343.83279364145,907109.0047393364,43.5,7569.0,96.32117118059666,1,1
apartamento,3000000,75.0,2,2,1,laureles,6.239096641540527,-75.59736633300781,5,15.0,37952.470484611345,680619.6840826245,37.5,5625.0,64.88068391909857,1,1
apartamento,5700000,88.0,3,2,2,la aguacatala,6.196604251861572,-75.57518005371094,7,12.571428571428571,51442.75043487159,795490.506329114,29.333333333333332,7744.0,87.9426500640398,1,4
apartamento,3200000,80.0,2,2,1,el diamante no.2,6.182950973510742,-75.57328796386719,5,16.0,43639.65496971377,774744.3419949707,40.0,6400.0,74.60306600005285,1,1
apartamento,2850000,67.0,3,2,1,la loma de los bernal,6.217950820922852,-75.60370635986328,6,11.166666666666666,40721.08579809159,584155.2990556138,22.333333333333332,4489.0,69.61370005095546,1,1
apartamento,2950000,82.0,3,2,1,rosales,6.237564563751221,-75.59074401855469,6,13.666666666666666,31678.50652568974,626633.9869281045,27.333333333333332,6724.0,54.15518786203267,1,1
apartamento,3300000,60.0,1,2,1,lalinde,6.212890625,-75.56771850585938,4,15.0,53427.21397778484,890320.987654321,60.0,3600.0,91.33513941276176,1,1
apartamento,4600000,90.0,3,2,1,santa maria de los angeles,6.189931392669678,-75.57909393310547,6,15.0,47391.397443391514,760224.6376811594,30.0,8100.0,81.01676224887126,1,1
casa,9700000,270.0,4,3,2,la florida,6.200997829437256,-75.5654067993164,9,30.0,45025.656955191065,832086.513994911,67.5,72900.0,76.97247056272704,1,4
apartamento,5150000,100.0,2,2,1,santa maria de los angeles,6.187717914581299,-75.5785903930664,5,20.0,47391.397443391514,760224.6376811594,50.0,10000.0,81.01676224887126,1,1
apartamento,3850000,90.0,2,2,1,los balsos no.2,6.195680618286133,-75.56962585449219,5,18.0,47300.9517913736,836162.823200559,45.0,8100.0,80.86214317702954,1,1
apartamento,3800000,80.0,2,1,1,manila,6.212575435638428,-75.57122039794922,4,20.0,48813.76037959668,888129.4964028777,40.0,6400.0,83.44832675320535,1,1
casa,7500000,490.0,4,2,1,simon bolivar,6.2447477,-75.6066362,7,70.0,28965.474716228782,659298.245614035,122.5,240100.0,49.51719310057257,1,1
apartamento,5100000,165.0,4,2,2,los balsos no.1,6.1896586418151855,-75.5607681274414,8,20.625,48115.75526148983,871145.722446916,41.25,27225.0,82.2550697961868,1,4
apartamento,8800000,186.0,3,3,3,alejandria,6.199296951293945,-75.56919860839844,9,20.666666666666668,48842.610337435945,852482.6560951438,62.0,34596.0,83.49764646735697,1,9
apartamento,4700000,90.0,2,3,1,villa carlota,6.220047950744629,-75.57333374023438,6,15.0,54977.83356366141,748492.5201380898,45.0,8100.0,93.98596182156422,1,1
apartamento,2650000,40.0,1,1,1,villa carlota,6.218197822570801,-75.57340240478516,3,13.333333333333334,54977.83356366141,748492.5201380898,40.0,1600.0,93.98596182156422,1,1
apartamento,4000000,100.0,3,3,1,los colores,6.269747,-75.595072,7,14.285714285714286,34639.764996907856,599064.1711229946,33.333333333333336,10000.0,59.21753222118996,1,1
apartamento,5000000,115.0,3,3,2,la florida,6.205739,-75.564059,8,14.375,45025.656955191065,832086.513994911,38.333333333333336,13225.0,76.97247056272704,1,4
apartamento,4000000,61.0,2,2,0,asomadera no.1,6.22761,-75.56479,4,15.25,48571.57944764218,665557.1635311143,30.5,3721.0,83.03431247964855,0,0
apartamento,4000000,80.0,2,3,1,el diamante no.2,6.181055068969727,-75.57144927978516,6,13.333333333333334,43639.65496971377,774744.3419949707,40.0,6400.0,74.60306600005285,1,1
apartamento,4500000,67.0,2,2,1,altos del poblado,6.215419769287109,-75.55437469482422,5,13.4,58495.7928802589,930019.3704600484,33.5,4489.0,100.0,1,1
apartamento,3000000,64.0,2,2,1,patio bonito,6.2090020179748535,-75.57614135742188,5,12.8,43819.79935642627,741195.3041622199,32.0,4096.0,74.91102727015866,1,1
apartamento,5000000,88.0,3,3,2,castropol,6.2198967933654785,-75.5683364868164,8,11.0,48917.86962109346,739745.95924104,29.333333333333332,7744.0,83.62630406810368,1,4
apartamento,4000000,81.0,3,2,1,santa maria de los angeles,6.193360328674316,-75.57754516601562,6,13.5,47391.397443391514,760224.6376811594,27.0,6561.0,81.01676224887126,1,1
apartamento,7700000,87.0,3,3,1,altos del poblado,6.215419769287109,-75.55437469482422,7,12.428571428571429,58495.7928802589,930019.3704600484,29.0,7569.0,100.0,1,1
apartamento,4100000,95.0,3,2,1,los balsos no.2,6.197221279144287,-75.57276916503906,6,15.833333333333334,47300.9517913736,836162.823200559,31.666666666666668,9025.0,80.86214317702954,1,1
casa,5300000,240.0,3,4,2,las palmas,6.190889358520508,-75.5533676147461,9,26.666666666666668,44135.83717530642,781094.527363184,80.0,57600.0,75.45130171267638,1,4
apartamento,2300000,58.0,2,1,0,lorena,6.24874,-75.59609,3,19.333333333333332,35721.295387634935,652329.7491039427,29.0,3364.0,61.06643508663359,0,0
apartamento,7200000,90.0,2,2,1,el castillo,6.191773891448975,-75.57258605957031,5,18.0,56343.83279364145,907109.0047393364,45.0,8100.0,96.32117118059666,1,1
apartamento,6200000,168.0,3,3,2,el poblado,6.2074971199035645,-75.56391906738281,8,21.0,51331.92389006342,930592.3344947735,56.0,28224.0,87.7531893535319,1,4
apartamento,3000000,78.0,2,2,1,laureles,6.23924402,-75.59306909,5,15.6,37952.470484611345,680619.6840826245,39.0,6084.0,64.88068391909857,1,1
apartamento,6500000,72.0,2,2,1,manila,6.2132868,-75.5762572,5,14.4,48813.76037959668,888129.4964028777,36.0,5184.0,83.44832675320535,1,1
apartamento,3400000,86.0,3,2,1,el velodromo,6.253677845001221,-75.5954818725586,6,14.333333333333334,33048.78048780488,624423.9631336406,28.666666666666668,7396.0,56.497704981033166,1,1
apartamento,3800000,76.0,2,2,1,los balsos no.2,6.195546627044678,-75.57054901123047,5,15.2,47300.9517913736,836162.823200559,38.0,5776.0,80.86214317702954,1,1
apartamento,4000000,88.0,2,2,1,asomadera no.1,6.227677822113037,-75.56482696533203,5,17.6,48571.57944764218,665557.1635311143,44.0,7744.0,83.03431247964855,1,1
apartamento,6400000,67.0,2,2,1,altos del poblado,6.215419769287109,-75.55437469482422,5,13.4,58495.7928802589,930019.3704600484,33.5,4489.0,100.0,1,1
apartamento,3100000,80.0,3,3,1,san joaquin,6.246960639953613,-75.58482360839844,7,11.428571428571429,32753.58855757907,569436.2017804154,26.666666666666668,6400.0,55.9930670990746,1,1
apartamento,3650000,90.0,3,3,1,la loma de los bernal,6.22024393081665,-75.60403442382812,7,12.857142857142858,40721.08579809159,584155.2990556138,30.0,8100.0,69.61370005095546,1,1
casa,3100000,180.0,4,3,0,los colores,6.26779,-75.59471,7,25.714285714285715,34639.764996907856,599064.1711229946,45.0,32400.0,59.21753222118996,0,0
apartamento,3700000,79.0,3,2,1,la loma de los bernal,6.2175723,-75.60269955,6,13.166666666666666,40721.08579809159,584155.2990556138,26.333333333333332,6241.0,69.61370005095546,1,1
apartamento,5500000,58.0,1,2,1,la florida,6.20702,-75.56558,4,14.5,45025.656955191065,832086.513994911,58.0,3364.0,76.97247056272704,1,1
apartamento,7700000,92.0,2,3,2,los balsos no.1,6.1932,-75.56324,7,13.142857142857142,48115.75526148983,871145.722446916,46.0,8464.0,82.2550697961868,1,4
apartamento,2400000,68.0,3,2,1,el rincon,6.2089183,-75.603032,6,11.333333333333334,35361.216730038024,498214.28571428574,22.666666666666668,4624.0,60.45087174461001,1,1
apartamento,3800000,65.0,1,2,1,los naranjos,6.1939,-75.56248,4,16.25,49565.6761295771,827000.8873114464,65.0,4225.0,84.733745264447,1,1
apartamento,3150000,74.0,3,2,1,la castellana,6.23772,-75.61019,6,12.333333333333334,32305.993690851734,627000.0,24.666666666666668,5476.0,55.22789264004374,1,1
apartamento,4600000,90.0,3,3,2,asomadera no.1,6.22565221786499,-75.56111907958984,8,11.25,48571.57944764218,665557.1635311143,30.0,8100.0,83.03431247964855,1,4
apartamento,5800000,55.0,1,1,1,la aguacatala,6.198923110961914,-75.57820892333984,3,18.333333333333332,51442.75043487159,795490.506329114,55.0,3025.0,87.9426500640398,1,1
apartamento,2700000,100.0,3,2,0,san joaquin,6.246449947357178,-75.58524322509766,5,20.0,32753.58855757907,569436.2017804154,33.333333333333336,10000.0,55.9930670990746,0,0
apartamento,3800000,91.0,3,2,2,san joaquin,6.244919300079346,-75.5848388671875,7,13.0,32753.58855757907,569436.2017804154,30.333333333333332,8281.0,55.9930670990746,1,4
casa,4750000,180.0,3,3,2,la mota,6.2110395431518555,-75.59696960449219,8,22.5,31054.252952250557,508263.3053221289,60.0,32400.0,53.08801098878807,1,4
apartamento,5000000,127.0,2,3,2,los balsos no.2,6.196893692016602,-75.56979370117188,7,18.142857142857142,47300.9517913736,836162.823200559,63.5,16129.0,80.86214317702954,1,4
apartamento,6500000,125.0,3,3,2,castropol,6.217310905456543,-75.56697082519531,8,15.625,48917.86962109346,739745.95924104,41.666666666666664,15625.0,83.62630406810368,1,4
apartamento,3550000,98.0,3,2,1,castropol,6.216827869415283,-75.5655746459961,6,16.333333333333332,48917.86962109346,739745.95924104,32.666666666666664,9604.0,83.62630406810368,1,1
apartamento,4100000,100.0,3,2,1,lorena,6.248704433441162,-75.59989929199219,6,16.666666666666668,35721.295387634935,652329.7491039427,33.333333333333336,10000.0,61.06643508663359,1,1
apartamento,4300000,74.0,2,2,2,alejandria,6.1991190910339355,-75.56869506835938,6,12.333333333333334,48842.610337435945,852482.6560951438,37.0,5476.0,83.49764646735697,1,4
apartamento,7200000,157.0,3,4,2,la florida,6.207086563110352,-75.56001281738281,9,17.444444444444443,45025.656955191065,832086.513994911,52.333333333333336,24649.0,76.97247056272704,1,4
apartamento,4400000,70.0,2,2,2,el castillo,6.191229820251465,-75.56768798828125,6,11.666666666666666,56343.83279364145,907109.0047393364,35.0,4900.0,96.32117118059666,1,4
casa,6800000,160.0,5,2,2,la florida,6.207400798797607,-75.56997680664062,9,17.77777777777778,45025.656955191065,832086.513994911,32.0,25600.0,76.97247056272704,1,4
apartamento,3500000,84.0,3,2,1,calasanz,6.260915756225586,-75.59898376464844,6,14.0,32548.10882548109,537043.795620438,28.0,7056.0,55.64179443145114,1,1
apartamento,5400000,120.0,3,3,2,la florida,6.2036519050598145,-75.56717681884766,8,15.0,45025.656955191065,832086.513994911,40.0,14400.0,76.97247056272704,1,4
apartamento,4300000,70.0,3,2,1,villa carlota,6.22196,-75.5735,6,11.666666666666666,54977.83356366141,748492.5201380898,23.333333333333332,4900.0,93.98596182156422,1,1
apartamento,3000000,180.0,3,3,1,santa maria de los angeles,6.188047409057617,-75.5816879272461,7,25.714285714285715,47391.397443391514,760224.6376811594,60.0,32400.0,81.01676224887126,1,1
apartamento,3150000,50.0,1,2,1,la aguacatala,6.196604251861572,-75.57518005371094,4,12.5,51442.75043487159,795490.506329114,50.0,2500.0,87.9426500640398,1,1
apartamento,5000000,105.0,4,2,0,miravalle,6.2345709800720215,-75.599853515625,6,17.5,42041.52249134948,650892.8571428572,26.25,11025.0,71.87101913022809,0,0
apartamento,6900000,298.0,3,4,1,los balsos no.1,6.186269283294678,-75.56199645996094,8,37.25,48115.75526148983,871145.722446916,99.33333333333333,88804.0,82.2550697961868,1,1
apartamento,2650000,55.0,1,1,1,altos del poblado,6.215419769287109,-75.55437469482422,3,18.333333333333332,58495.7928802589,930019.3704600484,55.0,3025.0,100.0,1,1
apartamento,4400000,88.0,3,2,2,los balsos no.1,6.185546398162842,-75.5616226196289,7,12.571428571428571,48115.75526148983,871145.722446916,29.333333333333332,7744.0,82.2550697961868,1,4
apartamento,3650000,81.0,3,2,1,los balsos no.1,6.191064834594727,-75.56752014160156,6,13.5,48115.75526148983,871145.722446916,27.0,6561.0,82.2550697961868,1,1
apartamento,6300000,144.0,3,2,2,san lucas,6.17994,-75.56406,7,20.571428571428573,47354.22828936933,904097.3871733967,48.0,20736.0,80.95322066375543,1,4
apartamento,3500000,90.0,2,2,1,los conquistadores,6.24418272,-75.58428398,5,18.0,30995.98034836981,625225.2252252252,45.0,8100.0,52.98839253588492,1,1
apartamento,2200000,110.0,3,3,0,el velodromo,6.25052954,-75.59618723,6,18.333333333333332,33048.78048780488,624423.9631336406,36.666666666666664,12100.0,56.497704981033166,0,0
apartamento,3000000,57.0,3,2,1,san diego,6.22693,-75.56858,6,9.5,47227.322103995706,654899.8185117968,19.0,3249.0,80.73627141129654,1,1
apartamento,2800000,122.0,3,2,1,el nogal-los almendros,6.2389157,-75.5931171,6,20.333333333333332,31931.988041853514,623722.6277372263,40.666666666666664,14884.0,54.5885207628836,1,1
apartamento,6200000,120.0,3,2,1,santa maria de los angeles,6.1913,-75.57906,6,20.0,47391.397443391514,760224.6376811594,40.0,14400.0,81.01676224887126,1,1
apartamento,5000000,53.0,1,2,1,alejandria,6.199336051940918,-75.57052612304688,4,13.25,48842.610337435945,852482.6560951438,53.0,2809.0,83.49764646735697,1,1
apartamento,4300000,92.0,3,2,1,patio bonito,6.205358028411865,-75.57597351074219,6,15.333333333333334,43819.79935642627,741195.3041622199,30.666666666666668,8464.0,74.91102727015866,1,1
apartamento,5900000,120.0,4,2,1,la loma de los bernal,6.218717575073242,-75.60415649414062,7,17.142857142857142,40721.08579809159,584155.2990556138,30.0,14400.0,69.61370005095546,1,1
apartamento,3900000,74.0,3,2,1,villa carlota,6.218226432800293,-75.57369232177734,6,12.333333333333334,54977.83356366141,748492.5201380898,24.666666666666668,5476.0,93.98596182156422,1,1
apartamento,5300000,110.0,3,2,1,santa maria de los angeles,6.189764022827148,-75.57858276367188,6,18.333333333333332,47391.397443391514,760224.6376811594,36.666666666666664,12100.0,81.01676224887126,1,1
apartamento,7200000,110.0,1,2,1,la florida,6.201442241668701,-75.56672668457031,4,27.5,45025.656955191065,832086.513994911,110.0,12100.0,76.97247056272704,1,1
apartamento,8150000,120.0,2,3,1,san lucas,6.179790496826172,-75.56442260742188,6,20.0,47354.22828936933,904097.3871733967,60.0,14400.0,80.95322066375543,1,1
apartamento,4500000,120.0,2,3,1,laureles,6.24680233001709,-75.5965805053711,6,20.0,37952.470484611345,680619.6840826245,60.0,14400.0,64.88068391909857,1,1
apartamento,3500000,72.0,2,2,1,los balsos no.1,6.191064834594727,-75.56752014160156,5,14.4,48115.75526148983,871145.722446916,36.0,5184.0,82.2550697961868,1,1
apartamento,2900000,48.0,2,1,1,la aguacatala,6.199002742767334,-75.57787322998047,4,12.0,51442.75043487159,795490.506329114,24.0,2304.0,87.9426500640398,1,1
apartamento,6700000,65.0,2,2,1,el tesoro,6.2023520665,-75.5616796017,5,13.0,46307.752975324685,855149.2240350179,32.5,4225.0,79.1642453160979,1,1
apartamento,2950000,80.0,3,2,1,el diamante no.2,6.182875156402588,-75.575439453125,6,13.333333333333334,43639.65496971377,774744.3419949707,26.666666666666668,6400.0,74.60306600005285,1,1
apartamento,1950000,35.0,1,1,0,santa monica,6.24808289,-75.61394705,2,17.5,33578.94736842105,543750.0,35.0,1225.0,57.40403833341875,0,0
apartamento,2750000,92.0,2,2,2,los balsos no.2,6.192535877227783,-75.56706237792969,6,15.333333333333334,47300.9517913736,836162.823200559,46.0,8464.0,80.86214317702954,1,4
apartamento,9300000,220.0,3,4,2,el tesoro,6.203347682952881,-75.55573272705078,9,24.444444444444443,46307.752975324685,855149.2240350179,73.33333333333333,48400.0,79.1642453160979,1,4
apartamento,4850000,142.0,3,3,2,san lucas,6.179832458496094,-75.56441497802734,8,17.75,47354.22828936933,904097.3871733967,47.333333333333336,20164.0,80.95322066375543,1,4
apartamento,3800000,86.0,2,2,1,la loma de los bernal,6.217579364776611,-75.60416412353516,5,17.2,40721.08579809159,584155.2990556138,43.0,7396.0,69.61370005095546,1,1
apartamento,4750000,84.0,2,2,1,las lomas no.1,6.21571683883667,-75.56344604492188,5,16.8,42753.43481316735,816268.3823529412,42.0,7056.0,73.08805079483885,1,1
apartamento,4200000,80.0,2,2,1,altos del poblado,6.207150459289551,-75.5519027709961,5,16.0,58495.7928802589,930019.3704600484,40.0,6400.0,100.0,1,1
apartamento,6600000,86.0,3,2,1,castropol,6.219926834106445,-75.56832122802734,6,14.333333333333334,48917.86962109346,739745.95924104,28.666666666666668,7396.0,83.62630406810368,1,1
casa,5300000,90.0,3,2,1,la mota,6.211409568786621,-75.59812927246094,6,15.0,31054.252952250557,508263.3053221289,30.0,8100.0,53.08801098878807,1,1
apartamento,3850000,87.0,2,2,1,castropol,6.21533,-75.56829,5,17.4,48917.86962109346,739745.95924104,43.5,7569.0,83.62630406810368,1,1
apartamento,3600000,74.0,3,2,2,alejandria,6.1975516872,-75.5689571241,7,10.571428571428571,48842.610337435945,852482.6560951438,24.666666666666668,5476.0,83.49764646735697,1,4
apartamento,2100000,30.0,1,1,1,asomadera no.1,6.22829,-75.56401,3,10.0,48571.57944764218,665557.1635311143,30.0,900.0,83.03431247964855,1,1
apartamento,5600000,67.0,2,2,1,altos del poblado,6.215419769287109,-75.55437469482422,5,13.4,58495.7928802589,930019.3704600484,33.5,4489.0,100.0,1,1
apartamento,4700000,110.0,4,2,2,castropol,6.216943264007568,-75.566650390625,8,13.75,48917.86962109346,739745.95924104,27.5,12100.0,83.62630406810368,1,4
apartamento,6650000,116.0,3,3,2,villa carlota,6.220809459686279,-75.57434844970703,8,14.5,54977.83356366141,748492.5201380898,38.666666666666664,13456.0,93.98596182156422,1,4
apartamento,2900000,68.0,2,2,1,asomadera no.1,6.2270379066467285,-75.56293487548828,5,13.6,48571.57944764218,665557.1635311143,34.0,4624.0,83.03431247964855,1,1
apartamento,3600000,67.0,2,2,1,altos del poblado,6.215419769287109,-75.55437469482422,5,13.4,58495.7928802589,930019.3704600484,33.5,4489.0,100.0,1,1
casa,6700000,180.0,3,3,2,el tesoro,6.197990417480469,-75.55711364746094,8,22.5,46307.752975324685,855149.2240350179,60.0,32400.0,79.1642453160979,1,4
apartamento,4100000,96.0,2,2,2,el diamante no.2,6.185731410980225,-75.5705795288086,6,16.0,43639.65496971377,774744.3419949707,48.0,9216.0,74.60306600005285,1,4
apartamento,1850000,45.0,1,1,0,la mota,6.2110395431518555,-75.59795379638672,2,22.5,31054.252952250557,508263.3053221289,45.0,2025.0,53.08801098878807,0,0
apartamento,4750000,84.0,2,3,1,villa carlota,6.220217704772949,-75.57524871826172,6,14.0,54977.83356366141,748492.5201380898,42.0,7056.0,93.98596182156422,1,1
apartamento,3700000,102.0,3,2,1,el diamante no.2,6.184103965759277,-75.57196807861328,6,17.0,43639.65496971377,774744.3419949707,34.0,10404.0,74.60306600005285,1,1
apartamento,3900000,60.0,2,2,1,estadio,6.26006555557251,-75.59467315673828,5,12.0,28935.940737376888,589306.3583815029,30.0,3600.0,49.466704035636994,1,1
apartamento,3350000,140.0,4,2,1,calasanz,6.261268615722656,-75.59867858886719,7,20.0,32548.10882548109,537043.795620438,35.0,19600.0,55.64179443145114,1,1
apartamento,3000000,60.0,3,2,1,castropol,6.2198967933654785,-75.5683364868164,6,10.0,48917.86962109346,739745.95924104,20.0,3600.0,83.62630406810368,1,1
apartamento,4000000,80.0,3,2,1,los balsos no.1,6.192779541015625,-75.56259155273438,6,13.333333333333334,48115.75526148983,871145.722446916,26.666666666666668,6400.0,82.2550697961868,1,1
casa,2600000,90.0,3,3,1,la hondonada,6.202930450439453,-75.59960174560547,7,12.857142857142858,35058.243727598565,399234.693877551,30.0,8100.0,59.93293192787884,1,1
apartamento,5150000,140.0,3,2,2,alejandria,6.20195198059082,-75.56988525390625,7,20.0,48842.610337435945,852482.6560951438,46.666666666666664,19600.0,83.49764646735697,1,4
apartamento,3200000,78.0,3,2,1,los conquistadores,6.2418622970581055,-75.58100891113281,6,13.0,30995.98034836981,625225.2252252252,26.0,6084.0,52.98839253588492,1,1
apartamento,2950000,35.0,1,1,0,simon bolivar,6.244763374328613,-75.6029281616211,2,17.5,28965.474716228782,659298.245614035,35.0,1225.0,49.51719310057257,0,0
casa,3100000,95.0,3,3,0,la loma de los bernal,6.217579364776611,-75.60416412353516,6,15.833333333333334,40721.08579809159,584155.2990556138,31.666666666666668,9025.0,69.61370005095546,0,0
apartamento,4900000,117.0,4,3,1,castropol,6.21909296,-75.56785991,8,14.625,48917.86962109346,739745.95924104,29.25,13689.0,83.62630406810368,1,1
apartamento,2700000,60.0,2,2,1,el rincon,6.206855297088623,-75.60381317138672,5,12.0,35361.216730038024,498214.28571428574,30.0,3600.0,60.45087174461001,1,1
casa,3100000,85.0,3,3,1,la mota,6.210612773895264,-75.600830078125,7,12.142857142857142,31054.252952250557,508263.3053221289,28.333333333333332,7225.0,53.08801098878807,1,1
apartamento,5200000,184.0,3,3,2,alejandria,6.199151515960693,-75.57066345214844,8,23.0,48842.610337435945,852482.6560951438,61.333333333333336,33856.0,83.49764646735697,1,4
apartamento,3350000,80.0,3,2,1,castropol,6.223041534423828,-75.56571197509766,6,13.333333333333334,48917.86962109346,739745.95924104,26.666666666666668,6400.0,83.62630406810368,1,1
apartamento,2400000,64.0,2,2,1,la hondonada,6.20316,-75.59927,5,12.8,35058.243727598565,399234.693877551,32.0,4096.0,59.93293192787884,1,1
apartamento,3950000,88.0,3,2,1,los balsos no.2,6.19257,-75.56969,6,14.666666666666666,47300.9517913736,836162.823200559,29.333333333333332,7744.0,80.86214317702954,1,1
apartamento,7000000,130.0,3,4,2,santa maria de los angeles,6.18774,-75.57927,9,14.444444444444445,47391.397443391514,760224.6376811594,43.333333333333336,16900.0,81.01676224887126,1,4
casa,3900000,140.0,3,3,1,la floresta,6.2549868903,-75.5998877787,7,20.0,27946.058091286308,552049.1803278689,46.666666666666664,19600.0,47.77447524900123,1,1
apartamento,6600000,144.0,3,3,0,los balsos no.2,6.19559794,-75.56839852,6,24.0,47300.9517913736,836162.823200559,48.0,20736.0,80.86214317702954,0,0
apartamento,4200000,90.0,3,2,1,la aguacatala,6.1977979,-75.5763821,6,15.0,51442.75043487159,795490.506329114,30.0,8100.0,87.9426500640398,1,1
apartamento,7000000,87.0,3,2,1,los balsos no.1,6.19316,-75.56317,6,14.5,48115.75526148983,871145.722446916,29.0,7569.0,82.2550697961868,1,1
apartamento,5000000,105.0,3,2,1,belen,6.231476306915283,-75.59917449951172,6,17.5,34214.434214434215,771428.5714285715,35.0,11025.0,58.49041876305752,1,1
apartamento,4450000,85.0,2,2,1,la aguacatala,6.199413776397705,-75.57772064208984,5,17.0,51442.75043487159,795490.506329114,42.5,7225.0,87.9426500640398,1,1
apartamento,3850000,63.0,1,2,1,santa maria de los angeles,6.188896656036377,-75.57864379882812,4,15.75,47391.397443391514,760224.6376811594,63.0,3969.0,81.01676224887126,1,1
apartamento,3500000,78.0,2,2,1,los conquistadores,6.2414140701293945,-75.58349609375,5,15.6,30995.98034836981,625225.2252252252,39.0,6084.0,52.98839253588492,1,1
apartamento,4200000,45.0,1,1,0,belen,6.235796928405762,-75.59529113769531,2,22.5,34214.434214434215,771428.5714285715,45.0,2025.0,58.49041876305752,0,0
apartamento,6200000,200.0,3,4,2,los balsos no.1,6.183597087860107,-75.55654907226562,9,22.22222222222222,48115.75526148983,871145.722446916,66.66666666666667,40000.0,82.2550697961868,1,4
apartamento,2650000,65.0,2,1,1,la colina,6.197510242462158,-75.59417724609375,4,16.25,42341.269841269845,569066.6666666666,32.5,4225.0,72.38344461445728,1,1
apartamento,3350000,158.0,3,2,1,las lomas no.1,6.208381652832031,-75.55982208251953,6,26.333333333333332,42753.43481316735,816268.3823529412,52.666666666666664,24964.0,73.08805079483885,1,1
apartamento,3000000,69.0,2,2,1,san diego,6.228062152862549,-75.56855773925781,5,13.8,47227.322103995706,654899.8185117968,34.5,4761.0,80.73627141129654,1,1
apartamento,6500000,98.0,2,3,2,altos del poblado,6.216899871826172,-75.55632781982422,7,14.0,58495.7928802589,930019.3704600484,49.0,9604.0,100.0,1,4
apartamento,8100000,140.0,3,4,2,altos del poblado,6.216004848480225,-75.55506896972656,9,15.555555555555555,58495.7928802589,930019.3704600484,46.666666666666664,19600.0,100.0,1,4
apartamento,3200000,42.0,1,1,0,la palma,6.229427337646484,-75.60263061523438,2,21.0,30263.43970871707,611688.3116883116,42.0,1764.0,51.73609625339456,0,0
apartamento,3500000,78.0,3,2,1,altos del poblado,6.215419769287109,-75.55437469482422,6,13.0,58495.7928802589,930019.3704600484,26.0,6084.0,100.0,1,1
apartamento,3600000,90.0,3,2,1,los colores,6.266347408294678,-75.5921859741211,6,15.0,34639.764996907856,599064.1711229946,30.0,8100.0,59.21753222118996,1,1
apartamento,4650000,50.0,1,2,1,la aguacatala,6.198794841766357,-75.57765197753906,4,12.5,51442.75043487159,795490.506329114,50.0,2500.0,87.9426500640398,1,1
apartamento,4000000,100.0,2,3,2,los balsos no.1,6.18697917,-75.56198729,7,14.285714285714286,48115.75526148983,871145.722446916,50.0,10000.0,82.2550697961868,1,4
apartamento,5000000,107.0,2,3,2,castropol,6.22108,-75.56891,7,15.285714285714286,48917.86962109346,739745.95924104,53.5,11449.0,83.62630406810368,1,4
apartamento,2800000,120.0,4,3,1,la america,6.2527,-75.60236,8,15.0,26048.171275646742,423188.40579710144,30.0,14400.0,44.529990949891804,1,1
casa,5400000,142.0,4,3,1,el velodromo,6.25251679,-75.59334602,8,17.75,33048.78048780488,624423.9631336406,35.5,20164.0,56.497704981033166,1,1
apartamento,3000000,80.0,2,2,1,san joaquin,6.24697,-75.58516,5,16.0,32753.58855757907,569436.2017804154,40.0,6400.0,55.9930670990746,1,1
apartamento,6800000,70.0,2,2,1,el diamante no.2,6.18894,-75.57717,5,14.0,43639.65496971377,774744.3419949707,35.0,4900.0,74.60306600005285,1,1
casa,7700000,170.0,4,5,2,el tesoro,6.203347682952881,-75.55573272705078,11,15.454545454545455,46307.752975324685,855149.2240350179,42.5,28900.0,79.1642453160979,1,4
apartamento,2950000,75.0,3,2,1,la florida,6.2027201652526855,-75.56705474853516,6,12.5,45025.656955191065,832086.513994911,25.0,5625.0,76.97247056272704,1,1
apartamento,4600000,150.0,3,2,2,laureles,6.24623441696167,-75.59576416015625,7,21.428571428571427,37952.470484611345,680619.6840826245,50.0,22500.0,64.88068391909857,1,4
apartamento,4050000,76.0,2,2,1,altos del poblado,6.207150459289551,-75.5519027709961,5,15.2,58495.7928802589,930019.3704600484,38.0,5776.0,100.0,1,1
apartamento,4350000,85.0,2,3,1,villa carlota,6.221945762634277,-75.57394409179688,6,14.166666666666666,54977.83356366141,748492.5201380898,42.5,7225.0,93.98596182156422,1,1
apartamento,7700000,104.0,2,3,2,los balsos no.1,6.186926364898682,-75.56047058105469,7,14.857142857142858,48115.75526148983,871145.722446916,52.0,10816.0,82.2550697961868,1,4
apartamento,2550000,68.0,2,2,1,calasanz parte alta,6.264708042144775,-75.600341796875,5,13.6,33556.33802816901,458173.07692307694,34.0,4624.0,57.36538710887971,1,1
apartamento,2800000,80.0,3,2,1,rosales,6.233250617980957,-75.58954620361328,6,13.333333333333334,31678.50652568974,626633.9869281045,26.666666666666668,6400.0,54.15518786203267,1,1
apartamento,3300000,60.0,2,2,1,alejandria,6.200577259063721,-75.56989288330078,5,12.0,48842.610337435945,852482.6560951438,30.0,3600.0,83.49764646735697,1,1
apartamento,2950000,120.0,2,2,1,la loma de los bernal,6.217579364776611,-75.60416412353516,5,24.0,40721.08579809159,584155.2990556138,60.0,14400.0,69.61370005095546,1,1
apartamento,2250000,160.0,2,1,0,la floresta,6.255214214324951,-75.60223388671875,3,53.333333333333336,27946.058091286308,552049.1803278689,80.0,25600.0,47.77447524900123,0,0
apartamento,7450000,65.0,2,2,1,san lucas,6.179986476898193,-75.56378936767578,5,13.0,47354.22828936933,904097.3871733967,32.5,4225.0,80.95322066375543,1,1
apartamento,5100000,86.0,2,2,1,altos del poblado,6.214146137237549,-75.55559539794922,5,17.2,58495.7928802589,930019.3704600484,43.0,7396.0,100.0,1,1
apartamento,2700000,58.0,3,2,1,san diego,6.228501319885254,-75.56918334960938,6,9.666666666666666,47227.322103995706,654899.8185117968,19.333333333333332,3364.0,80.73627141129654,1,1
casa,4500000,227.0,5,4,0,calasanz,6.26513898,-75.59753776,9,25.22222222222222,32548.10882548109,537043.795620438,45.4,51529.0,55.64179443145114,0,0
apartamento,3600000,95.0,3,2,1,la loma de los bernal,6.217579364776611,-75.60416412353516,6,15.833333333333334,40721.08579809159,584155.2990556138,31.666666666666668,9025.0,69.61370005095546,1,1
apartamento,3600000,86.0,2,2,1,la aguacatala,6.196604251861572,-75.57518005371094,5,17.2,51442.75043487159,795490.506329114,43.0,7396.0,87.9426500640398,1,1
apartamento,6300000,82.0,1,2,1,san lucas,6.183226585388184,-75.56377410888672,4,20.5,47354.22828936933,904097.3871733967,82.0,6724.0,80.95322066375543,1,1
apartamento,7150000,132.0,3,2,1,el tesoro,6.204224109649658,-75.55553436279297,6,22.0,46307.752975324685,855149.2240350179,44.0,17424.0,79.1642453160979,1,1
apartamento,6000000,92.0,2,2,1,las lomas no.1,6.21211,-75.5636,5,18.4,42753.43481316735,816268.3823529412,46.0,8464.0,73.08805079483885,1,1
apartamento,4500000,105.0,3,3,2,el diamante no.2,6.188642,-75.577194,8,13.125,43639.65496971377,774744.3419949707,35.0,11025.0,74.60306600005285,1,4
apartamento,3800000,84.0,3,2,1,villa carlota,6.220420837402344,-75.57440948486328,6,14.0,54977.83356366141,748492.5201380898,28.0,7056.0,93.98596182156422,1,1
casa,4000000,150.0,1,4,0,los pinos,6.25150312,-75.60162178,5,30.0,28607.27728983689,814285.7142857143,150.0,22500.0,48.90484576967115,0,0
apartamento,6500000,115.0,3,3,2,el castillo,6.19562,-75.57493,8,14.375,56343.83279364145,907109.0047393364,38.333333333333336,13225.0,96.32117118059666,1,4
apartamento,3700000,30.0,1,1,1,miravalle,6.23726,-75.60078,3,10.0,42041.52249134948,650892.8571428572,30.0,900.0,71.87101913022809,1,1
apartamento,1755000,35.54,2,1,1,la pradera,6.26072,-75.61427,4,8.885,49380.979178390546,438750.0,17.77,1263.0916,84.41800127314043,1,1
apartamento,3650000,74.0,2,2,1,patio bonito,6.205358028411865,-75.57597351074219,5,14.8,43819.79935642627,741195.3041622199,37.0,5476.0,74.91102727015866,1,1
apartamento,6000000,100.0,3,2,1,santa maria de los angeles,6.189147472381592,-75.58257293701172,6,16.666666666666668,47391.397443391514,760224.6376811594,33.333333333333336,10000.0,81.01676224887126,1,1
apartamento,3300000,82.0,2,2,1,bolivariana,6.2475762367248535,-75.59046936035156,5,16.4,37400.24554941682,658648.6486486486,41.0,6724.0,63.936641778623724,1,1
apartamento,5700000,86.0,1,2,2,san lucas,6.17704963684082,-75.56421661376953,5,17.2,47354.22828936933,904097.3871733967,86.0,7396.0,80.95322066375543,1,4
apartamento,8650000,80.0,2,2,1,altos del poblado,6.216044902801514,-75.55574035644531,5,16.0,58495.7928802589,930019.3704600484,40.0,6400.0,100.0,1,1
apartamento,5500000,173.0,3,3,2,la aguacatala,6.1989829,-75.5739021,8,21.625,51442.75043487159,795490.506329114,57.666666666666664,29929.0,87.9426500640398,1,4
apartamento,5000000,84.0,2,3,2,castropol,6.217092990875244,-75.56856536865234,7,12.0,48917.86962109346,739745.95924104,42.0,7056.0,83.62630406810368,1,4
apartamento,2900000,70.0,2,2,0,la gloria,6.2220892906188965,-75.60477447509766,4,17.5,34291.07710077967,552325.5813953489,35.0,4900.0,58.62144166670863,0,0
apartamento,4400000,66.0,1,2,1,el tesoro,6.202211856842041,-75.55608367919922,4,16.5,46307.752975324685,855149.2240350179,66.0,4356.0,79.1642453160979,1,1
apartamento,3800000,80.0,1,2,0,diego echavarria,6.215372562408447,-75.59384155273438,3,26.666666666666668,30825.838103025348,571212.1212121212,80.0,6400.0,52.69753017302621,0,0
apartamento,2600000,66.0,2,2,1,la loma de los bernal,6.219346523284912,-75.60366821289062,5,13.2,40721.08579809159,584155.2990556138,33.0,4356.0,69.61370005095546,1,1
apartamento,5000000,74.0,3,2,1,castropol,6.218486785888672,-75.56706237792969,6,12.333333333333334,48917.86962109346,739745.95924104,24.666666666666668,5476.0,83.62630406810368,1,1
apartamento,2900000,58.0,1,2,1,los naranjos,6.196533679962158,-75.56546783447266,4,14.5,49565.6761295771,827000.8873114464,58.0,3364.0,84.733745264447,1,1
apartamento,5150000,80.0,2,2,2,el castillo,6.190058708190918,-75.5733642578125,6,13.333333333333334,56343.83279364145,907109.0047393364,40.0,6400.0,96.32117118059666,1,4
apartamento,6700000,120.0,3,3,2,la florida,6.2036519050598145,-75.56717681884766,8,15.0,45025.656955191065,832086.513994911,40.0,14400.0,76.97247056272704,1,4
apartamento,3150000,76.0,2,2,1,patio bonito,6.2090020179748535,-75.57614135742188,5,15.2,43819.79935642627,741195.3041622199,38.0,5776.0,74.91102727015866,1,1
apartamento,4100000,73.0,3,2,1,los balsos no.1,6.185309410095215,-75.5613784790039,6,12.166666666666666,48115.75526148983,871145.722446916,24.333333333333332,5329.0,82.2550697961868,1,1
casa,3000000,100.0,3,2,1,asomadera no.1,6.224890232086182,-75.56060028076172,6,16.666666666666668,48571.57944764218,665557.1635311143,33.333333333333336,10000.0,83.03431247964855,1,1
apartamento,3450000,85.0,2,2,2,castropol,6.216162204742432,-75.56681823730469,6,14.166666666666666,48917.86962109346,739745.95924104,42.5,7225.0,83.62630406810368,1,4
apartamento,1650000,48.0,2,1,0,boston,6.2495,-75.55944,3,16.0,28429.680759275238,599090.9090909091,24.0,2304.0,48.60124012246641,0,0
apartamento,5100000,82.0,2,2,1,altos del poblado,6.217337785,-75.555567824,5,16.4,58495.7928802589,930019.3704600484,41.0,6724.0,100.0,1,1
apartamento,5000000,90.0,3,2,1,altos del poblado,6.2173395752,-75.5556021473,6,15.0,58495.7928802589,930019.3704600484,30.0,8100.0,100.0,1,1
apartamento,3750000,84.0,3,2,1,villa carlota,6.219740390777588,-75.57447814941406,6,14.0,54977.83356366141,748492.5201380898,28.0,7056.0,93.98596182156422,1,1
casa,7900000,300.0,5,4,2,los colores,6.26902,-75.59443,11,27.272727272727273,34639.764996907856,599064.1711229946,60.0,90000.0,59.21753222118996,1,4
apartamento,3700000,90.0,2,2,1,los balsos no.2,6.19343,-75.56952,5,18.0,47300.9517913736,836162.823200559,45.0,8100.0,80.86214317702954,1,1
apartamento,4400000,75.0,3,2,1,santa fe,6.22037487,-75.57788253,6,12.5,48109.58350181965,701917.4041297935,25.0,5625.0,82.24451902088094,1,1
apartamento,8000000,110.0,3,2,2,lalinde,6.21296,-75.56803,7,15.714285714285714,53427.21397778484,890320.987654321,36.666666666666664,12100.0,91.33513941276176,1,4
apartamento,5400000,107.0,3,2,2,castropol,6.2251482009887695,-75.56725311279297,7,15.285714285714286,48917.86962109346,739745.95924104,35.666666666666664,11449.0,83.62630406810368,1,4
apartamento,2950000,64.0,3,2,1,la loma de los bernal,6.2202253341674805,-75.60389709472656,6,10.666666666666666,40721.08579809159,584155.2990556138,21.333333333333332,4096.0,69.61370005095546,1,1
apartamento,5100000,98.0,2,2,1,altos del poblado,6.215419769287109,-75.55437469482422,5,19.6,58495.7928802589,930019.3704600484,49.0,9604.0,100.0,1,1
apartamento,4400000,75.0,2,2,1,villa carlota,6.22284460067749,-75.56977844238281,5,15.0,54977.83356366141,748492.5201380898,37.5,5625.0,93.98596182156422,1,1
apartamento,3350000,58.0,2,2,1,la florida,6.204973220825195,-75.5646743774414,5,11.6,45025.656955191065,832086.513994911,29.0,3364.0,76.97247056272704,1,1
apartamento,3000000,60.0,2,2,0,castropol,6.21747649,-75.56855888,4,15.0,48917.86962109346,739745.95924104,30.0,3600.0,83.62630406810368,0,0
apartamento,7200000,114.0,2,3,2,los balsos no.1,6.185952663421631,-75.55894470214844,7,16.285714285714285,48115.75526148983,871145.722446916,57.0,12996.0,82.2550697961868,1,4
apartamento,5100000,94.0,2,2,2,castropol,6.2251482009887695,-75.56725311279297,6,15.666666666666666,48917.86962109346,739745.95924104,47.0,8836.0,83.62630406810368,1,4
apartamento,5200000,110.0,3,2,2,la florida,6.205695152282715,-75.56403350830078,7,15.714285714285714,45025.656955191065,832086.513994911,36.666666666666664,12100.0,76.97247056272704,1,4
apartamento,3100000,120.0,4,2,1,calasanz,6.26016796,-75.59787522,7,17.142857142857142,32548.10882548109,537043.795620438,30.0,14400.0,55.64179443145114,1,1
apartamento,2850000,49.0,1,2,1,villa carlota,6.218216896057129,-75.57360076904297,4,12.25,54977.83356366141,748492.5201380898,49.0,2401.0,93.98596182156422,1,1
apartamento,3900000,80.0,2,2,2,villa carlota,6.222854137420654,-75.57454681396484,6,13.333333333333334,54977.83356366141,748492.5201380898,40.0,6400.0,93.98596182156422,1,4
casa,5600000,180.0,3,3,3,la mota,6.210224151611328,-75.59847259521484,9,20.0,31054.252952250557,508263.3053221289,60.0,32400.0,53.08801098878807,1,9
apartamento,2950000,37.0,1,1,0,simon bolivar,6.243714332580566,-75.60437774658203,2,18.5,28965.474716228782,659298.245614035,37.0,1369.0,49.51719310057257,0,0
apartamento,5150000,113.0,3,3,2,los balsos no.1,6.187094211578369,-75.55999755859375,8,14.125,48115.75526148983,871145.722446916,37.666666666666664,12769.0,82.2550697961868,1,4
apartamento,3500000,100.0,3,2,2,patio bonito,6.2063117027282715,-75.57713317871094,7,14.285714285714286,43819.79935642627,741195.3041622199,33.333333333333336,10000.0,74.91102727015866,1,4
apartamento,6000000,80.0,2,3,2,lalinde,6.212890625,-75.56771850585938,7,11.428571428571429,53427.21397778484,890320.987654321,40.0,6400.0,91.33513941276176,1,4
apartamento,5100000,150.0,3,3,1,castropol,6.215697765350342,-75.56615447998047,7,21.428571428571427,48917.86962109346,739745.95924104,50.0,22500.0,83.62630406810368,1,1
apartamento,7100000,138.0,3,3,2,la florida,6.202153205871582,-75.56844329833984,8,17.25,45025.656955191065,832086.513994911,46.0,19044.0,76.97247056272704,1,4
apartamento,2900000,68.0,3,2,1,la loma de los bernal,6.217579364776611,-75.60416412353516,6,11.333333333333334,40721.08579809159,584155.2990556138,22.666666666666668,4624.0,69.61370005095546,1,1
apartamento,3500000,85.0,2,2,1,asomadera no.1,6.22546,-75.56105,5,17.0,48571.57944764218,665557.1635311143,42.5,7225.0,83.03431247964855,1,1
apartamento,7900000,185.0,4,4,2,las palmas,6.24097,-75.56482,10,18.5,44135.83717530642,781094.527363184,46.25,34225.0,75.45130171267638,1,4
apartamento,3200000,76.0,3,2,1,asomadera no.1,6.2286381,-75.5651795,6,12.666666666666666,48571.57944764218,665557.1635311143,25.333333333333332,5776.0,83.03431247964855,1,1
casa,2850000,90.0,3,3,0,lorena,6.2490837,-75.5941922,6,15.0,35721.295387634935,652329.7491039427,30.0,8100.0,61.06643508663359,0,0
apartamento,7800000,110.0,2,3,1,los balsos no.1,6.189728736877441,-75.56721496582031,6,18.333333333333332,48115.75526148983,871145.722446916,55.0,12100.0,82.2550697961868,1,1
apartamento,4200000,78.0,2,2,1,asomadera no.3,6.2176361083984375,-75.55718994140625,5,15.6,56742.24343675418,834210.5263157894,39.0,6084.0,97.0022639968412,1,1
apartamento,4350000,95.0,2,3,1,santa maria de los angeles,6.191709518432617,-75.5804443359375,6,15.833333333333334,47391.397443391514,760224.6376811594,47.5,9025.0,81.01676224887126,1,1
apartamento,4750000,103.0,3,2,2,la florida,6.205485820770264,-75.56510162353516,7,14.714285714285714,45025.656955191065,832086.513994911,34.333333333333336,10609.0,76.97247056272704,1,4
apartamento,8000000,146.0,3,4,2,castropol,6.216109752655029,-75.56694793701172,9,16.22222222222222,48917.86962109346,739745.95924104,48.666666666666664,21316.0,83.62630406810368,1,4
apartamento,5550000,114.0,2,3,2,los balsos no.1,6.186979293823242,-75.5619888305664,7,16.285714285714285,48115.75526148983,871145.722446916,57.0,12996.0,82.2550697961868,1,4
apartamento,3350000,52.0,1,2,1,patio bonito,6.2090020179748535,-75.57614135742188,4,13.0,43819.79935642627,741195.3041622199,52.0,2704.0,74.91102727015866,1,1
apartamento,3700000,72.0,3,2,1,asomadera no.1,6.226320743560791,-75.56131744384766,6,12.0,48571.57944764218,665557.1635311143,24.0,5184.0,83.03431247964855,1,1
apartamento,3350000,38.0,2,1,0,el velodromo,6.253103733062744,-75.59477996826172,3,12.666666666666666,33048.78048780488,624423.9631336406,19.0,1444.0,56.497704981033166,0,0
apartamento,4150000,70.0,1,2,2,los balsos no.2,6.195755481719971,-75.5705795288086,5,14.0,47300.9517913736,836162.823200559,70.0,4900.0,80.86214317702954,1,4
apartamento,3850000,85.0,3,2,1,los balsos no.1,6.18707275390625,-75.56002044677734,6,14.166666666666666,48115.75526148983,871145.722446916,28.333333333333332,7225.0,82.2550697961868,1,1
apartamento,4900000,134.0,3,2,2,las lomas no.1,6.209867477416992,-75.5615005493164,7,19.142857142857142,42753.43481316735,816268.3823529412,44.666666666666664,17956.0,73.08805079483885,1,4
apartamento,4700000,110.0,3,2,2,la florida,6.205695152282715,-75.56403350830078,7,15.714285714285714,45025.656955191065,832086.513994911,36.666666666666664,12100.0,76.97247056272704,1,4
apartamento,4200000,115.0,3,3,2,bolivariana,6.2457597,-75.59008957,8,14.375,37400.24554941682,658648.6486486486,38.333333333333336,13225.0,63.936641778623724,1,4
apartamento,1400000,62.0,2,1,0,loreto,6.23386,-75.5568,3,20.666666666666668,37293.72937293729,403571.4285714286,31.0,3844.0,63.75454974903526,0,0
apartamento,4200000,74.0,2,2,2,alejandria,6.1984429359436035,-75.5682144165039,6,12.333333333333334,48842.610337435945,852482.6560951438,37.0,5476.0,83.49764646735697,1,4
apartamento,4900000,70.0,2,2,1,la florida,6.20587382,-75.56236469,5,14.0,45025.656955191065,832086.513994911,35.0,4900.0,76.97247056272704,1,1
apartamento,4300000,64.0,2,2,1,la hondonada,6.202212333679199,-75.6006851196289,5,12.8,35058.243727598565,399234.693877551,32.0,4096.0,59.93293192787884,1,1
apartamento,2800000,100.0,3,2,1,la palma,6.22891092300415,-75.60186767578125,6,16.666666666666668,30263.43970871707,611688.3116883116,33.333333333333336,10000.0,51.73609625339456,1,1
apartamento,3150000,44.0,1,2,1,villa carlota,6.21848201751709,-75.57445526123047,4,11.0,54977.83356366141,748492.5201380898,44.0,1936.0,93.98596182156422,1,1
apartamento,4200000,91.0,3,2,1,laureles,6.245950222015381,-75.595703125,6,15.166666666666666,37952.470484611345,680619.6840826245,30.333333333333332,8281.0,64.88068391909857,1,1
apartamento,6500000,110.0,3,3,2,el tesoro,6.20472,-75.55494,8,13.75,46307.752975324685,855149.2240350179,36.666666666666664,12100.0,79.1642453160979,1,4
apartamento,3600000,84.0,3,2,1,villa carlota,6.22219,-75.57383,6,14.0,54977.83356366141,748492.5201380898,28.0,7056.0,93.98596182156422,1,1
apartamento,3000000,85.0,3,2,1,belen rincon,6.21704,-75.60535,6,14.166666666666666,42767.5585284281,568333.3333333334,28.333333333333332,7225.0,73.11219563426286,1,1
apartamento,2600000,60.0,2,2,1,fatima,6.23468,-75.58484,5,12.0,31102.18652387327,606086.9565217391,30.0,3600.0,53.16995461116248,1,1
apartamento,6000000,140.0,3,2,2,campo amor,6.2120781,-75.5847437,7,20.0,41497.65990639626,782352.9411764706,46.666666666666664,19600.0,70.94127263364413,1,4
apartamento,4150000,128.0,3,3,1,castropol,6.21541527,-75.56851984,7,18.285714285714285,48917.86962109346,739745.95924104,42.666666666666664,16384.0,83.62630406810368,1,1
apartamento,3800000,84.0,3,2,2,estadio,6.26116,-75.59642,7,12.0,28935.940737376888,589306.3583815029,28.0,7056.0,49.466704035636994,1,4
apartamento,2200000,40.0,1,1,0,bolivariana,6.246790409088135,-75.5901870727539,2,20.0,37400.24554941682,658648.6486486486,40.0,1600.0,63.936641778623724,0,0
apartamento,2700000,62.0,1,2,1,la aguacatala,6.196288585662842,-75.5771713256836,4,15.5,51442.75043487159,795490.506329114,62.0,3844.0,87.9426500640398,1,1
apartamento,3900000,67.0,2,2,1,las lomas no.1,6.209867477416992,-75.5615005493164,5,13.4,42753.43481316735,816268.3823529412,33.5,4489.0,73.08805079483885,1,1
apartamento,4400000,92.0,3,2,1,los balsos no.1,6.187380313873291,-75.56134796142578,6,15.333333333333334,48115.75526148983,871145.722446916,30.666666666666668,8464.0,82.2550697961868,1,1
apartamento,6200000,170.0,4,3,2,laureles,6.246734142303467,-75.59449768066406,9,18.88888888888889,37952.470484611345,680619.6840826245,42.5,28900.0,64.88068391909857,1,4
apartamento,3000000,79.0,3,2,1,fatima,6.2368340492248535,-75.585693359375,6,13.166666666666666,31102.18652387327,606086.9565217391,26.333333333333332,6241.0,53.16995461116248,1,1
apartamento,3700000,90.0,2,2,1,los balsos no.2,6.19355,-75.56931,5,18.0,47300.9517913736,836162.823200559,45.0,8100.0,80.86214317702954,1,1
apartamento,3800000,89.0,2,2,1,la loma de los bernal,6.217579364776611,-75.60416412353516,5,17.8,40721.08579809159,584155.2990556138,44.5,7921.0,69.61370005095546,1,1
apartamento,3350000,68.0,3,2,1,el tesoro,6.202233791351318,-75.5589370727539,6,11.333333333333334,46307.752975324685,855149.2240350179,22.666666666666668,4624.0,79.1642453160979,1,1
apartamento,8350000,105.0,2,3,2,el castillo,6.190176486968994,-75.56954193115234,7,15.0,56343.83279364145,907109.0047393364,52.5,11025.0,96.32117118059666,1,4
apartamento,2850000,70.0,2,2,1,el diamante no.2,6.182840824127197,-75.57305145263672,5,14.0,43639.65496971377,774744.3419949707,35.0,4900.0,74.60306600005285,1,1
apartamento,3150000,50.0,1,2,1,la aguacatala,6.197758674621582,-75.57624053955078,4,12.5,51442.75043487159,795490.506329114,50.0,2500.0,87.9426500640398,1,1
apartamento,3300000,70.0,3,2,1,la loma de los bernal,6.217426776885986,-75.6028823852539,6,11.666666666666666,40721.08579809159,584155.2990556138,23.333333333333332,4900.0,69.61370005095546,1,1
apartamento,5150000,110.0,3,2,2,el diamante no.2,6.183520793914795,-75.5722885131836,7,15.714285714285714,43639.65496971377,774744.3419949707,36.666666666666664,12100.0,74.60306600005285,1,4
apartamento,5400000,90.0,3,2,1,castropol,6.224611282348633,-75.56637573242188,6,15.0,48917.86962109346,739745.95924104,30.0,8100.0,83.62630406810368,1,1
apartamento,4500000,68.0,3,2,1,el tesoro,6.202233791351318,-75.5589370727539,6,11.333333333333334,46307.752975324685,855149.2240350179,22.666666666666668,4624.0,79.1642453160979,1,1
apartamento,4700000,85.0,2,2,1,castropol,6.216109752655029,-75.56694793701172,5,17.0,48917.86962109346,739745.95924104,42.5,7225.0,83.62630406810368,1,1
apartamento,4500000,60.0,1,2,1,la aguacatala,6.1971049308776855,-75.57769012451172,4,15.0,51442.75043487159,795490.506329114,60.0,3600.0,87.9426500640398,1,1
apartamento,2000000,60.0,2,2,0,fatima,6.23446798324585,-75.58444213867188,4,15.0,31102.18652387327,606086.9565217391,30.0,3600.0,53.16995461116248,0,0
apartamento,4200000,85.0,2,2,2,alejandria,6.197258949279785,-75.56877136230469,6,14.166666666666666,48842.610337435945,852482.6560951438,42.5,7225.0,83.49764646735697,1,4
casa,4200000,180.0,5,3,0,san joaquin,6.2464438,-75.58697841,8,22.5,32753.58855757907,569436.2017804154,36.0,32400.0,55.9930670990746,0,0
apartamento,3600000,136.0,3,2,1,patio bonito,6.204814434051514,-75.57466888427734,6,22.666666666666668,43819.79935642627,741195.3041622199,45.333333333333336,18496.0,74.91102727015866,1,1
apartamento,3450000,87.0,2,2,1,manila,6.214682579040527,-75.57023620605469,5,17.4,48813.76037959668,888129.4964028777,43.5,7569.0,83.44832675320535,1,1
apartamento,7000000,133.0,2,3,2,el diamante no.2,6.184181,-75.578771,7,19.0,43639.65496971377,774744.3419949707,66.5,17689.0,74.60306600005285,1,4
apartamento,3200000,70.0,3,2,1,san german,6.26869,-75.59002,6,11.666666666666666,39001.584786053885,502244.89795918367,23.333333333333332,4900.0,66.67417068077062,1,1
apartamento,5000000,95.0,2,2,1,villa carlota,6.22231,-75.5745,5,19.0,54977.83356366141,748492.5201380898,47.5,9025.0,93.98596182156422,1,1
apartamento,4700000,100.0,4,2,2,belen rincon,6.21656,-75.60638,8,12.5,42767.5585284281,568333.3333333334,25.0,10000.0,73.11219563426286,1,4
apartamento,6000000,140.0,3,2,2,campo amor,6.2120781,-75.5847437,7,20.0,41497.65990639626,782352.9411764706,46.666666666666664,19600.0,70.94127263364413,1,4
casa,5000000,128.0,3,3,1,los balsos no.1,6.19143,-75.56635,7,18.285714285714285,48115.75526148983,871145.722446916,42.666666666666664,16384.0,82.2550697961868,1,1
apartamento,1375000,39.0,1,1,0,la pilarica,6.27291,-75.5854,2,19.5,30057.95574288725,528240.7407407408,39.0,1521.0,51.38481634810215,0,0
apartamento,5500000,96.0,1,2,2,la florida,6.20286,-75.56919,5,19.2,45025.656955191065,832086.513994911,96.0,9216.0,76.97247056272704,1,4
apartamento,4800000,120.0,3,3,2,la florida,6.202531814575195,-75.56922149658203,8,15.0,45025.656955191065,832086.513994911,40.0,14400.0,76.97247056272704,1,4
apartamento,3200000,70.0,3,2,1,castropol,6.216162204742432,-75.56681823730469,6,11.666666666666666,48917.86962109346,739745.95924104,23.333333333333332,4900.0,83.62630406810368,1,1
apartamento,3100000,120.0,4,4,0,la america,6.25349127,-75.60103008,8,15.0,26048.171275646742,423188.40579710144,30.0,14400.0,44.529990949891804,0,0
apartamento,5450000,132.0,3,2,2,patio bonito,6.202436923980713,-75.57427978515625,7,18.857142857142858,43819.79935642627,741195.3041622199,44.0,17424.0,74.91102727015866,1,4
apartamento,4800000,88.0,2,2,1,el castillo,6.188240051269531,-75.56924438476562,5,17.6,56343.83279364145,907109.0047393364,44.0,7744.0,96.32117118059666,1,1
apartamento,4600000,161.0,4,3,1,la floresta,6.255422592163086,-75.60291290283203,8,20.125,27946.058091286308,552049.1803278689,40.25,25921.0,47.77447524900123,1,1
apartamento,5450000,130.0,4,3,1,patio bonito,6.206218719482422,-75.57555389404297,8,16.25,43819.79935642627,741195.3041622199,32.5,16900.0,74.91102727015866,1,1
apartamento,2000000,58.0,2,2,0,el rodeo,6.202890872955322,-75.59263610839844,4,14.5,34192.43986254295,414583.3333333333,29.0,3364.0,58.452818876282265,0,0
apartamento,4200000,110.0,3,2,2,patio bonito,6.207797050476074,-75.57550811767578,7,15.714285714285714,43819.79935642627,741195.3041622199,36.666666666666664,12100.0,74.91102727015866,1,4
apartamento,4900000,87.0,2,3,2,castropol,6.2159013748168945,-75.56682586669922,7,12.428571428571429,48917.86962109346,739745.95924104,43.5,7569.0,83.62630406810368,1,4
apartamento,5500000,94.0,3,2,2,castropol,6.215263366699219,-75.56692504882812,7,13.428571428571429,48917.86962109346,739745.95924104,31.333333333333332,8836.0,83.62630406810368,1,4
apartamento,4450000,110.0,3,2,1,castropol,6.2151780128479,-75.56688690185547,6,18.333333333333332,48917.86962109346,739745.95924104,36.666666666666664,12100.0,83.62630406810368,1,1
apartamento,4700000,180.0,3,3,1,la palma,6.22891092300415,-75.60186767578125,7,25.714285714285715,30263.43970871707,611688.3116883116,60.0,32400.0,51.73609625339456,1,1
apartamento,5000000,90.0,2,2,1,asomadera no.1,6.225736141204834,-75.56065368652344,5,18.0,48571.57944764218,665557.1635311143,45.0,8100.0,83.03431247964855,1,1
apartamento,4300000,135.0,3,3,1,santa maria de los angeles,6.1897501945495605,-75.57894134521484,7,19.285714285714285,47391.397443391514,760224.6376811594,45.0,18225.0,81.01676224887126,1,1
apartamento,6800000,126.0,3,4,0,villa carlota,6.2200488,-75.57336186,7,18.0,54977.83356366141,748492.5201380898,42.0,15876.0,93.98596182156422,0,0
apartamento,5000000,90.0,2,2,1,asomadera no.1,6.225736141204834,-75.56065368652344,5,18.0,48571.57944764218,665557.1635311143,45.0,8100.0,83.03431247964855,1,1
apartamento,4200000,98.0,3,2,2,los naranjos,6.195285797119141,-75.56262969970703,7,14.0,49565.6761295771,827000.8873114464,32.666666666666664,9604.0,84.733745264447,1,4
apartamento,6350000,113.0,3,3,2,santa maria de los angeles,6.189973831176758,-75.57920837402344,8,14.125,47391.397443391514,760224.6376811594,37.666666666666664,12769.0,81.01676224887126,1,4
apartamento,3150000,54.0,1,2,1,villa carlota,6.2182464599609375,-75.57389068603516,4,13.5,54977.83356366141,748492.5201380898,54.0,2916.0,93.98596182156422,1,1
apartamento,3700000,74.0,2,2,1,castropol,6.2158894538879395,-75.56684112548828,5,14.8,48917.86962109346,739745.95924104,37.0,5476.0,83.62630406810368,1,1
apartamento,7900000,88.0,3,2,2,castropol,6.220635414123535,-75.56852722167969,7,12.571428571428571,48917.86962109346,739745.95924104,29.333333333333332,7744.0,83.62630406810368,1,4
apartamento,2450000,60.0,3,2,0,la loma de los bernal,6.217396259307861,-75.60391998291016,5,12.0,40721.08579809159,584155.2990556138,20.0,3600.0,69.61370005095546,0,0
apartamento,5650000,140.0,3,3,2,san lucas,6.179996967315674,-75.56529998779297,8,17.5,47354.22828936933,904097.3871733967,46.666666666666664,19600.0,80.95322066375543,1,4
apartamento,4550000,68.0,1,2,1,los balsos no.1,6.186776161193848,-75.56256103515625,4,17.0,48115.75526148983,871145.722446916,68.0,4624.0,82.2550697961868,1,1
apartamento,3000000,63.0,3,2,1,san joaquin,6.247814178466797,-75.58538055419922,6,10.5,32753.58855757907,569436.2017804154,21.0,3969.0,55.9930670990746,1,1
apartamento,3400000,75.0,2,2,0,los naranjos,6.19916,-75.56268,4,18.75,49565.6761295771,827000.8873114464,37.5,5625.0,84.733745264447,0,0
apartamento,3800000,90.0,3,2,1,castropol,6.22492512,-75.56850957,6,15.0,48917.86962109346,739745.95924104,30.0,8100.0,83.62630406810368,1,1
apartamento,2300000,60.0,2,2,1,asomadera no.1,6.22546,-75.56105,5,12.0,48571.57944764218,665557.1635311143,30.0,3600.0,83.03431247964855,1,1
casa,8500000,137.0,2,3,2,campo amor,6.21102,-75.58776,7,19.571428571428573,41497.65990639626,782352.9411764706,68.5,18769.0,70.94127263364413,1,4
apartamento,3300000,90.0,2,2,1,santa maria de los angeles,6.1906459636,-75.5801515361,5,18.0,47391.397443391514,760224.6376811594,45.0,8100.0,81.01676224887126,1,1
apartamento,4500000,54.0,1,2,1,alejandria,6.199948787689209,-75.56999206542969,4,13.5,48842.610337435945,852482.6560951438,54.0,2916.0,83.49764646735697,1,1
apartamento,3150000,120.0,3,2,1,santa maria de los angeles,6.190206050872803,-75.57931518554688,6,20.0,47391.397443391514,760224.6376811594,40.0,14400.0,81.01676224887126,1,1
casa,4100000,193.0,4,1,1,las acacias,6.241321563720703,-75.60018920898438,6,32.166666666666664,34935.06493506493,672500.0,48.25,37249.0,59.7223547453697,1,1
apartamento,8000000,94.0,2,3,2,los balsos no.1,6.188110828399658,-75.55946350097656,7,13.428571428571429,48115.75526148983,871145.722446916,47.0,8836.0,82.2550697961868,1,4
apartamento,3600000,90.0,4,3,2,castropol,6.217913627624512,-75.56879425048828,9,10.0,48917.86962109346,739745.95924104,22.5,8100.0,83.62630406810368,1,4
apartamento,5600000,56.0,1,2,1,alejandria,6.198453426361084,-75.56916046142578,4,14.0,48842.610337435945,852482.6560951438,56.0,3136.0,83.49764646735697,1,1
apartamento,2700000,44.0,1,1,1,altos del poblado,6.215210437774658,-75.5547866821289,3,14.666666666666666,58495.7928802589,930019.3704600484,44.0,1936.0,100.0,1,1
apartamento,3200000,84.0,3,2,1,rosales,6.235542297363281,-75.5903091430664,6,14.0,31678.50652568974,626633.9869281045,28.0,7056.0,54.15518786203267,1,1
apartamento,5400000,170.0,3,4,1,las acacias,6.239671230316162,-75.59888458251953,8,21.25,34935.06493506493,672500.0,56.666666666666664,28900.0,59.7223547453697,1,1
apartamento,3000000,77.0,3,2,1,la loma de los bernal,6.217579364776611,-75.60416412353516,6,12.833333333333334,40721.08579809159,584155.2990556138,25.666666666666668,5929.0,69.61370005095546,1,1
apartamento,5700000,88.0,3,2,2,castropol,6.215414524078369,-75.56713104248047,7,12.571428571428571,48917.86962109346,739745.95924104,29.333333333333332,7744.0,83.62630406810368,1,4
apartamento,2200000,116.0,3,2,0,las mercedes,6.235669136047363,-75.60894775390625,5,23.2,27118.64406779661,448000.0,38.666666666666664,13456.0,46.35999057796955,0,0
apartamento,5300000,104.0,3,3,2,castropol,6.215414524078369,-75.56713104248047,8,13.0,48917.86962109346,739745.95924104,34.666666666666664,10816.0,83.62630406810368,1,4
apartamento,3400000,64.2,2,2,1,las palmas,6.221620559692383,-75.5594711303711,5,12.84,44135.83717530642,781094.527363184,32.1,4121.64,75.45130171267638,1,1
apartamento,2700000,100.0,3,2,1,el diamante no.2,6.184037685394287,-75.57131958007812,6,16.666666666666668,43639.65496971377,774744.3419949707,33.333333333333336,10000.0,74.60306600005285,1,1
apartamento,3750000,76.0,2,2,1,santa maria de los angeles,6.190048694610596,-75.5792007446289,5,15.2,47391.397443391514,760224.6376811594,38.0,5776.0,81.01676224887126,1,1
apartamento,9300000,160.0,3,4,2,alejandria,6.201002597808838,-75.56573486328125,9,17.77777777777778,48842.610337435945,852482.6560951438,53.333333333333336,25600.0,83.49764646735697,1,4
apartamento,3950000,90.0,2,2,1,el diamante no.2,6.185731410980225,-75.5705795288086,5,18.0,43639.65496971377,774744.3419949707,45.0,8100.0,74.60306600005285,1,1
casa,3900000,101.0,3,3,1,bolivariana,6.24763617,-75.5924137,7,14.428571428571429,37400.24554941682,658648.6486486486,33.666666666666664,10201.0,63.936641778623724,1,1
apartamento,6200000,120.0,3,1,1,castropol,6.221885,-75.567645,5,24.0,48917.86962109346,739745.95924104,40.0,14400.0,83.62630406810368,1,1
apartamento,2600000,70.0,3,2,1,la loma de los bernal,6.21564,-75.60135,6,11.666666666666666,40721.08579809159,584155.2990556138,23.333333333333332,4900.0,69.61370005095546,1,1
apartamento,5500000,110.0,3,3,2,santa maria de los angeles,6.19231,-75.57796,8,13.75,47391.397443391514,760224.6376811594,36.666666666666664,12100.0,81.01676224887126,1,4
casa,4500000,130.0,4,4,1,la loma de los bernal,6.21616,-75.60043,9,14.444444444444445,40721.08579809159,584155.2990556138,32.5,16900.0,69.61370005095546,1,1
apartamento,3650000,68.0,2,2,1,san diego,6.23032283782959,-75.56851196289062,5,13.6,47227.322103995706,654899.8185117968,34.0,4624.0,80.73627141129654,1,1
apartamento,5350000,60.0,1,2,1,el diamante no.2,6.18894624710083,-75.57596588134766,4,15.0,43639.65496971377,774744.3419949707,60.0,3600.0,74.60306600005285,1,1
apartamento,3100000,100.0,3,2,1,san diego,6.232210159301758,-75.56774139404297,6,16.666666666666668,47227.322103995706,654899.8185117968,33.333333333333336,10000.0,80.73627141129654,1,1
apartamento,3900000,78.0,3,2,2,asomadera no.1,6.225736141204834,-75.56065368652344,7,11.142857142857142,48571.57944764218,665557.1635311143,26.0,6084.0,83.03431247964855,1,4
apartamento,7200000,147.0,2,2,2,alejandria,6.200037002563477,-75.5701904296875,6,24.5,48842.610337435945,852482.6560951438,73.5,21609.0,83.49764646735697,1,4
apartamento,4300000,82.0,3,2,1,castropol,6.216371059417725,-75.56813049316406,6,13.666666666666666,48917.86962109346,739745.95924104,27.333333333333332,6724.0,83.62630406810368,1,1
apartamento,3500000,87.0,3,2,1,villa carlota,6.2224297523498535,-75.57136535644531,6,14.5,54977.83356366141,748492.5201380898,29.0,7569.0,93.98596182156422,1,1
apartamento,3650000,50.0,2,2,1,castropol,6.215433597564697,-75.56688690185547,5,10.0,48917.86962109346,739745.95924104,25.0,2500.0,83.62630406810368,1,1
apartamento,3150000,47.0,1,2,1,villa carlota,6.220837593078613,-75.57351684570312,4,11.75,54977.83356366141,748492.5201380898,47.0,2209.0,93.98596182156422,1,1
apartamento,4250000,80.0,2,3,2,el tesoro,6.203715801239014,-75.56087493896484,7,11.428571428571429,46307.752975324685,855149.2240350179,40.0,6400.0,79.1642453160979,1,4
apartamento,4000000,54.0,1,2,1,alejandria,6.199517726898193,-75.56962585449219,4,13.5,48842.610337435945,852482.6560951438,54.0,2916.0,83.49764646735697,1,1
apartamento,3900000,45.0,1,1,1,la florida,6.205730438232422,-75.56404113769531,3,15.0,45025.656955191065,832086.513994911,45.0,2025.0,76.97247056272704,1,1
apartamento,3750000,87.0,3,2,1,villa carlota,6.2224297523498535,-75.57136535644531,6,14.5,54977.83356366141,748492.5201380898,29.0,7569.0,93.98596182156422,1,1
apartamento,3400000,65.0,3,2,1,villa carlota,6.22196,-75.5735,6,10.833333333333334,54977.83356366141,748492.5201380898,21.666666666666668,4225.0,93.98596182156422,1,1
apartamento,4300000,110.0,3,2,1,castropol,6.216109752655029,-75.56694793701172,6,18.333333333333332,48917.86962109346,739745.95924104,36.666666666666664,12100.0,83.62630406810368,1,1
apartamento,2950000,180.0,4,2,0,florida nueva,6.252467632293701,-75.58975219726562,6,30.0,34915.907498248074,668791.9463087248,45.0,32400.0,59.68960463485137,0,0
apartamento,7300000,150.0,2,3,2,san lucas,6.183509826660156,-75.568359375,7,21.428571428571427,47354.22828936933,904097.3871733967,75.0,22500.0,80.95322066375543,1,4
apartamento,3550000,77.0,3,2,1,villa carlota,6.220084190368652,-75.57284545898438,6,12.833333333333334,54977.83356366141,748492.5201380898,25.666666666666668,5929.0,93.98596182156422,1,1
apartamento,5200000,98.0,2,2,1,castropol,6.2158894538879395,-75.56684112548828,5,19.6,48917.86962109346,739745.95924104,49.0,9604.0,83.62630406810368,1,1
apartamento,6800000,69.0,3,2,1,altos del poblado,6.215947151184082,-75.5541000366211,6,11.5,58495.7928802589,930019.3704600484,23.0,4761.0,100.0,1,1
apartamento,4500000,124.0,3,3,2,los balsos no.2,6.1968255043029785,-75.571044921875,8,15.5,47300.9517913736,836162.823200559,41.333333333333336,15376.0,80.86214317702954,1,4
apartamento,4700000,67.0,1,2,2,la florida,6.205695152282715,-75.56403350830078,5,13.4,45025.656955191065,832086.513994911,67.0,4489.0,76.97247056272704,1,4
apartamento,5500000,195.0,3,5,2,castropol,6.21492,-75.5693,10,19.5,48917.86962109346,739745.95924104,65.0,38025.0,83.62630406810368,1,4
apartamento,4400000,72.0,2,2,1,el diamante no.2,6.1888694,-75.5769816,5,14.4,43639.65496971377,774744.3419949707,36.0,5184.0,74.60306600005285,1,1
apartamento,3500000,80.0,2,2,1,la aguacatala,6.1938018798828125,-75.57681274414062,5,16.0,51442.75043487159,795490.506329114,40.0,6400.0,87.9426500640398,1,1
apartamento,6500000,95.0,2,3,2,villa carlota,6.2177397,-75.5701309,7,13.571428571428571,54977.83356366141,748492.5201380898,47.5,9025.0,93.98596182156422,1,4
apartamento,6500000,85.0,3,2,1,castropol,6.21993604,-75.56747038,6,14.166666666666666,48917.86962109346,739745.95924104,28.333333333333332,7225.0,83.62630406810368,1,1
apartamento,4500000,112.0,3,3,1,castropol,6.219092,-75.567757,7,16.0,48917.86962109346,739745.95924104,37.333333333333336,12544.0,83.62630406810368,1,1
apartamento,4900000,130.0,3,2,2,el tesoro,6.20307,-75.55878,7,18.571428571428573,46307.752975324685,855149.2240350179,43.333333333333336,16900.0,79.1642453160979,1,4
apartamento,5350000,105.0,3,3,2,villa carlota,6.221945762634277,-75.57394409179688,8,13.125,54977.83356366141,748492.5201380898,35.0,11025.0,93.98596182156422,1,4
apartamento,4500000,111.0,3,3,2,laureles,6.241083145141602,-75.5936508178711,8,13.875,37952.470484611345,680619.6840826245,37.0,12321.0,64.88068391909857,1,4
apartamento,4750000,117.0,3,3,1,los balsos no.2,6.19558048248291,-75.56987762451172,7,16.714285714285715,47300.9517913736,836162.823200559,39.0,13689.0,80.86214317702954,1,1
apartamento,2750000,51.0,1,2,1,la aguacatala,6.19705057144165,-75.57860565185547,4,12.75,51442.75043487159,795490.506329114,51.0,2601.0,87.9426500640398,1,1
apartamento,6200000,68.0,2,2,1,asomadera no.1,6.22565221786499,-75.56111907958984,5,13.6,48571.57944764218,665557.1635311143,34.0,4624.0,83.03431247964855,1,1
apartamento,3800000,70.0,2,2,1,el tesoro,6.202657699584961,-75.55547332763672,5,14.0,46307.752975324685,855149.2240350179,35.0,4900.0,79.1642453160979,1,1
apartamento,5800000,76.0,2,2,2,alejandria,6.199336051940918,-75.57052612304688,6,12.666666666666666,48842.610337435945,852482.6560951438,38.0,5776.0,83.49764646735697,1,4
apartamento,3700000,107.0,2,2,2,la florida,6.201542377471924,-75.56719970703125,6,17.833333333333332,45025.656955191065,832086.513994911,53.5,11449.0,76.97247056272704,1,4
apartamento,2500000,110.0,3,2,0,lorena,6.24834,-75.59328,5,22.0,35721.295387634935,652329.7491039427,36.666666666666664,12100.0,61.06643508663359,0,0
apartamento,5350000,90.0,2,2,1,el castillo,6.191030025482178,-75.5727310180664,5,18.0,56343.83279364145,907109.0047393364,45.0,8100.0,96.32117118059666,1,1
apartamento,3350000,41.0,1,1,1,villa carlota,6.220139980316162,-75.5752944946289,3,13.666666666666666,54977.83356366141,748492.5201380898,41.0,1681.0,93.98596182156422,1,1
apartamento,3150000,44.0,1,2,1,villa carlota,6.220139980316162,-75.5752944946289,4,11.0,54977.83356366141,748492.5201380898,44.0,1936.0,93.98596182156422,1,1
apartamento,3300000,68.0,3,2,1,santa fe,6.221652984619141,-75.58031463623047,6,11.333333333333334,48109.58350181965,701917.4041297935,22.666666666666668,4624.0,82.24451902088094,1,1
apartamento,2500000,50.0,1,2,1,los conquistadores,6.242354869842529,-75.5815200805664,4,12.5,30995.98034836981,625225.2252252252,50.0,2500.0,52.98839253588492,1,1
apartamento,5450000,95.0,3,2,2,las palmas,6.24085,-75.56428,7,13.571428571428571,44135.83717530642,781094.527363184,31.666666666666668,9025.0,75.45130171267638,1,4
apartamento,5600000,100.0,2,3,2,patio bonito,6.2017810448,-75.5735950975,7,14.285714285714286,43819.79935642627,741195.3041622199,50.0,10000.0,74.91102727015866,1,4
apartamento,3900000,67.0,1,1,1,altos del poblado,6.21524,-75.55278,3,22.333333333333332,58495.7928802589,930019.3704600484,67.0,4489.0,100.0,1,1
apartamento,6200000,116.0,3,3,1,el poblado,6.2095,-75.56583,7,16.571428571428573,51331.92389006342,930592.3344947735,38.666666666666664,13456.0,87.7531893535319,1,1
apartamento,6300000,121.0,3,4,2,el tesoro,6.20609,-75.55915,9,13.444444444444445,46307.752975324685,855149.2240350179,40.333333333333336,14641.0,79.1642453160979,1,4
apartamento,8500000,115.0,3,3,1,castropol,6.22112,-75.5689,7,16.428571428571427,48917.86962109346,739745.95924104,38.333333333333336,13225.0,83.62630406810368,1,1
apartamento,1684000,80.0,3,2,0,santa teresita,6.24441,-75.6091,5,16.0,26323.37946103423,520028.77697841724,26.666666666666668,6400.0,45.00046612739874,0,0
apartamento,7200000,74.0,2,3,1,el tesoro,6.200394630432129,-75.56404113769531,6,12.333333333333334,46307.752975324685,855149.2240350179,37.0,5476.0,79.1642453160979,1,1
apartamento,3800000,67.0,2,2,1,santa maria de los angeles,6.190030097961426,-75.57933044433594,5,13.4,47391.397443391514,760224.6376811594,33.5,4489.0,81.01676224887126,1,1
apartamento,7000000,184.0,3,4,2,el tesoro,6.203347682952881,-75.55573272705078,9,20.444444444444443,46307.752975324685,855149.2240350179,61.333333333333336,33856.0,79.1642453160979,1,4
apartamento,3450000,117.0,3,2,1,la mota,6.210224151611328,-75.59847259521484,6,19.5,31054.252952250557,508263.3053221289,39.0,13689.0,53.08801098878807,1,1
apartamento,3800000,60.0,1,2,1,los naranjos,6.193803310394287,-75.56220245361328,4,15.0,49565.6761295771,827000.8873114464,60.0,3600.0,84.733745264447,1,1
apartamento,3600000,62.0,1,2,1,los naranjos,6.1956586837768555,-75.56539916992188,4,15.5,49565.6761295771,827000.8873114464,62.0,3844.0,84.733745264447,1,1
apartamento,3300000,77.0,3,2,1,calasanz parte alta,6.26498461,-75.60355578,6,12.833333333333334,33556.33802816901,458173.07692307694,25.666666666666668,5929.0,57.36538710887971,1,1
apartamento,4100000,64.0,2,2,1,altos del poblado,6.215419769287109,-75.55437469482422,5,12.8,58495.7928802589,930019.3704600484,32.0,4096.0,100.0,1,1
apartamento,2200000,55.0,3,2,0,la hondonada,6.202690601348877,-75.6006851196289,5,11.0,35058.243727598565,399234.693877551,18.333333333333332,3025.0,59.93293192787884,0,0
apartamento,3600000,82.0,2,2,1,castropol,6.2158894538879395,-75.56684112548828,5,16.4,48917.86962109346,739745.95924104,41.0,6724.0,83.62630406810368,1,1
apartamento,3650000,72.0,3,2,2,villa carlota,6.217248916625977,-75.57366180419922,7,10.285714285714286,54977.83356366141,748492.5201380898,24.0,5184.0,93.98596182156422,1,4
apartamento,3000000,48.0,2,1,1,santa maria de los angeles,6.188915729522705,-75.58100891113281,4,12.0,47391.397443391514,760224.6376811594,24.0,2304.0,81.01676224887126,1,1
apartamento,3600000,80.0,3,2,2,asomadera no.2,6.223054885864258,-75.55982208251953,7,11.428571428571429,51821.74887892377,772562.6740947075,26.666666666666668,6400.0,88.59055724742987,1,4
apartamento,3100000,60.0,3,2,1,castropol,6.223476409912109,-75.56771850585938,6,10.0,48917.86962109346,739745.95924104,20.0,3600.0,83.62630406810368,1,1
apartamento,3250000,80.0,3,2,1,la loma de los bernal,6.2199249267578125,-75.6017074584961,6,13.333333333333334,40721.08579809159,584155.2990556138,26.666666666666668,6400.0,69.61370005095546,1,1
apartamento,4250000,87.0,2,2,1,alejandria,6.197258949279785,-75.56924438476562,5,17.4,48842.610337435945,852482.6560951438,43.5,7569.0,83.49764646735697,1,1
apartamento,9250000,138.0,3,4,2,altos del poblado,6.214715480804443,-75.55484008789062,9,15.333333333333334,58495.7928802589,930019.3704600484,46.0,19044.0,100.0,1,4
apartamento,5500000,58.0,1,2,1,san lucas,6.1854929438,-75.5686066451,4,14.5,47354.22828936933,904097.3871733967,58.0,3364.0,80.95322066375543,1,1
apartamento,3000000,69.0,2,2,1,los colores,6.266347408294678,-75.5921859741211,5,13.8,34639.764996907856,599064.1711229946,34.5,4761.0,59.21753222118996,1,1
apartamento,4350000,62.0,1,2,1,los balsos no.2,6.1963605880737305,-75.56656646728516,4,15.5,47300.9517913736,836162.823200559,62.0,3844.0,80.86214317702954,1,1
apartamento,4800000,120.0,3,2,1,los conquistadores,6.245091,-75.5820914,6,20.0,30995.98034836981,625225.2252252252,40.0,14400.0,52.98839253588492,1,1
apartamento,4000000,90.0,3,2,1,asomadera no.1,6.22761,-75.56479,6,15.0,48571.57944764218,665557.1635311143,30.0,8100.0,83.03431247964855,1,1
apartamento,5800000,150.0,3,4,0,santa maria de los angeles,6.19161,-75.57919,7,21.428571428571427,47391.397443391514,760224.6376811594,50.0,22500.0,81.01676224887126,0,0
apartamento,3700000,83.0,3,2,1,ferrini,6.268336296081543,-75.59774780273438,6,13.833333333333334,34752.10477081384,530714.2857142857,27.666666666666668,6889.0,59.40957983414555,1,1
apartamento,4500000,65.0,2,2,1,castropol,6.220853328704834,-75.56859588623047,5,13.0,48917.86962109346,739745.95924104,32.5,4225.0,83.62630406810368,1,1
apartamento,9500000,170.0,3,3,2,los balsos no.2,6.19779,-75.57058,8,21.25,47300.9517913736,836162.823200559,56.666666666666664,28900.0,80.86214317702954,1,4
apartamento,4500000,50.0,1,2,1,la aguacatala,6.197415351867676,-75.5775375366211,4,12.5,51442.75043487159,795490.506329114,50.0,2500.0,87.9426500640398,1,1
apartamento,3450000,66.0,1,2,1,santa maria de los angeles,6.189664840698242,-75.57936096191406,4,16.5,47391.397443391514,760224.6376811594,66.0,4356.0,81.01676224887126,1,1
apartamento,3600000,70.0,1,2,1,el tesoro,6.202227592468262,-75.55608367919922,4,17.5,46307.752975324685,855149.2240350179,70.0,4900.0,79.1642453160979,1,1
apartamento,6800000,180.0,3,3,2,los balsos no.1,6.186635494232178,-75.55976104736328,8,22.5,48115.75526148983,871145.722446916,60.0,32400.0,82.2550697961868,1,4
apartamento,5650000,94.0,3,2,1,la florida,6.204941272735596,-75.56122589111328,6,15.666666666666666,45025.656955191065,832086.513994911,31.333333333333332,8836.0,76.97247056272704,1,1
apartamento,3300000,69.0,3,2,1,villa carlota,6.219998836517334,-75.57205963134766,6,11.5,54977.83356366141,748492.5201380898,23.0,4761.0,93.98596182156422,1,1
apartamento,2750000,57.0,1,2,1,los balsos no.1,6.186973571777344,-75.56109619140625,4,14.25,48115.75526148983,871145.722446916,57.0,3249.0,82.2550697961868,1,1
apartamento,4200000,85.0,2,2,1,el tesoro,6.204051494598389,-75.55583953857422,5,17.0,46307.752975324685,855149.2240350179,42.5,7225.0,79.1642453160979,1,1
apartamento,5150000,87.0,2,2,2,villa carlota,6.219742774963379,-75.57353210449219,6,14.5,54977.83356366141,748492.5201380898,43.5,7569.0,93.98596182156422,1,4
apartamento,4700000,105.0,2,2,2,alejandria,6.198705196380615,-75.5702896118164,6,17.5,48842.610337435945,852482.6560951438,52.5,11025.0,83.49764646735697,1,4
apartamento,3650000,69.0,3,2,1,santa fe,6.2201457023620605,-75.58184814453125,6,11.5,48109.58350181965,701917.4041297935,23.0,4761.0,82.24451902088094,1,1
apartamento,2600000,97.0,3,1,1,barrio cristobal,6.248206615447998,-75.60765838623047,5,19.4,27092.70927092709,578846.1538461539,32.333333333333336,9409.0,46.315654403361904,1,1
apartamento,2900000,84.0,4,2,1,granada,6.2302,-75.59178,7,12.0,26254.6468401487,553921.568627451,21.0,7056.0,44.88296601755968,1,1
apartamento,2500000,60.0,2,2,1,barrio colon,6.23885,-75.57024,5,12.0,36382.97872340425,534375.0,30.0,3600.0,62.19759906132111,1,1
apartamento,9500000,121.0,2,3,1,lalinde,6.2130149,-75.568004,6,20.166666666666668,53427.21397778484,890320.987654321,60.5,14641.0,91.33513941276176,1,1
apartamento,4000000,165.0,4,2,1,suramericana,6.255346,-75.584433,7,23.571428571428573,26951.114922813034,661578.947368421,41.25,27225.0,46.07359537459739,1,1
apartamento,3600000,90.0,3,3,1,asomadera no.1,6.22761,-75.56479,7,12.857142857142858,48571.57944764218,665557.1635311143,30.0,8100.0,83.03431247964855,1,1
apartamento,4000000,94.0,2,2,1,los balsos no.2,6.1934,-75.56921,5,18.8,47300.9517913736,836162.823200559,47.0,8836.0,80.86214317702954,1,1
apartamento,2000000,54.0,2,2,0,bosques de san pablo,6.2757361,-75.5808274,4,13.5,36040.609137055835,473333.3333333333,27.0,2916.0,61.61230981317083,0,0
apartamento,2650000,45.0,1,2,1,villa carlota,6.217248916625977,-75.57366180419922,4,11.25,54977.83356366141,748492.5201380898,45.0,2025.0,93.98596182156422,1,1
apartamento,3000000,48.0,1,2,1,villa carlota,6.22439432144165,-75.57479095458984,4,12.0,54977.83356366141,748492.5201380898,48.0,2304.0,93.98596182156422,1,1
apartamento,4000000,67.0,2,2,1,castropol,6.2184062004089355,-75.56947326660156,5,13.4,48917.86962109346,739745.95924104,33.5,4489.0,83.62630406810368,1,1
apartamento,2850000,72.0,2,2,0,belen,6.235101699829102,-75.59541320800781,4,18.0,34214.434214434215,771428.5714285715,36.0,5184.0,58.49041876305752,0,0
apartamento,3600000,58.0,1,2,1,lalinde,6.211738109588623,-75.56491088867188,4,14.5,53427.21397778484,890320.987654321,58.0,3364.0,91.33513941276176,1,1
apartamento,7200000,110.0,3,2,1,la florida,6.204973220825195,-75.5646743774414,6,18.333333333333332,45025.656955191065,832086.513994911,36.666666666666664,12100.0,76.97247056272704,1,1
apartamento,3650000,50.0,1,2,1,la aguacatala,6.19848108291626,-75.57418823242188,4,12.5,51442.75043487159,795490.506329114,50.0,2500.0,87.9426500640398,1,1
apartamento,3450000,50.0,1,2,1,villa carlota,6.22007942199707,-75.5753173828125,4,12.5,54977.83356366141,748492.5201380898,50.0,2500.0,93.98596182156422,1,1
apartamento,3650000,62.0,1,2,1,alejandria,6.1985764503479,-75.57109069824219,4,15.5,48842.610337435945,852482.6560951438,62.0,3844.0,83.49764646735697,1,1
apartamento,3450000,80.0,3,2,1,santa maria de los angeles,6.189074993133545,-75.57984924316406,6,13.333333333333334,47391.397443391514,760224.6376811594,26.666666666666668,6400.0,81.01676224887126,1,1
apartamento,2400000,35.0,1,1,1,los conquistadores,6.243899345397949,-75.58219909667969,3,11.666666666666666,30995.98034836981,625225.2252252252,35.0,1225.0,52.98839253588492,1,1
apartamento,4700000,110.0,3,2,1,la florida,6.204973220825195,-75.5646743774414,6,18.333333333333332,45025.656955191065,832086.513994911,36.666666666666664,12100.0,76.97247056272704,1,1
apartamento,7600000,75.0,2,2,1,el diamante no.2,6.189174652099609,-75.57585906982422,5,15.0,43639.65496971377,774744.3419949707,37.5,5625.0,74.60306600005285,1,1
apartamento,2100000,57.0,3,2,1,la hondonada,6.202930450439453,-75.59960174560547,6,9.5,35058.243727598565,399234.693877551,19.0,3249.0,59.93293192787884,1,1
apartamento,5700000,80.0,3,5,0,san diego,6.2332729,-75.5691172,8,10.0,47227.322103995706,654899.8185117968,26.666666666666668,6400.0,80.73627141129654,0,0
apartamento,9000000,89.0,2,2,1,altos del poblado,6.2141882,-75.556233,5,17.8,58495.7928802589,930019.3704600484,44.5,7921.0,100.0,1,1
apartamento,4500000,75.0,2,2,1,santa maria de los angeles,6.19173419,-75.57928873,5,15.0,47391.397443391514,760224.6376811594,37.5,5625.0,81.01676224887126,1,1
apartamento,3600000,70.0,2,2,1,lalinde,6.21159,-75.5654,5,14.0,53427.21397778484,890320.987654321,35.0,4900.0,91.33513941276176,1,1
apartamento,4200000,98.0,3,2,2,asomadera no.1,6.2269304127,-75.5639254031,7,14.0,48571.57944764218,665557.1635311143,32.666666666666664,9604.0,83.03431247964855,1,4
apartamento,4300000,40.0,1,1,1,la aguacatala,6.196191787719727,-75.57723999023438,3,13.333333333333334,51442.75043487159,795490.506329114,40.0,1600.0,87.9426500640398,1,1
apartamento,2250000,41.0,1,1,1,lorena,6.247535705566406,-75.5995864868164,3,13.666666666666666,35721.295387634935,652329.7491039427,41.0,1681.0,61.06643508663359,1,1
apartamento,3000000,44.0,1,2,1,lalinde,6.2119059562683105,-75.5663833618164,4,11.0,53427.21397778484,890320.987654321,44.0,1936.0,91.33513941276176,1,1
apartamento,3200000,60.0,2,2,1,la florida,6.2027201652526855,-75.56710052490234,5,12.0,45025.656955191065,832086.513994911,30.0,3600.0,76.97247056272704,1,1
apartamento,3000000,85.0,3,2,1,los conquistadores,6.241062641143799,-75.58300018310547,6,14.166666666666666,30995.98034836981,625225.2252252252,28.333333333333332,7225.0,52.98839253588492,1,1
apartamento,3700000,63.0,1,2,2,los balsos no.2,6.196844577789307,-75.56871795654297,5,12.6,47300.9517913736,836162.823200559,63.0,3969.0,80.86214317702954,1,4
apartamento,4450000,70.0,2,2,1,el diamante no.2,6.1841912269592285,-75.57122802734375,5,14.0,43639.65496971377,774744.3419949707,35.0,4900.0,74.60306600005285,1,1
apartamento,3550000,65.0,2,2,1,santa maria de los angeles,6.1889872550964355,-75.5788803100586,5,13.0,47391.397443391514,760224.6376811594,32.5,4225.0,81.01676224887126,1,1
apartamento,3600000,60.0,2,2,1,villa carlota,6.218651294708252,-75.57051086425781,5,12.0,54977.83356366141,748492.5201380898,30.0,3600.0,93.98596182156422,1,1
apartamento,2850000,79.0,3,2,1,san german,6.2708121,-75.58686672,6,13.166666666666666,39001.584786053885,502244.89795918367,26.333333333333332,6241.0,66.67417068077062,1,1
apartamento,2650000,58.0,1,1,1,santa fe,6.222962856292725,-75.5811538696289,3,19.333333333333332,48109.58350181965,701917.4041297935,58.0,3364.0,82.24451902088094,1,1
apartamento,3600000,120.0,3,2,2,laureles,6.246165752410889,-75.59405517578125,7,17.142857142857142,37952.470484611345,680619.6840826245,40.0,14400.0,64.88068391909857,1,4
apartamento,2400000,60.0,3,2,0,la loma de los bernal,6.217823028564453,-75.60353088378906,5,12.0,40721.08579809159,584155.2990556138,20.0,3600.0,69.61370005095546,0,0
apartamento,4100000,79.0,2,2,1,villa carlota,6.2183332443237305,-75.57276153564453,5,15.8,54977.83356366141,748492.5201380898,39.5,6241.0,93.98596182156422,1,1
apartamento,3500000,97.0,3,3,2,los naranjos,6.195285797119141,-75.56262969970703,8,12.125,49565.6761295771,827000.8873114464,32.333333333333336,9409.0,84.733745264447,1,4
apartamento,3700000,130.0,3,2,1,las acacias,6.24091100692749,-75.60118865966797,6,21.666666666666668,34935.06493506493,672500.0,43.333333333333336,16900.0,59.7223547453697,1,1
apartamento,7600000,148.0,3,2,1,altos del poblado,6.216899871826172,-75.55632781982422,6,24.666666666666668,58495.7928802589,930019.3704600484,49.333333333333336,21904.0,100.0,1,1
apartamento,2900000,90.0,2,2,1,rosales,6.236560344696045,-75.59469604492188,5,18.0,31678.50652568974,626633.9869281045,45.0,8100.0,54.15518786203267,1,1
apartamento,4150000,60.0,1,2,1,los naranjos,6.19466495513916,-75.56161499023438,4,15.0,49565.6761295771,827000.8873114464,60.0,3600.0,84.733745264447,1,1
apartamento,3900000,90.0,3,2,2,el tesoro,6.204034,-75.555486,7,12.857142857142858,46307.752975324685,855149.2240350179,30.0,8100.0,79.1642453160979,1,4
apartamento,3100000,85.0,3,2,1,altos del poblado,6.21472,-75.55484,6,14.166666666666666,58495.7928802589,930019.3704600484,28.333333333333332,7225.0,100.0,1,1
casa,7500000,300.0,5,2,2,los colores,6.26906,-75.59443,9,33.333333333333336,34639.764996907856,599064.1711229946,60.0,90000.0,59.21753222118996,1,4
apartamento,6300000,92.51,2,3,2,los balsos no.2,6.19503,-75.57245,7,13.215714285714286,47300.9517913736,836162.823200559,46.255,8558.100100000001,80.86214317702954,1,4
apartamento,8300000,89.0,3,3,2,los naranjos,6.193474292755127,-75.55982971191406,8,11.125,49565.6761295771,827000.8873114464,29.666666666666668,7921.0,84.733745264447,1,4
apartamento,3550000,60.0,1,1,1,la aguacatala,6.1990509033203125,-75.57769775390625,3,20.0,51442.75043487159,795490.506329114,60.0,3600.0,87.9426500640398,1,1
apartamento,3500000,86.0,3,2,1,castropol,6.218486785888672,-75.56706237792969,6,14.333333333333334,48917.86962109346,739745.95924104,28.666666666666668,7396.0,83.62630406810368,1,1
apartamento,4800000,100.0,2,2,1,el tesoro,6.2064528465271,-75.55963897705078,5,20.0,46307.752975324685,855149.2240350179,50.0,10000.0,79.1642453160979,1,1
apartamento,5700000,107.0,2,3,1,la aguacatala,6.198534965515137,-75.57560729980469,6,17.833333333333332,51442.75043487159,795490.506329114,53.5,11449.0,87.9426500640398,1,1
casa,1750000,85.0,2,2,0,el rincon,6.210911273956299,-75.60379028320312,4,21.25,35361.216730038024,498214.28571428574,42.5,7225.0,60.45087174461001,0,0
apartamento,3850000,75.0,2,2,1,santa fe,6.221959590911865,-75.58143615722656,5,15.0,48109.58350181965,701917.4041297935,37.5,5625.0,82.24451902088094,1,1
apartamento,4900000,90.0,3,2,1,asomadera no.1,6.225736141204834,-75.56065368652344,6,15.0,48571.57944764218,665557.1635311143,30.0,8100.0,83.03431247964855,1,1
apartamento,4900000,90.0,3,2,1,asomadera no.1,6.225736141204834,-75.56065368652344,6,15.0,48571.57944764218,665557.1635311143,30.0,8100.0,83.03431247964855,1,1
apartamento,3700000,80.0,2,2,1,los balsos no.2,6.193545818328857,-75.5693359375,5,16.0,47300.9517913736,836162.823200559,40.0,6400.0,80.86214317702954,1,1
apartamento,4950000,110.0,3,3,1,castropol,6.216109752655029,-75.56694793701172,7,15.714285714285714,48917.86962109346,739745.95924104,36.666666666666664,12100.0,83.62630406810368,1,1
apartamento,4400000,94.0,2,2,2,castropol,6.224766254425049,-75.56730651855469,6,15.666666666666666,48917.86962109346,739745.95924104,47.0,8836.0,83.62630406810368,1,4
apartamento,4950000,136.0,3,4,2,patio bonito,6.2071685791015625,-75.57421112060547,9,15.11111111111111,43819.79935642627,741195.3041622199,45.333333333333336,18496.0,74.91102727015866,1,4
apartamento,7400000,150.0,3,4,1,asomadera no.2,6.2174391746521,-75.56018829345703,8,18.75,51821.74887892377,772562.6740947075,50.0,22500.0,88.59055724742987,1,1
apartamento,3200000,60.0,2,2,1,el tesoro,6.200394630432129,-75.56404113769531,5,12.0,46307.752975324685,855149.2240350179,30.0,3600.0,79.1642453160979,1,1
apartamento,2700000,80.0,2,2,1,suramericana,6.255375385284424,-75.58442687988281,5,16.0,26951.114922813034,661578.947368421,40.0,6400.0,46.07359537459739,1,1
casa,4350000,100.0,4,3,3,la mota,6.209763526916504,-75.59870910644531,10,10.0,31054.252952250557,508263.3053221289,25.0,10000.0,53.08801098878807,1,9
apartamento,5000000,90.0,3,2,2,el castillo,6.189358234405518,-75.56795501708984,7,12.857142857142858,56343.83279364145,907109.0047393364,30.0,8100.0,96.32117118059666,1,4
apartamento,6400000,85.0,2,2,1,patio bonito,6.2059645652771,-75.57164764404297,5,17.0,43819.79935642627,741195.3041622199,42.5,7225.0,74.91102727015866,1,1
apartamento,4500000,45.0,1,2,1,lalinde,6.212890625,-75.56771850585938,4,11.25,53427.21397778484,890320.987654321,45.0,2025.0,91.33513941276176,1,1
casa,9000000,10220.0,5,2,0,sucre,6.245563,-75.5540448,7,1460.0,1213.733075435203,836666.6666666666,2044.0,104448400.0,2.0749066140871344,0,0
apartamento,3000000,160.0,4,2,0,calasanz,6.26389,-75.59907,6,26.666666666666668,32548.10882548109,537043.795620438,40.0,25600.0,55.64179443145114,0,0
apartamento,3300000,63.0,2,2,1,asomadera no.1,6.22546,-75.56105,5,12.6,48571.57944764218,665557.1635311143,31.5,3969.0,83.03431247964855,1,1
apartamento,3600000,70.0,3,2,1,santa fe,6.22196,-75.57797,6,11.666666666666666,48109.58350181965,701917.4041297935,23.333333333333332,4900.0,82.24451902088094,1,1
apartamento,6200000,100.0,3,2,1,el rincon,6.2140144159,-75.6034372438,6,16.666666666666668,35361.216730038024,498214.28571428574,33.333333333333336,10000.0,60.45087174461001,1,1
apartamento,6500000,99.1,2,3,2,el tesoro,6.20472,-75.55494,7,14.157142857142857,46307.752975324685,855149.2240350179,49.55,9820.81,79.1642453160979,1,4
apartamento,5100000,82.0,1,2,1,el tesoro,6.205621242523193,-75.55555725097656,4,20.5,46307.752975324685,855149.2240350179,82.0,6724.0,79.1642453160979,1,1
apartamento,3450000,80.0,2,2,1,el castillo,6.192389965057373,-75.57633972167969,5,16.0,56343.83279364145,907109.0047393364,40.0,6400.0,96.32117118059666,1,1
apartamento,6950000,89.0,2,2,2,alejandria,6.199336051940918,-75.57052612304688,6,14.833333333333334,48842.610337435945,852482.6560951438,44.5,7921.0,83.49764646735697,1,4
apartamento,2800000,46.0,1,2,1,las lomas no.1,6.210484981536865,-75.56108856201172,4,11.5,42753.43481316735,816268.3823529412,46.0,2116.0,73.08805079483885,1,1
apartamento,4400000,92.0,3,2,1,los balsos no.1,6.186256408691406,-75.56201171875,6,15.333333333333334,48115.75526148983,871145.722446916,30.666666666666668,8464.0,82.2550697961868,1,1
apartamento,2700000,76.0,2,2,1,lorena,6.248669624328613,-75.5997085571289,5,15.2,35721.295387634935,652329.7491039427,38.0,5776.0,61.06643508663359,1,1
apartamento,4700000,56.0,1,2,1,alejandria,6.199800491333008,-75.56914520263672,4,14.0,48842.610337435945,852482.6560951438,56.0,3136.0,83.49764646735697,1,1
apartamento,7600000,107.0,2,3,1,lalinde,6.2140212059021,-75.56690216064453,6,17.833333333333332,53427.21397778484,890320.987654321,53.5,11449.0,91.33513941276176,1,1
apartamento,3300000,60.0,2,2,1,alejandria,6.2013468742370605,-75.56707763671875,5,12.0,48842.610337435945,852482.6560951438,30.0,3600.0,83.49764646735697,1,1
apartamento,4600000,74.0,2,2,1,villa carlota,6.2182464599609375,-75.57389068603516,5,14.8,54977.83356366141,748492.5201380898,37.0,5476.0,93.98596182156422,1,1
apartamento,3100000,62.0,3,2,1,san diego,6.233372688293457,-75.5699462890625,6,10.333333333333334,47227.322103995706,654899.8185117968,20.666666666666668,3844.0,80.73627141129654,1,1
apartamento,3900000,56.0,1,2,1,alejandria,6.200485706329346,-75.56986999511719,4,14.0,48842.610337435945,852482.6560951438,56.0,3136.0,83.49764646735697,1,1
apartamento,2750000,43.0,1,1,1,villa carlota,6.218226432800293,-75.57369232177734,3,14.333333333333334,54977.83356366141,748492.5201380898,43.0,1849.0,93.98596182156422,1,1
apartamento,3700000,50.0,1,1,1,la florida,6.205695152282715,-75.56403350830078,3,16.666666666666668,45025.656955191065,832086.513994911,50.0,2500.0,76.97247056272704,1,1
apartamento,3500000,73.0,2,2,1,rosales,6.231811046600342,-75.59159088134766,5,14.6,31678.50652568974,626633.9869281045,36.5,5329.0,54.15518786203267,1,1
apartamento,2700000,70.0,3,2,1,calasanz parte alta,6.26497,-75.60326,6,11.666666666666666,33556.33802816901,458173.07692307694,23.333333333333332,4900.0,57.36538710887971,1,1
casa,3600000,130.0,3,2,1,calasanz,6.26221,-75.59934,6,21.666666666666668,32548.10882548109,537043.795620438,43.333333333333336,16900.0,55.64179443145114,1,1
apartamento,4000000,65.0,2,2,1,el poblado,6.208224,-75.564504,5,13.0,51331.92389006342,930592.3344947735,32.5,4225.0,87.7531893535319,1,1
apartamento,2800000,55.0,2,1,1,patio bonito,6.20685,-75.57693,4,13.75,43819.79935642627,741195.3041622199,27.5,3025.0,74.91102727015866,1,1
apartamento,3300000,85.0,4,3,1,los balsos no.2,6.192199645,-75.5698025433,8,10.625,47300.9517913736,836162.823200559,21.25,7225.0,80.86214317702954,1,1
apartamento,2200000,112.0,3,2,2,alejandria,6.20152371,-75.57217188,7,16.0,48842.610337435945,852482.6560951438,37.333333333333336,12544.0,83.49764646735697,1,4
apartamento,6100000,48.0,1,2,1,villa carlota,6.223944187164307,-75.57264709472656,4,12.0,54977.83356366141,748492.5201380898,48.0,2304.0,93.98596182156422,1,1
apartamento,2650000,46.0,1,2,1,asomadera no.1,6.225461483001709,-75.56105041503906,4,11.5,48571.57944764218,665557.1635311143,46.0,2116.0,83.03431247964855,1,1
apartamento,2500000,80.0,3,2,1,la loma de los bernal,6.218846797943115,-75.60391998291016,6,13.333333333333334,40721.08579809159,584155.2990556138,26.666666666666668,6400.0,69.61370005095546,1,1
apartamento,3500000,80.0,3,2,1,san diego,6.233372688293457,-75.5699462890625,6,13.333333333333334,47227.322103995706,654899.8185117968,26.666666666666668,6400.0,80.73627141129654,1,1
apartamento,3900000,90.0,3,2,1,castropol,6.218486785888672,-75.56706237792969,6,15.0,48917.86962109346,739745.95924104,30.0,8100.0,83.62630406810368,1,1
apartamento,2500000,100.0,3,2,0,la america,6.25171,-75.60433,5,20.0,26048.171275646742,423188.40579710144,33.333333333333336,10000.0,44.529990949891804,0,0
apartamento,3850000,73.0,1,2,1,el tesoro,6.203347682952881,-75.55573272705078,4,18.25,46307.752975324685,855149.2240350179,73.0,5329.0,79.1642453160979,1,1
apartamento,3700000,65.0,2,2,1,altos del poblado,6.215214252471924,-75.55479431152344,5,13.0,58495.7928802589,930019.3704600484,32.5,4225.0,100.0,1,1
apartamento,3950000,88.0,3,2,1,patio bonito,6.206817626953125,-75.5752944946289,6,14.666666666666666,43819.79935642627,741195.3041622199,29.333333333333332,7744.0,74.91102727015866,1,1
apartamento,4400000,96.0,2,2,2,san lucas,6.179927349090576,-75.5640640258789,6,16.0,47354.22828936933,904097.3871733967,48.0,9216.0,80.95322066375543,1,4
apartamento,4150000,50.0,1,2,1,la aguacatala,6.196604251861572,-75.57518005371094,4,12.5,51442.75043487159,795490.506329114,50.0,2500.0,87.9426500640398,1,1
apartamento,3900000,72.0,2,2,1,alejandria,6.20037074,-75.57134079,5,14.4,48842.610337435945,852482.6560951438,36.0,5184.0,83.49764646735697,1,1
apartamento,4300000,125.0,4,3,1,fatima,6.23553414,-75.58534274,8,15.625,31102.18652387327,606086.9565217391,31.25,15625.0,53.16995461116248,1,1
apartamento,1800000,30.0,1,1,0,cerro nutibara,6.235943,-75.581375,2,15.0,33333.333333333336,454545.45454545453,30.0,900.0,56.98415508542091,0,0
apartamento,3900000,68.0,2,2,1,alejandria,6.199888,-75.570384,5,13.6,48842.610337435945,852482.6560951438,34.0,4624.0,83.49764646735697,1,1
apartamento,4200000,64.0,1,2,1,los balsos no.1,6.19237,-75.56,4,16.0,48115.75526148983,871145.722446916,64.0,4096.0,82.2550697961868,1,1
apartamento,5700000,55.0,1,2,1,asomadera no.2,6.22416,-75.56194,4,13.75,51821.74887892377,772562.6740947075,55.0,3025.0,88.59055724742987,1,1
apartamento,2750000,30.0,1,1,1,lalinde,6.211703300476074,-75.56572723388672,3,10.0,53427.21397778484,890320.987654321,30.0,900.0,91.33513941276176,1,1
apartamento,4250000,75.0,2,2,2,el castillo,6.190921783447266,-75.57260131835938,6,12.5,56343.83279364145,907109.0047393364,37.5,5625.0,96.32117118059666,1,4
casa,3200000,140.0,3,4,2,castropol,6.217784404754639,-75.5660171508789,9,15.555555555555555,48917.86962109346,739745.95924104,46.666666666666664,19600.0,83.62630406810368,1,4
apartamento,2850000,57.0,1,2,1,los naranjos,6.1965765953063965,-75.56538391113281,4,14.25,49565.6761295771,827000.8873114464,57.0,3249.0,84.733745264447,1,1
apartamento,4500000,79.0,2,2,1,altos del poblado,6.215419769287109,-75.55437469482422,5,15.8,58495.7928802589,930019.3704600484,39.5,6241.0,100.0,1,1
apartamento,5900000,76.0,2,2,1,altos del poblado,6.215419769287109,-75.55437469482422,5,15.2,58495.7928802589,930019.3704600484,38.0,5776.0,100.0,1,1
apartamento,3600000,87.0,2,2,1,los balsos no.2,6.193423748016357,-75.56947326660156,5,17.4,47300.9517913736,836162.823200559,43.5,7569.0,80.86214317702954,1,1
apartamento,4100000,53.0,1,2,1,alejandria,6.199336051940918,-75.57052612304688,4,13.25,48842.610337435945,852482.6560951438,53.0,2809.0,83.49764646735697,1,1
apartamento,3350000,52.0,1,2,1,las lomas no.2,6.207821846008301,-75.55632019042969,4,13.0,41861.648016276704,816005.6657223796,52.0,2704.0,71.56351928072442,1,1
casa,3300000,150.0,3,2,0,las acacias,6.242209434509277,-75.60089111328125,5,30.0,34935.06493506493,672500.0,50.0,22500.0,59.7223547453697,0,0
apartamento,6700000,86.0,1,2,1,san lucas,6.179790496826172,-75.56442260742188,4,21.5,47354.22828936933,904097.3871733967,86.0,7396.0,80.95322066375543,1,1
apartamento,3650000,56.0,1,2,2,el tesoro,6.202743053436279,-75.5555419921875,5,11.2,46307.752975324685,855149.2240350179,56.0,3136.0,79.1642453160979,1,4
apartamento,4000000,92.0,3,2,2,la florida,6.207502841949463,-75.56523132324219,7,13.142857142857142,45025.656955191065,832086.513994911,30.666666666666668,8464.0,76.97247056272704,1,4
apartamento,5900000,71.0,1,2,1,villa carlota,6.216776371002197,-75.57331848144531,4,17.75,54977.83356366141,748492.5201380898,71.0,5041.0,93.98596182156422,1,1
apartamento,2350000,60.0,2,1,1,bolivariana,6.247430324554443,-75.59005737304688,4,15.0,37400.24554941682,658648.6486486486,30.0,3600.0,63.936641778623724,1,1
apartamento,3800000,91.0,3,3,2,los naranjos,6.195279121398926,-75.56256866455078,8,11.375,49565.6761295771,827000.8873114464,30.333333333333332,8281.0,84.733745264447,1,4
apartamento,6300000,80.0,3,2,1,los balsos no.2,6.197326183319092,-75.57353210449219,6,13.333333333333334,47300.9517913736,836162.823200559,26.666666666666668,6400.0,80.86214317702954,1,1
apartamento,2700000,44.0,1,2,1,villa carlota,6.218216896057129,-75.57360076904297,4,11.0,54977.83356366141,748492.5201380898,44.0,1936.0,93.98596182156422,1,1
apartamento,2700000,40.0,1,1,0,san joaquin,6.243661403656006,-75.5859603881836,2,20.0,32753.58855757907,569436.2017804154,40.0,1600.0,55.9930670990746,0,0
apartamento,6000000,95.0,2,3,2,lalinde,6.2140212059021,-75.56690216064453,7,13.571428571428571,53427.21397778484,890320.987654321,47.5,9025.0,91.33513941276176,1,4
apartamento,6800000,125.0,3,3,2,el tesoro,6.204288959503174,-75.56066131591797,8,15.625,46307.752975324685,855149.2240350179,41.666666666666664,15625.0,79.1642453160979,1,4
apartamento,4200000,76.0,2,2,1,altos del poblado,6.215419769287109,-75.55437469482422,5,15.2,58495.7928802589,930019.3704600484,38.0,5776.0,100.0,1,1
apartamento,3600000,195.0,3,3,2,astorga,6.2105889320373535,-75.5754623413086,8,24.375,38915.5662264906,771825.3968253968,65.0,38025.0,66.52711983261925,1,4
apartamento,4300000,100.0,4,3,1,los balsos no.1,6.18697917,-75.56198729,8,12.5,48115.75526148983,871145.722446916,25.0,10000.0,82.2550697961868,1,1
apartamento,5350000,130.0,3,2,1,el castillo,6.190959930419922,-75.57320404052734,6,21.666666666666668,56343.83279364145,907109.0047393364,43.333333333333336,16900.0,96.32117118059666,1,1
apartamento,6350000,171.0,3,3,2,la florida,6.205695152282715,-75.56403350830078,8,21.375,45025.656955191065,832086.513994911,57.0,29241.0,76.97247056272704,1,4
apartamento,7500000,130.0,2,3,2,el tesoro,6.20083193,-75.55141244,7,18.571428571428573,46307.752975324685,855149.2240350179,65.0,16900.0,79.1642453160979,1,4
apartamento,3500000,103.0,3,2,2,laureles,6.23972667,-75.59420019,7,14.714285714285714,37952.470484611345,680619.6840826245,34.333333333333336,10609.0,64.88068391909857,1,4
apartamento,7200000,135.0,3,2,2,los naranjos,6.196306,-75.5533237,7,19.285714285714285,49565.6761295771,827000.8873114464,45.0,18225.0,84.733745264447,1,4
apartamento,6500000,110.0,2,3,2,castropol,6.2203889,-75.5676328,7,15.714285714285714,48917.86962109346,739745.95924104,55.0,12100.0,83.62630406810368,1,4
apartamento,2350000,65.0,2,1,0,las acacias,6.241967,-75.601416,3,21.666666666666668,34935.06493506493,672500.0,32.5,4225.0,59.7223547453697,0,0
apartamento,3000000,95.0,3,2,1,lorena,6.2462826,-75.6022095,6,15.833333333333334,35721.295387634935,652329.7491039427,31.666666666666668,9025.0,61.06643508663359,1,1
apartamento,6000000,76.0,1,2,2,lalinde,6.21184,-75.56656,5,15.2,53427.21397778484,890320.987654321,76.0,5776.0,91.33513941276176,1,4
apartamento,2600000,67.0,2,2,1,asomadera no.3,6.2173065549,-75.558235033,5,13.4,56742.24343675418,834210.5263157894,33.5,4489.0,97.0022639968412,1,1
apartamento,6500000,110.0,3,2,2,castropol,6.224766254425049,-75.56730651855469,7,15.714285714285714,48917.86962109346,739745.95924104,36.666666666666664,12100.0,83.62630406810368,1,4
apartamento,7200000,160.0,3,2,1,la florida,6.206475734710693,-75.56604766845703,6,26.666666666666668,45025.656955191065,832086.513994911,53.333333333333336,25600.0,76.97247056272704,1,1
apartamento,8000000,98.0,2,2,2,castropol,6.2203889,-75.5676328,6,16.333333333333332,48917.86962109346,739745.95924104,49.0,9604.0,83.62630406810368,1,4
apartamento,2650000,60.0,2,2,1,asomadera no.1,6.225461483001709,-75.56105041503906,5,12.0,48571.57944764218,665557.1635311143,30.0,3600.0,83.03431247964855,1,1
apartamento,3950000,56.0,1,1,2,las lomas no.1,6.210984706878662,-75.56148529052734,4,14.0,42753.43481316735,816268.3823529412,56.0,3136.0,73.08805079483885,1,4
apartamento,3800000,71.0,1,2,1,villa carlota,6.218286514282227,-75.57432556152344,4,17.75,54977.83356366141,748492.5201380898,71.0,5041.0,93.98596182156422,1,1
apartamento,4200000,74.0,2,2,2,alejandria,6.200037002563477,-75.5701904296875,6,12.333333333333334,48842.610337435945,852482.6560951438,37.0,5476.0,83.49764646735697,1,4
apartamento,3400000,140.0,2,3,2,estadio,6.260256290435791,-75.5948715209961,7,20.0,28935.940737376888,589306.3583815029,70.0,19600.0,49.466704035636994,1,4
apartamento,3900000,70.0,2,2,1,santa maria de los angeles,6.190030097961426,-75.58019256591797,5,14.0,47391.397443391514,760224.6376811594,35.0,4900.0,81.01676224887126,1,1
apartamento,3400000,59.0,2,2,1,la florida,6.201699256896973,-75.5627212524414,5,11.8,45025.656955191065,832086.513994911,29.5,3481.0,76.97247056272704,1,1
apartamento,3200000,100.0,3,2,2,laureles,6.2422943115234375,-75.5959243774414,7,14.285714285714286,37952.470484611345,680619.6840826245,33.333333333333336,10000.0,64.88068391909857,1,4
apartamento,9150000,270.0,4,4,3,el diamante no.2,6.184789657592773,-75.57146453857422,11,24.545454545454547,43639.65496971377,774744.3419949707,67.5,72900.0,74.60306600005285,1,9
apartamento,3000000,67.0,2,2,1,la florida,6.20327091217041,-75.56565856933594,5,13.4,45025.656955191065,832086.513994911,33.5,4489.0,76.97247056272704,1,1
apartamento,9200000,170.0,3,3,2,lalinde,6.212276935577393,-75.56774139404297,8,21.25,53427.21397778484,890320.987654321,56.666666666666664,28900.0,91.33513941276176,1,4
apartamento,3650000,75.0,2,2,0,altos del poblado,6.215419769287109,-75.55437469482422,4,18.75,58495.7928802589,930019.3704600484,37.5,5625.0,100.0,0,0
apartamento,4650000,65.0,2,2,1,santa maria de los angeles,6.191576957702637,-75.57892608642578,5,13.0,47391.397443391514,760224.6376811594,32.5,4225.0,81.01676224887126,1,1
apartamento,3400000,74.0,3,2,1,lalinde,6.212890625,-75.56771850585938,6,12.333333333333334,53427.21397778484,890320.987654321,24.666666666666668,5476.0,91.33513941276176,1,1
apartamento,4000000,120.0,3,2,2,laureles,6.2460737228393555,-75.59550476074219,7,17.142857142857142,37952.470484611345,680619.6840826245,40.0,14400.0,64.88068391909857,1,4
apartamento,4200000,59.0,2,2,1,la florida,6.201699256896973,-75.5627212524414,5,11.8,45025.656955191065,832086.513994911,29.5,3481.0,76.97247056272704,1,1
apartamento,4300000,110.0,4,3,0,rosales,6.2364658,-75.5908398,7,15.714285714285714,31678.50652568974,626633.9869281045,27.5,12100.0,54.15518786203267,0,0
apartamento,4800000,90.0,3,2,2,la florida,6.206079,-75.562217,7,12.857142857142858,45025.656955191065,832086.513994911,30.0,8100.0,76.97247056272704,1,4
apartamento,3800000,72.0,3,2,1,los naranjos,6.19255811,-75.56008858,6,12.0,49565.6761295771,827000.8873114464,24.0,5184.0,84.733745264447,1,1
apartamento,7000000,136.0,3,3,2,el tesoro,6.20464,-75.55463,8,17.0,46307.752975324685,855149.2240350179,45.333333333333336,18496.0,79.1642453160979,1,4
apartamento,6500000,89.0,2,2,2,el castillo,6.19064,-75.57356,6,14.833333333333334,56343.83279364145,907109.0047393364,44.5,7921.0,96.32117118059666,1,4
apartamento,5300000,120.0,3,3,2,el diamante no.2,6.182223796844482,-75.57649993896484,8,15.0,43639.65496971377,774744.3419949707,40.0,14400.0,74.60306600005285,1,4
apartamento,2400000,64.0,2,1,1,asomadera no.3,6.2169,-75.558,4,16.0,56742.24343675418,834210.5263157894,32.0,4096.0,97.0022639968412,1,1
apartamento,5500000,96.0,2,2,2,alejandria,6.20068,-75.57214,6,16.0,48842.610337435945,852482.6560951438,48.0,9216.0,83.49764646735697,1,4
apartamento,7400000,240.0,4,3,2,lorena,6.24664583,-75.59963385,9,26.666666666666668,35721.295387634935,652329.7491039427,60.0,57600.0,61.06643508663359,1,4
apartamento,5250000,32.0,1,1,1,la florida,6.203711032867432,-75.56981658935547,3,10.666666666666666,45025.656955191065,832086.513994911,32.0,1024.0,76.97247056272704,1,1
apartamento,2400000,57.0,2,1,1,bolivariana,6.24817242,-75.59200055,4,14.25,37400.24554941682,658648.6486486486,28.5,3249.0,63.936641778623724,1,1
apartamento,2600000,56.0,2,1,1,la loma de los bernal,6.217426776885986,-75.6028823852539,4,14.0,40721.08579809159,584155.2990556138,28.0,3136.0,69.61370005095546,1,1
apartamento,2900000,80.0,1,1,1,el diamante no.2,6.186495304107666,-75.57368469238281,3,26.666666666666668,43639.65496971377,774744.3419949707,80.0,6400.0,74.60306600005285,1,1
casa,6500000,190.0,4,4,0,la castellana,6.23792,-75.60598,8,23.75,32305.993690851734,627000.0,47.5,36100.0,55.22789264004374,0,0
casa,7500000,220.0,5,5,1,rosales,6.23737086,-75.58998369,11,20.0,31678.50652568974,626633.9869281045,44.0,48400.0,54.15518786203267,1,1
apartamento,3200000,67.0,3,2,1,villa carlota,6.21825647354126,-75.57398986816406,6,11.166666666666666,54977.83356366141,748492.5201380898,22.333333333333332,4489.0,93.98596182156422,1,1
apartamento,2400000,72.0,2,2,0,la gloria,6.2230706214904785,-75.60289001464844,4,18.0,34291.07710077967,552325.5813953489,36.0,5184.0,58.62144166670863,0,0
apartamento,4700000,50.0,1,1,1,san lucas,6.1779022216796875,-75.56108093261719,3,16.666666666666668,47354.22828936933,904097.3871733967,50.0,2500.0,80.95322066375543,1,1
apartamento,3950000,66.0,2,2,1,villa carlota,6.2199015617370605,-75.57057189941406,5,13.2,54977.83356366141,748492.5201380898,33.0,4356.0,93.98596182156422,1,1
apartamento,2650000,40.0,1,1,0,san lucas,6.17938232421875,-75.5683822631836,2,20.0,47354.22828936933,904097.3871733967,40.0,1600.0,80.95322066375543,0,0
apartamento,4700000,120.0,3,3,2,laureles,6.24652311,-75.59712845,8,15.0,37952.470484611345,680619.6840826245,40.0,14400.0,64.88068391909857,1,4
apartamento,3100000,110.0,3,2,1,castropol,6.217268943786621,-75.56717681884766,6,18.333333333333332,48917.86962109346,739745.95924104,36.666666666666664,12100.0,83.62630406810368,1,1
apartamento,4000000,64.0,1,2,1,los naranjos,6.193474292755127,-75.55982971191406,4,16.0,49565.6761295771,827000.8873114464,64.0,4096.0,84.733745264447,1,1
apartamento,6500000,118.0,3,2,2,los naranjos,6.194568157196045,-75.56080627441406,7,16.857142857142858,49565.6761295771,827000.8873114464,39.333333333333336,13924.0,84.733745264447,1,4
apartamento,4650000,100.0,2,2,2,el diamante no.2,6.183671951293945,-75.57119750976562,6,16.666666666666668,43639.65496971377,774744.3419949707,50.0,10000.0,74.60306600005285,1,4
apartamento,4100000,85.0,3,2,1,castropol,6.223623752593994,-75.56558227539062,6,14.166666666666666,48917.86962109346,739745.95924104,28.333333333333332,7225.0,83.62630406810368,1,1
apartamento,3400000,90.0,3,3,1,castropol,6.216883659362793,-75.56694030761719,7,12.857142857142858,48917.86962109346,739745.95924104,30.0,8100.0,83.62630406810368,1,1
apartamento,4400000,88.0,2,2,1,los balsos no.1,6.1896586418151855,-75.5607681274414,5,17.6,48115.75526148983,871145.722446916,44.0,7744.0,82.2550697961868,1,1
apartamento,6000000,150.0,4,4,2,florida nueva,6.2515938,-75.5887989,10,15.0,34915.907498248074,668791.9463087248,37.5,22500.0,59.68960463485137,1,4
apartamento,4800000,130.0,4,4,1,el velodromo,6.25342,-75.59561,9,14.444444444444445,33048.78048780488,624423.9631336406,32.5,16900.0,56.497704981033166,1,1
apartamento,6500000,140.0,3,2,2,santa maria de los angeles,6.19084,-75.57812,7,20.0,47391.397443391514,760224.6376811594,46.666666666666664,19600.0,81.01676224887126,1,4
apartamento,4100000,112.0,3,3,2,los balsos no.1,6.19245,-75.566167,8,14.0,48115.75526148983,871145.722446916,37.333333333333336,12544.0,82.2550697961868,1,4
apartamento,5500000,150.0,3,2,1,alejandria,6.2010461784,-75.5665608813,6,25.0,48842.610337435945,852482.6560951438,50.0,22500.0,83.49764646735697,1,1
apartamento,3200000,105.0,3,2,0,laureles,6.2419995,-75.5958328,5,21.0,37952.470484611345,680619.6840826245,35.0,11025.0,64.88068391909857,0,0
apartamento,4700000,118.0,3,4,0,la aguacatala,6.19761634,-75.58012441,7,16.857142857142858,51442.75043487159,795490.506329114,39.333333333333336,13924.0,87.9426500640398,0,0
apartamento,9250000,120.0,3,4,2,villa carlota,6.2202912,-75.5694928,9,13.333333333333334,54977.83356366141,748492.5201380898,40.0,14400.0,93.98596182156422,1,4
apartamento,4700000,95.0,1,2,2,lalinde,6.212853908538818,-75.5667495727539,5,19.0,53427.21397778484,890320.987654321,95.0,9025.0,91.33513941276176,1,4
apartamento,4700000,86.0,1,2,1,alejandria,6.2008843421936035,-75.56604766845703,4,21.5,48842.610337435945,852482.6560951438,86.0,7396.0,83.49764646735697,1,1
apartamento,5000000,85.0,1,2,1,san lucas,6.180022239685059,-75.56401062011719,4,21.25,47354.22828936933,904097.3871733967,85.0,7225.0,80.95322066375543,1,1
apartamento,2900000,32.0,1,1,0,el velodromo,6.253677845001221,-75.5954818725586,2,16.0,33048.78048780488,624423.9631336406,32.0,1024.0,56.497704981033166,0,0
apartamento,2850000,70.0,2,2,1,santa maria de los angeles,6.190206050872803,-75.57931518554688,5,14.0,47391.397443391514,760224.6376811594,35.0,4900.0,81.01676224887126,1,1
apartamento,5400000,144.0,3,2,1,los conquistadores,6.240103721618652,-75.5807876586914,6,24.0,30995.98034836981,625225.2252252252,48.0,20736.0,52.98839253588492,1,1
apartamento,6200000,154.0,3,3,2,la florida,6.205812931060791,-75.56632995605469,8,19.25,45025.656955191065,832086.513994911,51.333333333333336,23716.0,76.97247056272704,1,4
apartamento,7900000,200.0,3,4,2,altos del poblado,6.215446949005127,-75.55396270751953,9,22.22222222222222,58495.7928802589,930019.3704600484,66.66666666666667,40000.0,100.0,1,4
apartamento,3700000,78.0,3,2,1,castropol,6.218486785888672,-75.56706237792969,6,13.0,48917.86962109346,739745.95924104,26.0,6084.0,83.62630406810368,1,1
casa,6500000,194.0,3,3,0,rosales,6.23577,-75.591,6,32.333333333333336,31678.50652568974,626633.9869281045,64.66666666666667,37636.0,54.15518786203267,0,0
apartamento,5050000,54.0,1,2,1,patio bonito,6.2048211097717285,-75.57575225830078,4,13.5,43819.79935642627,741195.3041622199,54.0,2916.0,74.91102727015866,1,1
casa,4500000,100.0,3,3,1,la mota,6.208929538726807,-75.59899139404297,7,14.285714285714286,31054.252952250557,508263.3053221289,33.333333333333336,10000.0,53.08801098878807,1,1
apartamento,2650000,68.0,3,2,1,la palma,6.229233741760254,-75.60182189941406,6,11.333333333333334,30263.43970871707,611688.3116883116,22.666666666666668,4624.0,51.73609625339456,1,1
apartamento,3500000,120.0,3,3,1,la palma,6.22891092300415,-75.60186767578125,7,17.142857142857142,30263.43970871707,611688.3116883116,40.0,14400.0,51.73609625339456,1,1
apartamento,2000000,65.0,3,2,0,la colina,6.20259,-75.5988,5,13.0,42341.269841269845,569066.6666666666,21.666666666666668,4225.0,72.38344461445728,0,0
apartamento,8500000,189.0,3,3,0,las lomas no.1,6.214882,-75.562544,6,31.5,42753.43481316735,816268.3823529412,63.0,35721.0,73.08805079483885,0,0
apartamento,3400000,60.0,1,2,1,los balsos no.1,6.18791,-75.56107,4,15.0,48115.75526148983,871145.722446916,60.0,3600.0,82.2550697961868,1,1
apartamento,3850000,110.0,3,4,1,la loma de los bernal,6.21908,-75.60138,8,13.75,40721.08579809159,584155.2990556138,36.666666666666664,12100.0,69.61370005095546,1,1
apartamento,3600000,49.0,1,1,1,manila,6.2113,-75.57174,3,16.333333333333332,48813.76037959668,888129.4964028777,49.0,2401.0,83.44832675320535,1,1
apartamento,5500000,90.0,3,2,1,altos del poblado,6.21666,-75.5566,6,15.0,58495.7928802589,930019.3704600484,30.0,8100.0,100.0,1,1
apartamento,7300000,90.0,1,2,1,lalinde,6.213980197906494,-75.56692504882812,4,22.5,53427.21397778484,890320.987654321,90.0,8100.0,91.33513941276176,1,1
casa,4000000,160.0,4,3,1,santa monica,6.24848,-75.61261,8,20.0,33578.94736842105,543750.0,40.0,25600.0,57.40403833341875,1,1
apartamento,3750000,56.0,1,2,1,los naranjos,6.197734832763672,-75.5653076171875,4,14.0,49565.6761295771,827000.8873114464,56.0,3136.0,84.733745264447,1,1
apartamento,4500000,54.0,1,2,1,alejandria,6.199538230895996,-75.56829071044922,4,13.5,48842.610337435945,852482.6560951438,54.0,2916.0,83.49764646735697,1,1
apartamento,4200000,39.0,2,1,1,asomadera no.1,6.225459575653076,-75.56126403808594,4,9.75,48571.57944764218,665557.1635311143,19.5,1521.0,83.03431247964855,1,1
apartamento,4200000,100.0,3,2,2,alejandria,6.199377536773682,-75.56746673583984,7,14.285714285714286,48842.610337435945,852482.6560951438,33.333333333333336,10000.0,83.49764646735697,1,4
apartamento,2000000,50.0,1,2,1,los conquistadores,6.240248203277588,-75.57998657226562,4,12.5,30995.98034836981,625225.2252252252,50.0,2500.0,52.98839253588492,1,1
apartamento,6400000,74.0,2,2,1,alejandria,6.199336051940918,-75.57052612304688,5,14.8,48842.610337435945,852482.6560951438,37.0,5476.0,83.49764646735697,1,1
apartamento,4850000,89.0,2,3,1,villa carlota,6.22414493560791,-75.57450866699219,6,14.833333333333334,54977.83356366141,748492.5201380898,44.5,7921.0,93.98596182156422,1,1
apartamento,3200000,45.0,1,1,1,villa carlota,6.221945762634277,-75.57394409179688,3,15.0,54977.83356366141,748492.5201380898,45.0,2025.0,93.98596182156422,1,1
apartamento,1100000,15.0,1,1,0,laureles,6.242308139801025,-75.59518432617188,2,7.5,37952.470484611345,680619.6840826245,15.0,225.0,64.88068391909857,0,0
apartamento,2950000,60.0,1,1,1,el castillo,6.191030025482178,-75.56950378417969,3,20.0,56343.83279364145,907109.0047393364,60.0,3600.0,96.32117118059666,1,1
apartamento,4800000,90.0,3,2,2,altos del poblado,6.208226203918457,-75.55441284179688,7,12.857142857142858,58495.7928802589,930019.3704600484,30.0,8100.0,100.0,1,4
apartamento,3500000,60.0,2,2,1,las lomas no.2,6.2112956047058105,-75.5572738647461,5,12.0,41861.648016276704,816005.6657223796,30.0,3600.0,71.56351928072442,1,1
apartamento,2800000,75.0,2,2,0,santa monica,6.24857,-75.61226,4,18.75,33578.94736842105,543750.0,37.5,5625.0,57.40403833341875,0,0
apartamento,3600000,67.0,2,5,0,los balsos no.1,6.1906927,-75.5588403,7,9.571428571428571,48115.75526148983,871145.722446916,33.5,4489.0,82.2550697961868,0,0
apartamento,3500000,65.0,2,5,0,villa carlota,6.2194903,-75.5745938,7,9.285714285714286,54977.83356366141,748492.5201380898,32.5,4225.0,93.98596182156422,0,0
apartamento,9800000,165.0,4,5,2,altos del poblado,6.2159,-75.55599,11,15.0,58495.7928802589,930019.3704600484,41.25,27225.0,100.0,1,4
apartamento,2300000,65.0,3,5,0,asomadera no.1,6.2277084,-75.5641707,8,8.125,48571.57944764218,665557.1635311143,21.666666666666668,4225.0,83.03431247964855,0,0
apartamento,9500000,215.0,2,3,2,los naranjos,6.19868,-75.55787,7,30.714285714285715,49565.6761295771,827000.8873114464,107.5,46225.0,84.733745264447,1,4
apartamento,4300000,81.0,2,3,2,castropol,6.22086,-75.569,7,11.571428571428571,48917.86962109346,739745.95924104,40.5,6561.0,83.62630406810368,1,4
apartamento,3200000,67.0,2,2,1,corazon de jesus,6.24822,-75.58003,5,13.4,39626.55601659751,682142.8571428572,33.5,4489.0,67.74257440652734,1,1
apartamento,8650000,93.0,2,2,2,alejandria,6.202010154724121,-75.57085418701172,6,15.5,48842.610337435945,852482.6560951438,46.5,8649.0,83.49764646735697,1,4
apartamento,2500000,60.0,2,2,1,bolivariana,6.246918201446533,-75.5902328491211,5,12.0,37400.24554941682,658648.6486486486,30.0,3600.0,63.936641778623724,1,1
apartamento,2900000,60.0,2,2,1,castropol,6.218486785888672,-75.56706237792969,5,12.0,48917.86962109346,739745.95924104,30.0,3600.0,83.62630406810368,1,1
apartamento,7500000,147.0,2,3,2,el tesoro,6.2050327418,-75.5597542629,7,21.0,46307.752975324685,855149.2240350179,73.5,21609.0,79.1642453160979,1,4
apartamento,2200000,56.0,2,2,1,san jose del manzanillo,6.2017035484313965,-75.60480499267578,5,11.2,47112.462006079026,534482.7586206896,28.0,3136.0,80.53991524231222,1,1
apartamento,4000000,54.0,1,2,1,alejandria,6.200533866882324,-75.5698013305664,4,13.5,48842.610337435945,852482.6560951438,54.0,2916.0,83.49764646735697,1,1
apartamento,4000000,100.0,3,3,1,la loma de los bernal,6.217579364776611,-75.60416412353516,7,14.285714285714286,40721.08579809159,584155.2990556138,33.333333333333336,10000.0,69.61370005095546,1,1
apartamento,4700000,120.0,3,3,2,alejandria,6.199944019317627,-75.57036590576172,8,15.0,48842.610337435945,852482.6560951438,40.0,14400.0,83.49764646735697,1,4
apartamento,4200000,64.0,1,2,1,los balsos no.1,6.190110683441162,-75.560791015625,4,16.0,48115.75526148983,871145.722446916,64.0,4096.0,82.2550697961868,1,1
apartamento,5000000,108.0,3,2,2,la florida,6.202185153961182,-75.56546020507812,7,15.428571428571429,45025.656955191065,832086.513994911,36.0,11664.0,76.97247056272704,1,4
apartamento,3900000,68.0,2,2,1,altos del poblado,6.215490818023682,-75.55514526367188,5,13.6,58495.7928802589,930019.3704600484,34.0,4624.0,100.0,1,1
apartamento,6500000,100.0,3,2,2,los naranjos,6.19244909286499,-75.55885314941406,7,14.285714285714286,49565.6761295771,827000.8873114464,33.333333333333336,10000.0,84.733745264447,1,4
apartamento,2900000,32.0,1,1,0,el velodromo,6.253677845001221,-75.5954818725586,2,16.0,33048.78048780488,624423.9631336406,32.0,1024.0,56.497704981033166,0,0
apartamento,3550000,70.0,2,2,1,santa fe,6.2196736335754395,-75.58219909667969,5,14.0,48109.58350181965,701917.4041297935,35.0,4900.0,82.24451902088094,1,1
apartamento,4200000,95.0,3,2,1,laureles,6.239708423614502,-75.59366607666016,6,15.833333333333334,37952.470484611345,680619.6840826245,31.666666666666668,9025.0,64.88068391909857,1,1
apartamento,4100000,90.0,3,2,1,el tesoro,6.203347682952881,-75.55573272705078,6,15.0,46307.752975324685,855149.2240350179,30.0,8100.0,79.1642453160979,1,1
apartamento,3300000,65.0,2,2,1,santa maria de los angeles,6.190603256225586,-75.58087921142578,5,13.0,47391.397443391514,760224.6376811594,32.5,4225.0,81.01676224887126,1,1
casa,7800000,330.0,5,2,0,san joaquin,6.24472,-75.58676,7,47.142857142857146,32753.58855757907,569436.2017804154,66.0,108900.0,55.9930670990746,0,0
casa,7500000,210.0,5,3,1,rosales,6.23735,-75.59,9,23.333333333333332,31678.50652568974,626633.9869281045,42.0,44100.0,54.15518786203267,1,1
apartamento,6100000,99.0,2,3,2,el tesoro,6.20472,-75.55494,7,14.142857142857142,46307.752975324685,855149.2240350179,49.5,9801.0,79.1642453160979,1,4
apartamento,6300000,99.0,2,3,2,el tesoro,6.20472,-75.55494,7,14.142857142857142,46307.752975324685,855149.2240350179,49.5,9801.0,79.1642453160979,1,4
apartamento,5700000,105.0,2,2,2,la florida,6.201595306396484,-75.56656646728516,6,17.5,45025.656955191065,832086.513994911,52.5,11025.0,76.97247056272704,1,4
apartamento,3900000,58.0,1,2,1,las lomas no.2,6.207951068878174,-75.55908203125,4,14.5,41861.648016276704,816005.6657223796,58.0,3364.0,71.56351928072442,1,1
apartamento,2950000,60.0,3,2,1,villa carlota,6.215373516082764,-75.5700912475586,6,10.0,54977.83356366141,748492.5201380898,20.0,3600.0,93.98596182156422,1,1
apartamento,3650000,68.0,2,2,1,santa fe,6.22285632,-75.58131547,5,13.6,48109.58350181965,701917.4041297935,34.0,4624.0,82.24451902088094,1,1
apartamento,2550000,73.0,2,2,0,rosales,6.232391357421875,-75.5918197631836,4,18.25,31678.50652568974,626633.9869281045,36.5,5329.0,54.15518786203267,0,0
apartamento,3350000,54.0,1,2,1,la aguacatala,6.198988437652588,-75.5776138305664,4,13.5,51442.75043487159,795490.506329114,54.0,2916.0,87.9426500640398,1,1
apartamento,3600000,54.0,1,2,1,la aguacatala,6.198988437652588,-75.5776138305664,4,13.5,51442.75043487159,795490.506329114,54.0,2916.0,87.9426500640398,1,1
apartamento,5000000,80.0,2,2,1,el castillo,6.192141056060791,-75.57488250732422,5,16.0,56343.83279364145,907109.0047393364,40.0,6400.0,96.32117118059666,1,1
apartamento,2700000,70.0,2,2,1,san joaquin,6.246875762939453,-75.58496856689453,5,14.0,32753.58855757907,569436.2017804154,35.0,4900.0,55.9930670990746,1,1
apartamento,1950000,55.0,3,2,1,la hondonada,6.203372001647949,-75.60302734375,6,9.166666666666666,35058.243727598565,399234.693877551,18.333333333333332,3025.0,59.93293192787884,1,1
apartamento,3300000,90.0,3,2,1,la loma de los bernal,6.218572616577148,-75.60376739501953,6,15.0,40721.08579809159,584155.2990556138,30.0,8100.0,69.61370005095546,1,1
apartamento,8500000,1.0,2,4,2,patio bonito,6.2062476,-75.5728686,8,0.125,43819.79935642627,741195.3041622199,0.5,1.0,74.91102727015866,1,4
apartamento,3350000,50.0,1,2,1,villa carlota,6.220809459686279,-75.57341003417969,4,12.5,54977.83356366141,748492.5201380898,50.0,2500.0,93.98596182156422,1,1
apartamento,1500000,45.0,2,2,0,gerona,6.23845,-75.55706,4,11.25,33333.333333333336,375000.0,22.5,2025.0,56.98415508542091,0,0
apartamento,2600000,84.0,3,2,1,santa teresita,6.245455265045166,-75.61222839355469,6,14.0,26323.37946103423,520028.77697841724,28.0,7056.0,45.00046612739874,1,1
casa,6000000,200.0,5,4,0,el velodromo,6.2523667,-75.59308165,9,22.22222222222222,33048.78048780488,624423.9631336406,40.0,40000.0,56.497704981033166,0,0
apartamento,6200000,99.0,2,3,2,el tesoro,6.20472,-75.55494,7,14.142857142857142,46307.752975324685,855149.2240350179,49.5,9801.0,79.1642453160979,1,4
apartamento,7500000,80.0,2,5,0,los balsos no.2,6.1960171,-75.5704044,7,11.428571428571429,47300.9517913736,836162.823200559,40.0,6400.0,80.86214317702954,0,0
apartamento,2800000,62.0,2,2,1,asomadera no.3,6.2169,-75.558,5,12.4,56742.24343675418,834210.5263157894,31.0,3844.0,97.0022639968412,1,1
apartamento,8500000,125.0,3,2,1,la florida,6.20634,-75.56052,6,20.833333333333332,45025.656955191065,832086.513994911,41.666666666666664,15625.0,76.97247056272704,1,1
apartamento,4800000,98.0,3,2,1,manila,6.213769912719727,-75.57705688476562,6,16.333333333333332,48813.76037959668,888129.4964028777,32.666666666666664,9604.0,83.44832675320535,1,1
apartamento,3700000,53.0,2,1,1,los balsos no.1,6.1870622634887695,-75.5595474243164,4,13.25,48115.75526148983,871145.722446916,26.5,2809.0,82.2550697961868,1,1
apartamento,4100000,80.0,3,2,1,san diego,6.231420516967773,-75.5683364868164,6,13.333333333333334,47227.322103995706,654899.8185117968,26.666666666666668,6400.0,80.73627141129654,1,1
apartamento,3100000,53.0,2,1,1,los balsos no.1,6.1865925788879395,-75.5597152709961,4,13.25,48115.75526148983,871145.722446916,26.5,2809.0,82.2550697961868,1,1
apartamento,4200000,70.0,3,2,1,los balsos no.2,6.1969146728515625,-75.572998046875,6,11.666666666666666,47300.9517913736,836162.823200559,23.333333333333332,4900.0,80.86214317702954,1,1
apartamento,3700000,105.0,2,2,2,los balsos no.1,6.1902971267700195,-75.560791015625,6,17.5,48115.75526148983,871145.722446916,52.5,11025.0,82.2550697961868,1,4
apartamento,3350000,53.0,1,2,1,la loma de los bernal,6.217579364776611,-75.60416412353516,4,13.25,40721.08579809159,584155.2990556138,53.0,2809.0,69.61370005095546,1,1
apartamento,3800000,62.0,2,1,1,alejandria,6.199604511260986,-75.56755065917969,4,15.5,48842.610337435945,852482.6560951438,31.0,3844.0,83.49764646735697,1,1
apartamento,4200000,117.0,3,2,2,la florida,6.206431865692139,-75.56341552734375,7,16.714285714285715,45025.656955191065,832086.513994911,39.0,13689.0,76.97247056272704,1,4
apartamento,3900000,105.0,3,3,1,laureles,6.242351055145264,-75.59495544433594,7,15.0,37952.470484611345,680619.6840826245,35.0,11025.0,64.88068391909857,1,1
apartamento,4600000,140.0,4,3,1,castropol,6.214776515960693,-75.56587219238281,8,17.5,48917.86962109346,739745.95924104,35.0,19600.0,83.62630406810368,1,1
apartamento,3700000,70.0,2,2,1,el tesoro,6.204051494598389,-75.55583953857422,5,14.0,46307.752975324685,855149.2240350179,35.0,4900.0,79.1642453160979,1,1
apartamento,5650000,63.0,1,2,2,alejandria,6.199336051940918,-75.57052612304688,5,12.6,48842.610337435945,852482.6560951438,63.0,3969.0,83.49764646735697,1,4
apartamento,7500000,147.0,3,3,2,san lucas,6.1799446,-75.5640593,8,18.375,47354.22828936933,904097.3871733967,49.0,21609.0,80.95322066375543,1,4
apartamento,3300000,100.0,3,2,1,nueva villa del aburra,6.23496928,-75.60110103,6,16.666666666666668,27963.362068965518,576666.6666666666,33.333333333333336,10000.0,47.804056825431225,1,1
apartamento,7700000,78.0,2,2,1,alejandria,6.199333190917969,-75.57067108154297,5,15.6,48842.610337435945,852482.6560951438,39.0,6084.0,83.49764646735697,1,1
apartamento,3650000,64.0,1,2,1,alejandria,6.196737766265869,-75.56672668457031,4,16.0,48842.610337435945,852482.6560951438,64.0,4096.0,83.49764646735697,1,1
apartamento,2200000,30.0,1,1,1,asomadera no.1,6.225461483001709,-75.56105041503906,3,10.0,48571.57944764218,665557.1635311143,30.0,900.0,83.03431247964855,1,1
apartamento,4650000,64.0,1,2,1,los balsos no.2,6.195743083953857,-75.56614685058594,4,16.0,47300.9517913736,836162.823200559,64.0,4096.0,80.86214317702954,1,1
apartamento,2650000,78.0,3,2,1,laureles,6.240971565246582,-75.5938949584961,6,13.0,37952.470484611345,680619.6840826245,26.0,6084.0,64.88068391909857,1,1
apartamento,2700000,85.0,3,3,0,san diego,6.232428073883057,-75.56773376464844,6,14.166666666666666,47227.322103995706,654899.8185117968,28.333333333333332,7225.0,80.73627141129654,0,0
apartamento,5350000,140.0,2,3,1,el diamante no.2,6.182284355163574,-75.57167053222656,6,23.333333333333332,43639.65496971377,774744.3419949707,70.0,19600.0,74.60306600005285,1,1
apartamento,7500000,243.0,5,5,2,la candelaria,6.25028,-75.56535,12,20.25,33260.86956521739,689189.1891891892,48.6,59049.0,56.86027648740912,1,4
apartamento,3700000,119.0,2,3,1,patio bonito,6.2065,-75.57421,6,19.833333333333332,43819.79935642627,741195.3041622199,59.5,14161.0,74.91102727015866,1,1
apartamento,7500000,104.0,2,3,2,altos del poblado,6.217027,-75.556213,7,14.857142857142858,58495.7928802589,930019.3704600484,52.0,10816.0,100.0,1,4
apartamento,7400000,168.0,2,3,2,el tesoro,6.20041,-75.55833,7,24.0,46307.752975324685,855149.2240350179,84.0,28224.0,79.1642453160979,1,4
apartamento,3600000,150.0,3,3,2,las lomas no.1,6.210038185119629,-75.56379699707031,8,18.75,42753.43481316735,816268.3823529412,50.0,22500.0,73.08805079483885,1,4
apartamento,3650000,65.0,1,2,1,villa carlota,6.220053672790527,-75.57417297363281,4,16.25,54977.83356366141,748492.5201380898,65.0,4225.0,93.98596182156422,1,1
apartamento,5700000,86.0,2,3,2,los balsos no.1,6.19190788269043,-75.56024169921875,7,12.285714285714286,48115.75526148983,871145.722446916,43.0,7396.0,82.2550697961868,1,4
apartamento,3000000,60.0,2,2,1,los conquistadores,6.242410659790039,-75.58174896240234,5,12.0,30995.98034836981,625225.2252252252,30.0,3600.0,52.98839253588492,1,1
apartamento,4500000,120.0,3,3,1,la palma,6.22891092300415,-75.60186767578125,7,17.142857142857142,30263.43970871707,611688.3116883116,40.0,14400.0,51.73609625339456,1,1
apartamento,3950000,110.0,2,2,2,patio bonito,6.204787731170654,-75.57544708251953,6,18.333333333333332,43819.79935642627,741195.3041622199,55.0,12100.0,74.91102727015866,1,4
apartamento,2900000,90.0,2,2,1,castropol,6.216109752655029,-75.56694793701172,5,18.0,48917.86962109346,739745.95924104,45.0,8100.0,83.62630406810368,1,1
apartamento,3700000,70.0,1,2,1,villa carlota,6.223948955535889,-75.57279968261719,4,17.5,54977.83356366141,748492.5201380898,70.0,4900.0,93.98596182156422,1,1
apartamento,3200000,45.0,1,1,1,villa carlota,6.221945762634277,-75.57394409179688,3,15.0,54977.83356366141,748492.5201380898,45.0,2025.0,93.98596182156422,1,1
apartamento,7700000,132.0,3,2,2,los balsos no.2,6.1974687576293945,-75.57073211669922,7,18.857142857142858,47300.9517913736,836162.823200559,44.0,17424.0,80.86214317702954,1,4
apartamento,4400000,71.0,2,2,1,alejandria,6.199948787689209,-75.56999206542969,5,14.2,48842.610337435945,852482.6560951438,35.5,5041.0,83.49764646735697,1,1
apartamento,3450000,59.0,2,2,1,alejandria,6.200069904327393,-75.56482696533203,5,11.8,48842.610337435945,852482.6560951438,29.5,3481.0,83.49764646735697,1,1
apartamento,2400000,120.0,3,3,0,ferrini,6.266234385,-75.596984715,6,20.0,34752.10477081384,530714.2857142857,40.0,14400.0,59.40957983414555,0,0
apartamento,3700000,75.0,3,2,1,alejandria,6.197131156921387,-75.56924438476562,6,12.5,48842.610337435945,852482.6560951438,25.0,5625.0,83.49764646735697,1,1
apartamento,4100000,132.0,3,4,2,castropol,6.2148590087890625,-75.56796264648438,9,14.666666666666666,48917.86962109346,739745.95924104,44.0,17424.0,83.62630406810368,1,4
apartamento,3500000,80.0,3,2,2,san lucas,6.18147,-75.56683,7,11.428571428571429,47354.22828936933,904097.3871733967,26.666666666666668,6400.0,80.95322066375543,1,4
apartamento,5800000,162.0,3,3,2,el diamante no.2,6.18104,-75.57334,8,20.25,43639.65496971377,774744.3419949707,54.0,26244.0,74.60306600005285,1,4
apartamento,3500000,90.0,3,2,1,santa monica,6.245412,-75.613363,6,15.0,33578.94736842105,543750.0,30.0,8100.0,57.40403833341875,1,1
apartamento,2600000,70.0,3,5,0,la colina,6.2016728,-75.5994156,8,8.75,42341.269841269845,569066.6666666666,23.333333333333332,4900.0,72.38344461445728,0,0
apartamento,3400000,70.0,3,2,1,belen rincon,6.21354,-75.60717,6,11.666666666666666,42767.5585284281,568333.3333333334,23.333333333333332,4900.0,73.11219563426286,1,1
apartamento,7500000,175.0,3,3,2,belen,6.23606,-75.59531,8,21.875,34214.434214434215,771428.5714285715,58.333333333333336,30625.0,58.49041876305752,1,4
apartamento,3850000,60.0,1,2,1,el diamante no.2,6.18894624710083,-75.57596588134766,4,15.0,43639.65496971377,774744.3419949707,60.0,3600.0,74.60306600005285,1,1
apartamento,6350000,76.0,1,2,1,patio bonito,6.20527458190918,-75.57606506347656,4,19.0,43819.79935642627,741195.3041622199,76.0,5776.0,74.91102727015866,1,1
apartamento,6100000,116.0,3,3,2,castropol,6.216109752655029,-75.56694793701172,8,14.5,48917.86962109346,739745.95924104,38.666666666666664,13456.0,83.62630406810368,1,4
apartamento,3050000,50.0,1,1,1,villa carlota,6.218226432800293,-75.57369232177734,3,16.666666666666668,54977.83356366141,748492.5201380898,50.0,2500.0,93.98596182156422,1,1
apartamento,3800000,63.0,1,2,1,los naranjos,6.196940898895264,-75.5641098022461,4,15.75,49565.6761295771,827000.8873114464,63.0,3969.0,84.733745264447,1,1
apartamento,6000000,102.0,3,3,2,alejandria,6.199336051940918,-75.57052612304688,8,12.75,48842.610337435945,852482.6560951438,34.0,10404.0,83.49764646735697,1,4
apartamento,2100000,60.0,2,2,0,calasanz,6.26607945,-75.5978333,4,15.0,32548.10882548109,537043.795620438,30.0,3600.0,55.64179443145114,0,0
apartamento,3150000,43.0,1,1,1,la aguacatala,6.196604251861572,-75.57518005371094,3,14.333333333333334,51442.75043487159,795490.506329114,43.0,1849.0,87.9426500640398,1,1
apartamento,3200000,69.0,3,2,1,castropol,6.225019931793213,-75.56730651855469,6,11.5,48917.86962109346,739745.95924104,23.0,4761.0,83.62630406810368,1,1
apartamento,4250000,100.0,2,2,1,laureles,6.23959119,-75.59021665,5,20.0,37952.470484611345,680619.6840826245,50.0,10000.0,64.88068391909857,1,1
apartamento,1850000,50.0,2,1,0,la gloria,6.221790790557861,-75.60700988769531,3,16.666666666666668,34291.07710077967,552325.5813953489,25.0,2500.0,58.62144166670863,0,0
apartamento,4700000,53.0,1,2,1,alejandria,6.199336051940918,-75.57052612304688,4,13.25,48842.610337435945,852482.6560951438,53.0,2809.0,83.49764646735697,1,1
apartamento,6850000,73.0,2,2,2,alejandria,6.200544357299805,-75.5698013305664,6,12.166666666666666,48842.610337435945,852482.6560951438,36.5,5329.0,83.49764646735697,1,4
apartamento,3900000,82.0,3,2,1,la loma de los bernal,6.2178120613098145,-75.60408020019531,6,13.666666666666666,40721.08579809159,584155.2990556138,27.333333333333332,6724.0,69.61370005095546,1,1
apartamento,3450000,50.0,1,1,1,el tesoro,6.202657699584961,-75.55547332763672,3,16.666666666666668,46307.752975324685,855149.2240350179,50.0,2500.0,79.1642453160979,1,1
apartamento,2550000,56.0,3,2,1,la hondonada,6.202782154083252,-75.60188293457031,6,9.333333333333334,35058.243727598565,399234.693877551,18.666666666666668,3136.0,59.93293192787884,1,1
apartamento,4200000,75.0,2,2,1,altos del poblado,6.20761,-75.55307,5,15.0,58495.7928802589,930019.3704600484,37.5,5625.0,100.0,1,1
apartamento,3500000,110.0,3,5,0,laureles,6.243113,-75.593804,8,13.75,37952.470484611345,680619.6840826245,36.666666666666664,12100.0,64.88068391909857,0,0
apartamento,7000000,98.0,2,5,0,laureles,6.2398835,-75.597507,7,14.0,37952.470484611345,680619.6840826245,49.0,9604.0,64.88068391909857,0,0
apartamento,2200000,36.0,1,1,1,las acacias,6.242225646972656,-75.60099792480469,3,12.0,34935.06493506493,672500.0,36.0,1296.0,59.7223547453697,1,1
apartamento,4500000,122.0,3,3,2,san lucas,6.180204391479492,-75.56617736816406,8,15.25,47354.22828936933,904097.3871733967,40.666666666666664,14884.0,80.95322066375543,1,4
apartamento,2350000,35.0,1,2,1,laureles,6.242885112762451,-75.5961685180664,4,8.75,37952.470484611345,680619.6840826245,35.0,1225.0,64.88068391909857,1,1
apartamento,8000000,130.0,2,2,2,san lucas,6.182570457458496,-75.5648193359375,6,21.666666666666668,47354.22828936933,904097.3871733967,65.0,16900.0,80.95322066375543,1,4
apartamento,4100000,70.0,2,2,1,san bernardo,6.225315570831299,-75.59536743164062,5,14.0,36813.18681318681,609090.9090909091,35.0,4900.0,62.933050396536274,1,1
apartamento,3700000,85.0,2,2,1,patio bonito,6.205358028411865,-75.57597351074219,5,17.0,43819.79935642627,741195.3041622199,42.5,7225.0,74.91102727015866,1,1
apartamento,2500000,65.0,2,2,1,rosales,6.23464298248291,-75.59039306640625,5,13.0,31678.50652568974,626633.9869281045,32.5,4225.0,54.15518786203267,1,1
apartamento,3150000,55.0,1,2,1,villa carlota,6.221945762634277,-75.57394409179688,4,13.75,54977.83356366141,748492.5201380898,55.0,3025.0,93.98596182156422,1,1
apartamento,3500000,70.0,2,2,1,castropol,6.216109752655029,-75.56694793701172,5,14.0,48917.86962109346,739745.95924104,35.0,4900.0,83.62630406810368,1,1
apartamento,2550000,68.0,2,2,1,asomadera no.1,6.224648952484131,-75.56100463867188,5,13.6,48571.57944764218,665557.1635311143,34.0,4624.0,83.03431247964855,1,1
apartamento,2900000,32.0,1,1,0,el velodromo,6.253677845001221,-75.5954818725586,2,16.0,33048.78048780488,624423.9631336406,32.0,1024.0,56.497704981033166,0,0
casa,8800000,260.0,5,5,1,fatima,6.234691,-75.584433,11,23.636363636363637,31102.18652387327,606086.9565217391,52.0,67600.0,53.16995461116248,1,1
apartamento,3800000,90.0,2,5,0,laureles,6.2425648,-75.5955057,7,12.857142857142858,37952.470484611345,680619.6840826245,45.0,8100.0,64.88068391909857,0,0
apartamento,3300000,80.0,2,2,1,el tesoro,6.203606,-75.554602,5,16.0,46307.752975324685,855149.2240350179,40.0,6400.0,79.1642453160979,1,1
apartamento,4500000,90.0,2,5,0,lalinde,6.2143308,-75.5656966,7,12.857142857142858,53427.21397778484,890320.987654321,45.0,8100.0,91.33513941276176,0,0
apartamento,6000000,90.0,2,5,0,lalinde,6.2143308,-75.5656966,7,12.857142857142858,53427.21397778484,890320.987654321,45.0,8100.0,91.33513941276176,0,0
apartamento,4400000,102.0,3,2,2,altos del poblado,6.2144045,-75.5569141,7,14.571428571428571,58495.7928802589,930019.3704600484,34.0,10404.0,100.0,1,4
apartamento,4400000,71.0,2,2,1,alejandria,6.198483467102051,-75.57054138183594,5,14.2,48842.610337435945,852482.6560951438,35.5,5041.0,83.49764646735697,1,1
apartamento,4200000,80.0,2,2,2,el diamante no.2,6.183945655822754,-75.572021484375,6,13.333333333333334,43639.65496971377,774744.3419949707,40.0,6400.0,74.60306600005285,1,4
apartamento,3650000,78.0,2,2,1,santa maria de los angeles,6.1879754066467285,-75.57782745361328,5,15.6,47391.397443391514,760224.6376811594,39.0,6084.0,81.01676224887126,1,1
apartamento,3500000,90.0,3,2,1,laureles,6.241636276245117,-75.59793090820312,6,15.0,37952.470484611345,680619.6840826245,30.0,8100.0,64.88068391909857,1,1
apartamento,4400000,49.0,1,1,1,villa carlota,6.2241106033325195,-75.5743408203125,3,16.333333333333332,54977.83356366141,748492.5201380898,49.0,2401.0,93.98596182156422,1,1
apartamento,2800000,65.0,3,2,1,cuarta brigada,6.26264941,-75.58906529,6,10.833333333333334,37951.80722891566,504000.0,21.666666666666668,4225.0,64.87955006713585,1,1
apartamento,2800000,50.0,1,1,1,lalinde,6.212853908538818,-75.5667495727539,3,16.666666666666668,53427.21397778484,890320.987654321,50.0,2500.0,91.33513941276176,1,1
apartamento,2700000,60.0,2,1,1,los conquistadores,6.244326591491699,-75.5827407836914,4,15.0,30995.98034836981,625225.2252252252,30.0,3600.0,52.98839253588492,1,1
apartamento,2100000,60.0,2,2,0,calasanz,6.266057014465332,-75.59782409667969,4,15.0,32548.10882548109,537043.795620438,30.0,3600.0,55.64179443145114,0,0
apartamento,2650000,73.0,2,2,1,florida nueva,6.251593589782715,-75.58879852294922,5,14.6,34915.907498248074,668791.9463087248,36.5,5329.0,59.68960463485137,1,1
apartamento,3700000,60.0,2,2,1,alejandria,6.199948787689209,-75.56999206542969,5,12.0,48842.610337435945,852482.6560951438,30.0,3600.0,83.49764646735697,1,1
apartamento,3930000,77.0,2,2,2,los balsos no.2,6.19602,-75.5704,6,12.833333333333334,47300.9517913736,836162.823200559,38.5,5929.0,80.86214317702954,1,4
apartamento,2550000,90.0,3,2,0,la floresta,6.25472635,-75.60126803,5,18.0,27946.058091286308,552049.1803278689,30.0,8100.0,47.77447524900123,0,0
apartamento,4200000,69.0,1,2,2,el castillo,6.19139,-75.56947,5,13.8,56343.83279364145,907109.0047393364,69.0,4761.0,96.32117118059666,1,4
apartamento,2100000,90.0,4,1,0,altavista,6.22620906,-75.60341797,5,18.0,27468.581687612208,463636.36363636365,22.5,8100.0,46.958217565903404,0,0
apartamento,1810000,54.0,2,1,0,belencito,6.2522181,-75.6161027,3,18.0,27244.897959183672,667500.0,27.0,2916.0,46.5758247177777,0,0
apartamento,4600000,49.0,1,1,1,el tesoro,6.19861,-75.55696,3,16.333333333333332,46307.752975324685,855149.2240350179,49.0,2401.0,79.1642453160979,1,1
apartamento,3000000,60.0,2,2,2,el tesoro,6.20151,-75.56188,6,10.0,46307.752975324685,855149.2240350179,30.0,3600.0,79.1642453160979,1,4
casa,9700000,280.0,3,4,2,la florida,6.200997829437256,-75.5654067993164,9,31.11111111111111,45025.656955191065,832086.513994911,93.33333333333333,78400.0,76.97247056272704,1,4
apartamento,2900000,32.0,1,1,0,el velodromo,6.253677845001221,-75.5954818725586,2,16.0,33048.78048780488,624423.9631336406,32.0,1024.0,56.497704981033166,0,0
apartamento,3650000,86.0,3,2,1,granada,6.230175495147705,-75.59104919433594,6,14.333333333333334,26254.6468401487,553921.568627451,28.666666666666668,7396.0,44.88296601755968,1,1
apartamento,3600000,30.0,1,1,1,el tesoro,6.203786849975586,-75.55533599853516,3,10.0,46307.752975324685,855149.2240350179,30.0,900.0,79.1642453160979,1,1
apartamento,3200000,90.0,3,2,1,la gloria,6.224069595336914,-75.60259246826172,6,15.0,34291.07710077967,552325.5813953489,30.0,8100.0,58.62144166670863,1,1
apartamento,3100000,95.0,3,2,1,la castellana,6.24029926,-75.60781177,6,15.833333333333334,32305.993690851734,627000.0,31.666666666666668,9025.0,55.22789264004374,1,1
apartamento,1950000,30.0,1,1,0,las acacias,6.240963935852051,-75.60116577148438,2,15.0,34935.06493506493,672500.0,30.0,900.0,59.7223547453697,0,0
apartamento,2600000,85.0,3,2,1,la mota,6.209928512573242,-75.59856414794922,6,14.166666666666666,31054.252952250557,508263.3053221289,28.333333333333332,7225.0,53.08801098878807,1,1
apartamento,5100000,104.0,2,3,2,las palmas,6.21579647064209,-75.55227661132812,7,14.857142857142858,44135.83717530642,781094.527363184,52.0,10816.0,75.45130171267638,1,4
apartamento,2550000,35.0,1,1,1,la aguacatala,6.199008464813232,-75.577880859375,3,11.666666666666666,51442.75043487159,795490.506329114,35.0,1225.0,87.9426500640398,1,1
apartamento,7650000,75.0,2,2,1,la florida,6.205962657928467,-75.56306457519531,5,15.0,45025.656955191065,832086.513994911,37.5,5625.0,76.97247056272704,1,1
apartamento,3600000,105.0,3,3,0,carlos e. restrepo,6.258472,-75.580795,6,17.5,32596.68508287293,561904.7619047619,35.0,11025.0,55.72483674099171,0,0
apartamento,3000000,73.0,2,2,1,el nogal-los almendros,6.23856978,-75.59515292,5,14.6,31931.988041853514,623722.6277372263,36.5,5329.0,54.5885207628836,1,1
apartamento,3950000,100.0,3,3,2,el diamante no.2,6.18452,-75.57648,8,12.5,43639.65496971377,774744.3419949707,33.333333333333336,10000.0,74.60306600005285,1,4
apartamento,2300000,68.0,2,1,0,san joaquin,6.24646,-75.58504,3,22.666666666666668,32753.58855757907,569436.2017804154,34.0,4624.0,55.9930670990746,0,0
casa,2300000,123.0,3,3,0,la pilarica,6.27642391,-75.58914977,6,20.5,30057.95574288725,528240.7407407408,41.0,15129.0,51.38481634810215,0,0
apartamento,4550000,118.0,3,4,1,la aguacatala,6.1973940818,-75.5756398388,8,14.75,51442.75043487159,795490.506329114,39.333333333333336,13924.0,87.9426500640398,1,1
apartamento,1850000,70.0,3,2,0,boston,6.24935706,-75.56020603,5,14.0,28429.680759275238,599090.9090909091,23.333333333333332,4900.0,48.60124012246641,0,0
apartamento,2600000,70.0,2,2,0,calasanz,6.26607945,-75.5978333,4,17.5,32548.10882548109,537043.795620438,35.0,4900.0,55.64179443145114,0,0
apartamento,2100000,50.0,2,1,0,calasanz,6.26607945,-75.5978333,3,16.666666666666668,32548.10882548109,537043.795620438,25.0,2500.0,55.64179443145114,0,0
apartamento,3400000,65.0,1,2,1,castropol,6.223730087280273,-75.56568908691406,4,16.25,48917.86962109346,739745.95924104,65.0,4225.0,83.62630406810368,1,1
apartamento,3600000,30.0,1,1,1,la aguacatala,6.198245525360107,-75.57792663574219,3,10.0,51442.75043487159,795490.506329114,30.0,900.0,87.9426500640398,1,1
apartamento,3250000,47.0,1,2,1,villa carlota,6.218269348144531,-75.57412719726562,4,11.75,54977.83356366141,748492.5201380898,47.0,2209.0,93.98596182156422,1,1
apartamento,8000000,65.0,2,2,1,el diamante no.2,6.1889503,-75.57718,5,13.0,43639.65496971377,774744.3419949707,32.5,4225.0,74.60306600005285,1,1
apartamento,3800000,62.0,1,2,1,patio bonito,6.2059645652771,-75.57164764404297,4,15.5,43819.79935642627,741195.3041622199,62.0,3844.0,74.91102727015866,1,1
apartamento,1600000,62.0,2,2,0,la america,6.25098283,-75.60760505,4,15.5,26048.171275646742,423188.40579710144,31.0,3844.0,44.529990949891804,0,0
apartamento,7100000,200.0,3,4,2,la florida,6.205812931060791,-75.56632995605469,9,22.22222222222222,45025.656955191065,832086.513994911,66.66666666666667,40000.0,76.97247056272704,1,4
apartamento,4950000,55.0,1,2,1,alejandria,6.199336051940918,-75.57052612304688,4,13.75,48842.610337435945,852482.6560951438,55.0,3025.0,83.49764646735697,1,1
apartamento,2600000,70.0,3,1,0,la floresta,6.2550368309021,-75.60304260253906,4,17.5,27946.058091286308,552049.1803278689,23.333333333333332,4900.0,47.77447524900123,0,0
apartamento,3650000,84.0,3,2,1,santa maria de los angeles,6.1879754066467285,-75.57782745361328,6,14.0,47391.397443391514,760224.6376811594,28.0,7056.0,81.01676224887126,1,1
apartamento,4350000,87.0,1,2,2,santa maria de los angeles,6.186781883239746,-75.57940673828125,5,17.4,47391.397443391514,760224.6376811594,87.0,7569.0,81.01676224887126,1,4
apartamento,1190000,33.0,1,1,0,villa nueva,6.2524157,-75.56019501,2,16.5,36060.606060606064,595000.0,33.0,1089.0,61.64649504695535,0,0
apartamento,7500000,75.0,2,2,1,asomadera no.2,6.2242843,-75.5620017,5,15.0,51821.74887892377,772562.6740947075,37.5,5625.0,88.59055724742987,1,1
apartamento,8500000,170.0,3,5,2,el poblado,6.210293,-75.566517,10,17.0,51331.92389006342,930592.3344947735,56.666666666666664,28900.0,87.7531893535319,1,4
apartamento,2300000,60.0,3,5,0,el chagualo,6.2608641,-75.5710632,8,7.5,24598.930481283423,353846.1538461539,20.0,3600.0,42.052478084428266,0,0
apartamento,8000000,174.0,2,3,2,los balsos no.2,6.19645,-75.56778,7,24.857142857142858,47300.9517913736,836162.823200559,87.0,30276.0,80.86214317702954,1,4
apartamento,1400000,45.0,2,1,0,santa margarita,6.27424472,-75.6184708,3,15.0,31111.11111111111,466666.6666666667,22.5,2025.0,53.185211413059506,0,0
apartamento,2500000,72.0,3,2,0,san joaquin,6.24646,-75.58504,5,14.4,32753.58855757907,569436.2017804154,24.0,5184.0,55.9930670990746,0,0
apartamento,4900000,81.0,2,2,1,altos del poblado,6.2173366,-75.5555702,5,16.2,58495.7928802589,930019.3704600484,40.5,6561.0,100.0,1,1
apartamento,3300000,135.0,4,2,1,laureles,6.24508,-75.59286,7,19.285714285714285,37952.470484611345,680619.6840826245,33.75,18225.0,64.88068391909857,1,1
apartamento,4500000,88.0,1,2,2,los balsos no.1,6.188079833984375,-75.55982208251953,5,17.6,48115.75526148983,871145.722446916,88.0,7744.0,82.2550697961868,1,4
apartamento,5350000,105.0,2,2,2,santa maria de los angeles,6.190206050872803,-75.57931518554688,6,17.5,47391.397443391514,760224.6376811594,52.5,11025.0,81.01676224887126,1,4
apartamento,4200000,114.0,3,2,2,el diamante no.2,6.183802604675293,-75.5772476196289,7,16.285714285714285,43639.65496971377,774744.3419949707,38.0,12996.0,74.60306600005285,1,4
apartamento,2750000,44.0,1,1,1,santa maria de los angeles,6.189105033874512,-75.57966613769531,3,14.666666666666666,47391.397443391514,760224.6376811594,44.0,1936.0,81.01676224887126,1,1
apartamento,1700000,65.0,2,1,0,la palma,6.230932235717773,-75.60388946533203,3,21.666666666666668,30263.43970871707,611688.3116883116,32.5,4225.0,51.73609625339456,0,0
apartamento,3700000,76.0,2,2,1,la palma,6.229527950286865,-75.6026382446289,5,15.2,30263.43970871707,611688.3116883116,38.0,5776.0,51.73609625339456,1,1
apartamento,1700000,60.0,2,1,0,la palma,6.230932235717773,-75.60388946533203,3,20.0,30263.43970871707,611688.3116883116,30.0,3600.0,51.73609625339456,0,0
apartamento,1600000,45.0,1,1,0,parque juan pablo ii,6.22905457,-75.59097866,2,22.5,27428.571428571428,480000.0,45.0,2025.0,46.88981904171777,0,0
apartamento,2600000,114.0,3,2,0,la america,6.24906802,-75.60609957,5,22.8,26048.171275646742,423188.40579710144,38.0,12996.0,44.529990949891804,0,0
apartamento,8500000,260.0,4,5,3,la florida,6.20595,-75.56874,12,21.666666666666668,45025.656955191065,832086.513994911,65.0,67600.0,76.97247056272704,1,9
casa,7900000,300.0,5,2,1,los colores,6.26904729,-75.59442769,8,37.5,34639.764996907856,599064.1711229946,60.0,90000.0,59.21753222118996,1,1
apartamento,2100000,85.0,4,2,0,altavista,6.22526,-75.60563,6,14.166666666666666,27468.581687612208,463636.36363636365,21.25,7225.0,46.958217565903404,0,0
apartamento,2800000,87.0,3,2,1,santa rosa de lima,6.2626635,-75.6058172,6,14.5,32183.908045977012,466666.6666666667,29.0,7569.0,55.019184220406395,1,1
apartamento,3500000,90.0,3,2,1,asomadera no.1,6.22678,-75.56396,6,15.0,48571.57944764218,665557.1635311143,30.0,8100.0,83.03431247964855,1,1
apartamento,3600000,87.0,3,2,1,la loma de los bernal,6.21847,-75.60343,6,14.5,40721.08579809159,584155.2990556138,29.0,7569.0,69.61370005095546,1,1
apartamento,3550000,110.0,3,2,3,alejandria,6.200228214263916,-75.56653594970703,8,13.75,48842.610337435945,852482.6560951438,36.666666666666664,12100.0,83.49764646735697,1,9
apartamento,2650000,44.0,1,1,1,villa carlota,6.218269348144531,-75.57412719726562,3,14.666666666666666,54977.83356366141,748492.5201380898,44.0,1936.0,93.98596182156422,1,1
apartamento,2300000,80.0,2,2,0,rosales,6.234897136688232,-75.59054565429688,4,20.0,31678.50652568974,626633.9869281045,40.0,6400.0,54.15518786203267,0,0
apartamento,3700000,98.0,3,2,1,simon bolivar,6.24513033,-75.60399171,6,16.333333333333332,28965.474716228782,659298.245614035,32.666666666666664,9604.0,49.51719310057257,1,1
apartamento,8000000,78.0,1,1,2,los balsos no.1,6.19339296,-75.56223271,4,19.5,48115.75526148983,871145.722446916,78.0,6084.0,82.2550697961868,1,4
apartamento,7500000,70.0,2,2,1,asomadera no.1,6.2268747,-75.5636339,5,14.0,48571.57944764218,665557.1635311143,35.0,4900.0,83.03431247964855,1,1
apartamento,8100000,110.0,3,3,2,castropol,6.215575218200684,-75.56543731689453,8,13.75,48917.86962109346,739745.95924104,36.666666666666664,12100.0,83.62630406810368,1,4
apartamento,3000000,65.0,1,2,1,belen rincon,6.21546,-75.60566,4,16.25,42767.5585284281,568333.3333333334,65.0,4225.0,73.11219563426286,1,1
apartamento,3650000,220.0,3,0,0,florida nueva,6.251626,-75.5892309,3,73.33333333333333,34915.907498248074,668791.9463087248,73.33333333333333,48400.0,59.68960463485137,0,0
apartamento,3500000,50.0,1,1,0,laureles,6.24006926,-75.59668503,2,25.0,37952.470484611345,680619.6840826245,50.0,2500.0,64.88068391909857,0,0
apartamento,4300000,80.0,3,2,1,villa carlota,6.222939491271973,-75.57369995117188,6,13.333333333333334,54977.83356366141,748492.5201380898,26.666666666666668,6400.0,93.98596182156422,1,1
apartamento,5200000,73.0,1,2,1,la florida,6.20418119430542,-75.56645202636719,4,18.25,45025.656955191065,832086.513994911,73.0,5329.0,76.97247056272704,1,1
apartamento,4700000,33.0,1,1,1,la florida,6.205695152282715,-75.56403350830078,3,11.0,45025.656955191065,832086.513994911,33.0,1089.0,76.97247056272704,1,1
apartamento,1650000,35.0,1,1,0,santa monica,6.24699449,-75.61460076,2,17.5,33578.94736842105,543750.0,35.0,1225.0,57.40403833341875,0,0
apartamento,3550000,55.0,3,2,0,laureles,6.242639064788818,-75.59794616699219,5,11.0,37952.470484611345,680619.6840826245,18.333333333333332,3025.0,64.88068391909857,0,0
apartamento,4650000,79.0,2,2,1,el diamante no.2,6.184717178344727,-75.57037353515625,5,15.8,43639.65496971377,774744.3419949707,39.5,6241.0,74.60306600005285,1,1
apartamento,6150000,79.0,2,2,1,el diamante no.2,6.184717178344727,-75.57037353515625,5,15.8,43639.65496971377,774744.3419949707,39.5,6241.0,74.60306600005285,1,1
apartamento,3400000,89.0,2,2,1,el nogal-los almendros,6.237423896789551,-75.59647369384766,5,17.8,31931.988041853514,623722.6277372263,44.5,7921.0,54.5885207628836,1,1
apartamento,3500000,54.0,1,2,1,alejandria,6.199377536773682,-75.56746673583984,4,13.5,48842.610337435945,852482.6560951438,54.0,2916.0,83.49764646735697,1,1
apartamento,4600000,255.0,4,4,1,el velodromo,6.2574,-75.59729,9,28.333333333333332,33048.78048780488,624423.9631336406,63.75,65025.0,56.497704981033166,1,1
apartamento,2300000,30.0,1,1,1,la palma,6.229538440704346,-75.6022720336914,3,10.0,30263.43970871707,611688.3116883116,30.0,900.0,51.73609625339456,1,1
apartamento,2150000,70.0,2,2,0,miravalle,6.2345709800720215,-75.599853515625,4,17.5,42041.52249134948,650892.8571428572,35.0,4900.0,71.87101913022809,0,0
apartamento,3500000,75.0,3,2,1,villa carlota,6.22192,-75.57433,6,12.5,54977.83356366141,748492.5201380898,25.0,5625.0,93.98596182156422,1,1
apartamento,5650000,85.0,3,2,1,el castillo,6.192866802215576,-75.57124328613281,6,14.166666666666666,56343.83279364145,907109.0047393364,28.333333333333332,7225.0,96.32117118059666,1,1
apartamento,8000000,208.0,3,5,2,patio bonito,6.206061,-75.575702,10,20.8,43819.79935642627,741195.3041622199,69.33333333333333,43264.0,74.91102727015866,1,4
apartamento,2200000,96.0,2,2,0,prado,6.25987,-75.56002,4,24.0,28816.08339538347,604687.5,48.0,9216.0,49.261804954708616,0,0
apartamento,4800000,90.0,3,2,2,el tesoro,6.204034,-75.555486,7,12.857142857142858,46307.752975324685,855149.2240350179,30.0,8100.0,79.1642453160979,1,4
apartamento,2200000,36.0,1,1,0,la palma,6.229530334472656,-75.60255432128906,2,18.0,30263.43970871707,611688.3116883116,36.0,1296.0,51.73609625339456,0,0
apartamento,2500000,38.0,1,1,0,florida nueva,6.251488208770752,-75.59112548828125,2,19.0,34915.907498248074,668791.9463087248,38.0,1444.0,59.68960463485137,0,0
apartamento,2200000,36.0,1,1,0,la palma,6.229894161224365,-75.60283660888672,2,18.0,30263.43970871707,611688.3116883116,36.0,1296.0,51.73609625339456,0,0
casa,4000000,200.0,3,2,4,la milagrosa,6.23724,-75.55607,9,22.22222222222222,20000.0,444444.44444444444,66.66666666666667,40000.0,34.190493051252545,1,16
apartamento,9000000,140.0,3,3,2,manila,6.212842,-75.570031,8,17.5,48813.76037959668,888129.4964028777,46.666666666666664,19600.0,83.44832675320535,1,4
apartamento,6200000,138.0,3,3,1,santa maria de los angeles,6.19247,-75.57741,7,19.714285714285715,47391.397443391514,760224.6376811594,46.0,19044.0,81.01676224887126,1,1
apartamento,5450000,145.0,3,4,1,el nogal-los almendros,6.23773,-75.59984,8,18.125,31931.988041853514,623722.6277372263,48.333333333333336,21025.0,54.5885207628836,1,1
apartamento,9300000,180.0,3,4,3,la florida,6.2041192054748535,-75.56975555419922,10,18.0,45025.656955191065,832086.513994911,60.0,32400.0,76.97247056272704,1,9
apartamento,6500000,57.0,1,1,1,patio bonito,6.2038866848,-75.573338194,3,19.0,43819.79935642627,741195.3041622199,57.0,3249.0,74.91102727015866,1,1
apartamento,1700000,40.0,2,1,1,barrio cristobal,6.24756271,-75.60983953,4,10.0,27092.70927092709,578846.1538461539,20.0,1600.0,46.315654403361904,1,1
apartamento,5100000,170.0,3,2,2,la florida,6.204303741455078,-75.57015991210938,7,24.285714285714285,45025.656955191065,832086.513994911,56.666666666666664,28900.0,76.97247056272704,1,4
apartamento,4200000,150.0,3,3,2,manila,6.2114577293396,-75.57181549072266,8,18.75,48813.76037959668,888129.4964028777,50.0,22500.0,83.44832675320535,1,4
apartamento,1800000,30.0,1,1,0,la palma,6.229527950286865,-75.6026382446289,2,15.0,30263.43970871707,611688.3116883116,30.0,900.0,51.73609625339456,0,0
apartamento,4100000,105.0,3,2,1,el nogal-los almendros,6.237283706665039,-75.59872436523438,6,17.5,31931.988041853514,623722.6277372263,35.0,11025.0,54.5885207628836,1,1
apartamento,5200000,87.0,2,2,1,los balsos no.1,6.186812877655029,-75.56169128417969,5,17.4,48115.75526148983,871145.722446916,43.5,7569.0,82.2550697961868,1,1
apartamento,2200000,83.0,3,2,0,el velodromo,6.25136569,-75.5953758,5,16.6,33048.78048780488,624423.9631336406,27.666666666666668,6889.0,56.497704981033166,0,0
apartamento,4000000,90.0,3,2,1,laureles,6.2477192878723145,-75.59532928466797,6,15.0,37952.470484611345,680619.6840826245,30.0,8100.0,64.88068391909857,1,1
apartamento,4500000,68.0,3,2,1,villa carlota,6.2224297523498535,-75.57136535644531,6,11.333333333333334,54977.83356366141,748492.5201380898,22.666666666666668,4624.0,93.98596182156422,1,1
apartamento,5800000,120.0,2,2,2,los balsos no.1,6.185309410095215,-75.5613784790039,6,20.0,48115.75526148983,871145.722446916,60.0,14400.0,82.2550697961868,1,4
apartamento,5650000,90.0,3,2,1,los naranjos,6.193807601928711,-75.56258392333984,6,15.0,49565.6761295771,827000.8873114464,30.0,8100.0,84.733745264447,1,1
apartamento,1800000,30.0,1,1,0,la palma,6.2292046546936035,-75.60244750976562,2,15.0,30263.43970871707,611688.3116883116,30.0,900.0,51.73609625339456,0,0
apartamento,7800000,147.0,3,3,2,san lucas,6.184329509735107,-75.56351470947266,8,18.375,47354.22828936933,904097.3871733967,49.0,21609.0,80.95322066375543,1,4
apartamento,7200000,175.0,3,3,1,el tesoro,6.205353736877441,-75.5582046508789,7,25.0,46307.752975324685,855149.2240350179,58.333333333333336,30625.0,79.1642453160979,1,1
apartamento,6500000,149.0,3,2,2,alejandria,6.199942111968994,-75.56634521484375,7,21.285714285714285,48842.610337435945,852482.6560951438,49.666666666666664,22201.0,83.49764646735697,1,4
apartamento,8000000,105.0,3,2,1,asomadera no.2,6.2200345423,-75.5599398352,6,17.5,51821.74887892377,772562.6740947075,35.0,11025.0,88.59055724742987,1,1
apartamento,4500000,95.0,3,2,2,laureles,6.245896,-75.595879,7,13.571428571428571,37952.470484611345,680619.6840826245,31.666666666666668,9025.0,64.88068391909857,1,4
apartamento,2600000,90.0,3,2,1,estadio,6.25981,-75.59711,6,15.0,28935.940737376888,589306.3583815029,30.0,8100.0,49.466704035636994,1,1
apartamento,6300000,112.0,3,3,4,laureles,6.2419995,-75.5958328,10,11.2,37952.470484611345,680619.6840826245,37.333333333333336,12544.0,64.88068391909857,1,16
apartamento,3700000,50.0,1,2,1,miravalle,6.234140872955322,-75.59971618652344,4,12.5,42041.52249134948,650892.8571428572,50.0,2500.0,71.87101913022809,1,1
apartamento,4950000,105.0,3,2,1,el diamante no.2,6.182684898376465,-75.5721664428711,6,17.5,43639.65496971377,774744.3419949707,35.0,11025.0,74.60306600005285,1,1
apartamento,8500000,125.0,2,3,2,santa maria de los angeles,6.1900376,-75.5793401,7,17.857142857142858,47391.397443391514,760224.6376811594,62.5,15625.0,81.01676224887126,1,4
apartamento,6800000,63.0,1,1,1,san lucas,6.1806623,-75.5624414,3,21.0,47354.22828936933,904097.3871733967,63.0,3969.0,80.95322066375543,1,1
apartamento,7500000,200.0,3,2,2,los balsos no.1,6.1884012,-75.563345,7,28.571428571428573,48115.75526148983,871145.722446916,66.66666666666667,40000.0,82.2550697961868,1,4
apartamento,7000000,133.0,2,2,1,el poblado,6.21151781,-75.56994128,5,26.6,51331.92389006342,930592.3344947735,66.5,17689.0,87.7531893535319,1,1
apartamento,3800000,98.0,3,2,1,alejandria,6.201299667358398,-75.5689697265625,6,16.333333333333332,48842.610337435945,852482.6560951438,32.666666666666664,9604.0,83.49764646735697,1,1
apartamento,6000000,75.0,2,2,1,las palmas,6.2409736,-75.5648246,5,15.0,44135.83717530642,781094.527363184,37.5,5625.0,75.45130171267638,1,1
apartamento,6000000,160.0,3,3,2,las lomas no.1,6.208310604095459,-75.55960083007812,8,20.0,42753.43481316735,816268.3823529412,53.333333333333336,25600.0,73.08805079483885,1,4
apartamento,9800000,100.0,2,2,1,san lucas,6.1799446,-75.5640593,5,20.0,47354.22828936933,904097.3871733967,50.0,10000.0,80.95322066375543,1,1
apartamento,5100000,115.0,3,4,1,laureles,6.243520259857178,-75.59516143798828,8,14.375,37952.470484611345,680619.6840826245,38.333333333333336,13225.0,64.88068391909857,1,1
apartamento,2750000,70.0,3,2,1,la palma,6.229527950286865,-75.6026382446289,6,11.666666666666666,30263.43970871707,611688.3116883116,23.333333333333332,4900.0,51.73609625339456,1,1
apartamento,4900000,105.0,2,2,2,los balsos no.1,6.186496734619141,-75.56123352050781,6,17.5,48115.75526148983,871145.722446916,52.5,11025.0,82.2550697961868,1,4
apartamento,3850000,90.0,2,2,1,la florida,6.206177234649658,-75.56554412841797,5,18.0,45025.656955191065,832086.513994911,45.0,8100.0,76.97247056272704,1,1
apartamento,4050000,67.0,2,2,1,asomadera no.2,6.216342926025391,-75.5631332397461,5,13.4,51821.74887892377,772562.6740947075,33.5,4489.0,88.59055724742987,1,1
apartamento,4100000,100.0,2,2,1,la loma de los bernal,6.217579364776611,-75.60416412353516,5,20.0,40721.08579809159,584155.2990556138,50.0,10000.0,69.61370005095546,1,1
apartamento,6500000,165.0,4,4,2,las lomas no.1,6.207596778869629,-75.56166076660156,10,16.5,42753.43481316735,816268.3823529412,41.25,27225.0,73.08805079483885,1,4
apartamento,9000000,87.0,2,3,2,la florida,6.2006361139,-75.5648088169,7,12.428571428571429,45025.656955191065,832086.513994911,43.5,7569.0,76.97247056272704,1,4
apartamento,2450000,35.0,1,1,1,laureles,6.243419170379639,-75.59467315673828,3,11.666666666666666,37952.470484611345,680619.6840826245,35.0,1225.0,64.88068391909857,1,1
apartamento,2300000,60.0,3,2,0,lorena,6.24867,-75.599712,5,12.0,35721.295387634935,652329.7491039427,20.0,3600.0,61.06643508663359,0,0
apartamento,3600000,75.0,3,2,1,ferrini,6.26873713,-75.59812864,6,12.5,34752.10477081384,530714.2857142857,25.0,5625.0,59.40957983414555,1,1
apartamento,2300000,60.0,3,2,0,lorena,6.24867,-75.599712,5,12.0,35721.295387634935,652329.7491039427,20.0,3600.0,61.06643508663359,0,0
apartamento,8000000,90.0,2,3,2,lalinde,6.2131839805,-75.5678134784,7,12.857142857142858,53427.21397778484,890320.987654321,45.0,8100.0,91.33513941276176,1,4
apartamento,8500000,110.0,2,2,0,castropol,6.21504941,-75.56538599,4,27.5,48917.86962109346,739745.95924104,55.0,12100.0,83.62630406810368,0,0
apartamento,9000000,82.0,2,2,2,las palmas,6.2386625,-75.564787,6,13.666666666666666,44135.83717530642,781094.527363184,41.0,6724.0,75.45130171267638,1,4
apartamento,1800000,50.0,2,2,0,la floresta,6.25354,-75.60273,4,12.5,27946.058091286308,552049.1803278689,25.0,2500.0,47.77447524900123,0,0
apartamento,9500000,150.0,3,3,2,san lucas,6.1799446,-75.5640593,8,18.75,47354.22828936933,904097.3871733967,50.0,22500.0,80.95322066375543,1,4
apartamento,6000000,150.0,3,3,2,san lucas,6.1799446,-75.5640593,8,18.75,47354.22828936933,904097.3871733967,50.0,22500.0,80.95322066375543,1,4
apartamento,6000000,60.0,2,1,1,bolivariana,6.2487952657,-75.5888772011,4,15.0,37400.24554941682,658648.6486486486,30.0,3600.0,63.936641778623724,1,1
apartamento,8800000,140.0,2,3,2,el tesoro,6.2070930978,-75.5587077141,7,20.0,46307.752975324685,855149.2240350179,70.0,19600.0,79.1642453160979,1,4
apartamento,2400000,137.0,4,3,1,la castellana,6.240710735321045,-75.60774993896484,8,17.125,32305.993690851734,627000.0,34.25,18769.0,55.22789264004374,1,1
apartamento,5500000,78.0,1,1,2,los balsos no.1,6.19339296,-75.56223271,4,19.5,48115.75526148983,871145.722446916,78.0,6084.0,82.2550697961868,1,4
apartamento,8000000,120.0,2,3,2,la florida,6.2012902982,-75.5646657654,7,17.142857142857142,45025.656955191065,832086.513994911,60.0,14400.0,76.97247056272704,1,4
apartamento,5400000,100.0,3,2,2,el tesoro,6.2041308,-75.5603488,7,14.285714285714286,46307.752975324685,855149.2240350179,33.333333333333336,10000.0,79.1642453160979,1,4
apartamento,8350000,220.0,3,4,2,los balsos no.1,6.1889027,-75.5671843,9,24.444444444444443,48115.75526148983,871145.722446916,73.33333333333333,48400.0,82.2550697961868,1,4
apartamento,9000000,138.0,3,3,3,castropol,6.2145805339,-75.5667436123,9,15.333333333333334,48917.86962109346,739745.95924104,46.0,19044.0,83.62630406810368,1,9
apartamento,7000000,128.0,3,3,2,el poblado,6.211043362,-75.57012502,8,16.0,51331.92389006342,930592.3344947735,42.666666666666664,16384.0,87.7531893535319,1,4
apartamento,3800000,110.0,3,2,1,las lomas no.1,6.21378,-75.56016,6,18.333333333333332,42753.43481316735,816268.3823529412,36.666666666666664,12100.0,73.08805079483885,1,1
apartamento,7500000,105.0,3,2,2,asomadera no.2,6.2242843,-75.5620017,7,15.0,51821.74887892377,772562.6740947075,35.0,11025.0,88.59055724742987,1,4
apartamento,2000000,65.0,2,2,0,el tesoro,6.20021,-75.56188,4,16.25,46307.752975324685,855149.2240350179,32.5,4225.0,79.1642453160979,0,0
apartamento,3500000,90.0,4,2,1,castropol,6.217605113983154,-75.56673431396484,7,12.857142857142858,48917.86962109346,739745.95924104,22.5,8100.0,83.62630406810368,1,1
apartamento,7500000,117.0,3,3,2,san lucas,6.1867867476,-75.5675993672,8,14.625,47354.22828936933,904097.3871733967,39.0,13689.0,80.95322066375543,1,4
apartamento,3000000,86.0,2,2,1,el diamante no.2,6.184483528137207,-75.57669067382812,5,17.2,43639.65496971377,774744.3419949707,43.0,7396.0,74.60306600005285,1,1
apartamento,6000000,85.0,3,2,1,santa maria de los angeles,6.1933994,-75.5775537,6,14.166666666666666,47391.397443391514,760224.6376811594,28.333333333333332,7225.0,81.01676224887126,1,1
apartamento,9000000,245.0,4,4,1,san diego,6.2322903,-75.5676977,9,27.22222222222222,47227.322103995706,654899.8185117968,61.25,60025.0,80.73627141129654,1,1
apartamento,2100000,90.0,3,2,0,san javier no.2,6.25821802,-75.61483024,5,18.0,28571.428571428572,400000.0,30.0,8100.0,48.84356150178935,0,0
apartamento,3600000,81.0,2,2,0,altos del poblado,6.21557696,-75.55498565,4,20.25,58495.7928802589,930019.3704600484,40.5,6561.0,100.0,0,0
casa,3000000,135.0,3,2,0,simon bolivar,6.24448,-75.60454,5,27.0,28965.474716228782,659298.245614035,45.0,18225.0,49.51719310057257,0,0
apartamento,3000000,60.0,3,2,1,san cristobal,6.26979033,-75.60738907,6,10.0,38232.46878001921,545205.4794520548,20.0,3600.0,65.35934790777384,1,1
apartamento,6500000,129.0,3,2,1,santa maria de los angeles,6.1889222159,-75.5795311294,6,21.5,47391.397443391514,760224.6376811594,43.0,16641.0,81.01676224887126,1,1
